{
  "config": {
    "config_id": 6,
    "num_clients": 100,
    "num_rounds": 100,
    "num_byzantine": 20,
    "use_dp": true,
    "epsilon": 10.0,
    "delta": 1e-05,
    "use_fltrust": false,
    "use_topk": true,
    "topk_ratio": 0.01,
    "root_dataset_size": 200,
    "rescale_to_ref_norm": false
  },
  "results": {
    "elapsed_seconds": 862.3350813388824,
    "noise_multiplier": 1.4190673828125,
    "confusion_matrix": [
      [
        0,
        0,
        980,
        0,
        0,
        0,
        0,
        0,
        0,
        0
      ],
      [
        0,
        0,
        452,
        0,
        0,
        0,
        0,
        683,
        0,
        0
      ],
      [
        0,
        0,
        1019,
        0,
        0,
        0,
        0,
        13,
        0,
        0
      ],
      [
        0,
        0,
        978,
        0,
        0,
        0,
        0,
        32,
        0,
        0
      ],
      [
        0,
        0,
        919,
        0,
        0,
        0,
        0,
        63,
        0,
        0
      ],
      [
        0,
        0,
        871,
        0,
        0,
        0,
        0,
        21,
        0,
        0
      ],
      [
        0,
        0,
        954,
        0,
        0,
        0,
        0,
        4,
        0,
        0
      ],
      [
        0,
        0,
        498,
        0,
        0,
        0,
        0,
        530,
        0,
        0
      ],
      [
        0,
        0,
        929,
        0,
        0,
        0,
        0,
        39,
        6,
        0
      ],
      [
        0,
        0,
        738,
        0,
        0,
        0,
        0,
        271,
        0,
        0
      ]
    ],
    "per_class_scores": {
      "0": {
        "precision": 0.0,
        "recall": 0.0,
        "f1": 0.0
      },
      "1": {
        "precision": 0.0,
        "recall": 0.0,
        "f1": 0.0
      },
      "2": {
        "precision": 0.1222,
        "recall": 0.9874,
        "f1": 0.2175
      },
      "3": {
        "precision": 0.0,
        "recall": 0.0,
        "f1": 0.0
      },
      "4": {
        "precision": 0.0,
        "recall": 0.0,
        "f1": 0.0
      },
      "5": {
        "precision": 0.0,
        "recall": 0.0,
        "f1": 0.0
      },
      "6": {
        "precision": 0.0,
        "recall": 0.0,
        "f1": 0.0
      },
      "7": {
        "precision": 0.32,
        "recall": 0.5156,
        "f1": 0.3949
      },
      "8": {
        "precision": 1.0,
        "recall": 0.0062,
        "f1": 0.0122
      },
      "9": {
        "precision": 0.0,
        "recall": 0.0,
        "f1": 0.0
      }
    },
    "per_round": [
      {
        "round": 1,
        "loss": 2.303309704929876,
        "accuracy": 0.1042,
        "epsilon": 1.1833811021764808,
        "trust_scores": {}
      },
      {
        "round": 2,
        "loss": 2.302966855204524,
        "accuracy": 0.1045,
        "epsilon": 1.4725857909127926,
        "trust_scores": {}
      },
      {
        "round": 3,
        "loss": 2.302596796815769,
        "accuracy": 0.1047,
        "epsilon": 1.715869931478231,
        "trust_scores": {}
      },
      {
        "round": 4,
        "loss": 2.3021858462129536,
        "accuracy": 0.1048,
        "epsilon": 1.930978315691555,
        "trust_scores": {}
      },
      {
        "round": 5,
        "loss": 2.3017731337501597,
        "accuracy": 0.1049,
        "epsilon": 2.1260562148384152,
        "trust_scores": {}
      },
      {
        "round": 6,
        "loss": 2.3014100885238893,
        "accuracy": 0.1049,
        "epsilon": 2.306297693292848,
        "trust_scores": {}
      },
      {
        "round": 7,
        "loss": 2.301034277620407,
        "accuracy": 0.1052,
        "epsilon": 2.474705093647814,
        "trust_scores": {}
      },
      {
        "round": 8,
        "loss": 2.3006446948066688,
        "accuracy": 0.1052,
        "epsilon": 2.6335350364293046,
        "trust_scores": {}
      },
      {
        "round": 9,
        "loss": 2.3002837130817744,
        "accuracy": 0.1054,
        "epsilon": 2.784532847945277,
        "trust_scores": {}
      },
      {
        "round": 10,
        "loss": 2.2999512745549504,
        "accuracy": 0.1055,
        "epsilon": 2.928735982648985,
        "trust_scores": {}
      },
      {
        "round": 11,
        "loss": 2.299613941972629,
        "accuracy": 0.1055,
        "epsilon": 3.0672551064375253,
        "trust_scores": {}
      },
      {
        "round": 12,
        "loss": 2.299280216137822,
        "accuracy": 0.1057,
        "epsilon": 3.2005785258991915,
        "trust_scores": {}
      },
      {
        "round": 13,
        "loss": 2.2989100313034303,
        "accuracy": 0.1061,
        "epsilon": 3.3294529019991166,
        "trust_scores": {}
      },
      {
        "round": 14,
        "loss": 2.2985212665777235,
        "accuracy": 0.1068,
        "epsilon": 3.45438229464912,
        "trust_scores": {}
      },
      {
        "round": 15,
        "loss": 2.2981725607436303,
        "accuracy": 0.1068,
        "epsilon": 3.5759252886145414,
        "trust_scores": {}
      },
      {
        "round": 16,
        "loss": 2.2978727558550363,
        "accuracy": 0.1074,
        "epsilon": 3.6939059115746518,
        "trust_scores": {}
      },
      {
        "round": 17,
        "loss": 2.2975488082288553,
        "accuracy": 0.1079,
        "epsilon": 3.8089816326473267,
        "trust_scores": {}
      },
      {
        "round": 18,
        "loss": 2.297251304498496,
        "accuracy": 0.108,
        "epsilon": 3.9214014025212514,
        "trust_scores": {}
      },
      {
        "round": 19,
        "loss": 2.2969434276556435,
        "accuracy": 0.1088,
        "epsilon": 4.031374339347903,
        "trust_scores": {}
      },
      {
        "round": 20,
        "loss": 2.296626109284715,
        "accuracy": 0.1096,
        "epsilon": 4.139119428615305,
        "trust_scores": {}
      },
      {
        "round": 21,
        "loss": 2.2963033004309805,
        "accuracy": 0.1108,
        "epsilon": 4.244650046685206,
        "trust_scores": {}
      },
      {
        "round": 22,
        "loss": 2.2959751656261114,
        "accuracy": 0.1111,
        "epsilon": 4.347932511412008,
        "trust_scores": {}
      },
      {
        "round": 23,
        "loss": 2.2957201659108124,
        "accuracy": 0.1128,
        "epsilon": 4.449488418682974,
        "trust_scores": {}
      },
      {
        "round": 24,
        "loss": 2.2954119851414005,
        "accuracy": 0.1137,
        "epsilon": 4.5495760978008715,
        "trust_scores": {}
      },
      {
        "round": 25,
        "loss": 2.295102824799169,
        "accuracy": 0.1144,
        "epsilon": 4.647791714634483,
        "trust_scores": {}
      },
      {
        "round": 26,
        "loss": 2.294829639763878,
        "accuracy": 0.1164,
        "epsilon": 4.744301253321767,
        "trust_scores": {}
      },
      {
        "round": 27,
        "loss": 2.2945328208204274,
        "accuracy": 0.1184,
        "epsilon": 4.839939965773797,
        "trust_scores": {}
      },
      {
        "round": 28,
        "loss": 2.294265807246248,
        "accuracy": 0.1192,
        "epsilon": 4.933408952947504,
        "trust_scores": {}
      },
      {
        "round": 29,
        "loss": 2.2940013416278098,
        "accuracy": 0.122,
        "epsilon": 5.026159665177518,
        "trust_scores": {}
      },
      {
        "round": 30,
        "loss": 2.2937228877704365,
        "accuracy": 0.1246,
        "epsilon": 5.117292456603166,
        "trust_scores": {}
      },
      {
        "round": 31,
        "loss": 2.2934548154044836,
        "accuracy": 0.1281,
        "epsilon": 5.207549022428582,
        "trust_scores": {}
      },
      {
        "round": 32,
        "loss": 2.293237446215206,
        "accuracy": 0.1303,
        "epsilon": 5.296369582814583,