{
  "config": {
    "config_id": 6,
    "num_clients": 100,
    "num_rounds": 100,
    "num_byzantine": 20,
    "use_dp": true,
    "epsilon": 10.0,
    "delta": 1e-05,
    "use_fltrust": false,
    "use_topk": true,
    "topk_ratio": 0.1,
    "root_dataset_size": 200,
    "rescale_to_ref_norm": false
  },
  "results": {
    "elapsed_seconds": 1045.225032567978,
    "noise_multiplier": 1.4190673828125,
    "confusion_matrix": [
      [
        518,
        1,
        461,
        0,
        0,
        0,
        0,
        0,
        0,
        0
      ],
      [
        0,
        1050,
        85,
        0,
        0,
        0,
        0,
        0,
        0,
        0
      ],
      [
        4,
        8,
        1017,
        0,
        0,
        0,
        0,
        3,
        0,
        0
      ],
      [
        3,
        20,
        952,
        1,
        0,
        0,
        0,
        32,
        2,
        0
      ],
      [
        0,
        59,
        867,
        0,
        13,
        0,
        0,
        40,
        3,
        0
      ],
      [
        12,
        36,
        816,
        0,
        0,
        0,
        0,
        26,
        2,
        0
      ],
      [
        0,
        17,
        940,
        0,
        0,
        0,
        1,
        0,
        0,
        0
      ],
      [
        2,
        100,
        217,
        0,
        0,
        0,
        0,
        709,
        0,
        0
      ],
      [
        15,
        23,
        853,
        0,
        0,
        0,
        0,
        12,
        71,
        0
      ],
      [
        5,
        51,
        640,
        0,
        0,
        0,
        0,
        291,
        22,
        0
      ]
    ],
    "per_class_scores": {
      "0": {
        "precision": 0.9267,
        "recall": 0.5286,
        "f1": 0.6732
      },
      "1": {
        "precision": 0.7692,
        "recall": 0.9251,
        "f1": 0.84
      },
      "2": {
        "precision": 0.1485,
        "recall": 0.9855,
        "f1": 0.2581
      },
      "3": {
        "precision": 1.0,
        "recall": 0.001,
        "f1": 0.002
      },
      "4": {
        "precision": 1.0,
        "recall": 0.0132,
        "f1": 0.0261
      },
      "5": {
        "precision": 0.0,
        "recall": 0.0,
        "f1": 0.0
      },
      "6": {
        "precision": 1.0,
        "recall": 0.001,
        "f1": 0.0021
      },
      "7": {
        "precision": 0.637,
        "recall": 0.6897,
        "f1": 0.6623
      },
      "8": {
        "precision": 0.71,
        "recall": 0.0729,
        "f1": 0.1322
      },
      "9": {
        "precision": 0.0,
        "recall": 0.0,
        "f1": 0.0
      }
    },
    "per_round": [
      {
        "round": 1,
        "loss": 2.3017689130557613,
        "accuracy": 0.1047,
        "epsilon": 1.1833811021764808,
        "trust_scores": {}
      },
      {
        "round": 2,
        "loss": 2.2999797530067614,
        "accuracy": 0.1051,
        "epsilon": 1.4725857909127926,
        "trust_scores": {}
      },
      {
        "round": 3,
        "loss": 2.298223188509956,
        "accuracy": 0.1062,
        "epsilon": 1.715869931478231,
        "trust_scores": {}
      },
      {
        "round": 4,
        "loss": 2.296462062067879,
        "accuracy": 0.1095,
        "epsilon": 1.930978315691555,
        "trust_scores": {}
      },
      {
        "round": 5,
        "loss": 2.2948522567749023,
        "accuracy": 0.1147,
        "epsilon": 2.1260562148384152,
        "trust_scores": {}
      },
      {
        "round": 6,
        "loss": 2.2934361060206503,
        "accuracy": 0.1231,
        "epsilon": 2.306297693292848,
        "trust_scores": {}
      },
      {
        "round": 7,
        "loss": 2.292078618424388,
        "accuracy": 0.1376,
        "epsilon": 2.474705093647814,
        "trust_scores": {}
      },
      {
        "round": 8,
        "loss": 2.290866746689184,
        "accuracy": 0.1515,
        "epsilon": 2.6335350364293046,
        "trust_scores": {}
      },
      {
        "round": 9,
        "loss": 2.2897607487992357,
        "accuracy": 0.1638,
        "epsilon": 2.784532847945277,
        "trust_scores": {}
      },
      {
        "round": 10,
        "loss": 2.2886924621777034,
        "accuracy": 0.1724,
        "epsilon": 2.928735982648985,
        "trust_scores": {}
      },
      {
        "round": 11,
        "loss": 2.287647719581287,
        "accuracy": 0.1797,
        "epsilon": 3.0672551064375253,
        "trust_scores": {}
      },
      {
        "round": 12,
        "loss": 2.286608320455582,
        "accuracy": 0.1832,
        "epsilon": 3.2005785258991915,
        "trust_scores": {}
      },
      {
        "round": 13,
        "loss": 2.285583832774299,
        "accuracy": 0.1839,
        "epsilon": 3.3294529019991166,
        "trust_scores": {}
      },
      {
        "round": 14,
        "loss": 2.2845993712306405,
        "accuracy": 0.1798,
        "epsilon": 3.45438229464912,
        "trust_scores": {}
      },
      {
        "round": 15,
        "loss": 2.2835429301277137,
        "accuracy": 0.1765,
        "epsilon": 3.5759252886145414,
        "trust_scores": {}
      },
      {
        "round": 16,
        "loss": 2.2825946785009705,
        "accuracy": 0.1719,
        "epsilon": 3.6939059115746518,
        "trust_scores": {}
      },
      {
        "round": 17,
        "loss": 2.28167577749624,
        "accuracy": 0.1675,
        "epsilon": 3.8089816326473267,
        "trust_scores": {}
      },
      {
        "round": 18,
        "loss": 2.280780301688197,
        "accuracy": 0.1615,
        "epsilon": 3.9214014025212514,
        "trust_scores": {}
      },
      {
        "round": 19,
        "loss": 2.2797781933610812,
        "accuracy": 0.1591,
        "epsilon": 4.031374339347903,
        "trust_scores": {}
      },
      {
        "round": 20,
        "loss": 2.2788005179871385,
        "accuracy": 0.1558,
        "epsilon": 4.139119428615305,
        "trust_scores": {}
      },
      {
        "round": 21,
        "loss": 2.277796592194432,
        "accuracy": 0.1527,
        "epsilon": 4.244650046685206,
        "trust_scores": {}
      },
      {
        "round": 22,
        "loss": 2.2768629884567506,
        "accuracy": 0.1486,
        "epsilon": 4.347932511412008,
        "trust_scores": {}
      },
      {
        "round": 23,
        "loss": 2.2759783907820244,
        "accuracy": 0.1443,
        "epsilon": 4.449488418682974,
        "trust_scores": {}
      },
      {
        "round": 24,
        "loss": 2.2750532398589502,
        "accuracy": 0.1424,
        "epsilon": 4.5495760978008715,
        "trust_scores": {}
      },
      {
        "round": 25,
        "loss": 2.2740717528346246,
        "accuracy": 0.1454,
        "epsilon": 4.647791714634483,
        "trust_scores": {}
      },
      {
        "round": 26,
        "loss": 2.273160198626046,
        "accuracy": 0.1439,
        "epsilon": 4.744301253321767,
        "trust_scores": {}
      },
      {
        "round": 27,
        "loss": 2.272182610849984,
        "accuracy": 0.1417,
        "epsilon": 4.839939965773797,
        "trust_scores": {}
      },
      {
        "round": 28,
        "loss": 2.271183434385842,
        "accuracy": 0.1422,
        "epsilon": 4.933408952947504,
        "trust_scores": {}
      },
      {
        "round": 29,
        "loss": 2.270223443119671,
        "accuracy": 0.1407,
        "epsilon": 5.026159665177518,
        "trust_scores": {}
      },
      {
        "round": 30,
        "loss": 2.2692423704714058,
        "accuracy": 0.1396,
        "epsilon": 5.117292456603166,
        "trust_scores": {}
      },
      {
        "round": 31,
        "loss": 2.2681666136549685,
        "accuracy": 0.1409,
        "epsilon": 5.207549022428582,
        "trust_scores": {}
      },
      {
        "round": 32,
        "loss": 2.2671523429334353,
        "accuracy": 0.1409,