{
  "config": {
    "config_id": 6,
    "num_clients": 100,
    "num_rounds": 100,
    "num_byzantine": 20,
    "use_dp": true,
    "epsilon": 5.0,
    "delta": 1e-05,
    "use_fltrust": false,
    "use_topk": true,
    "topk_ratio": 0.1,
    "root_dataset_size": 200,
    "rescale_to_ref_norm": false
  },
  "results": {
    "elapsed_seconds": 816.8174965381622,
    "noise_multiplier": 2.33154296875,
    "confusion_matrix": [
      [
        568,
        1,
        411,
        0,
        0,
        0,
        0,
        0,
        0,
        0
      ],
      [
        0,
        1055,
        80,
        0,
        0,
        0,
        0,
        0,
        0,
        0
      ],
      [
        4,
        12,
        1014,
        0,
        0,
        0,
        0,
        2,
        0,
        0
      ],
      [
        3,
        28,
        945,
        1,
        0,
        0,
        0,
        31,
        2,
        0
      ],
      [
        0,
        65,
        865,
        0,
        11,
        0,
        0,
        38,
        3,
        0
      ],
      [
        15,
        47,
        805,
        0,
        0,
        0,
        0,
        23,
        2,
        0
      ],
      [
        0,
        18,
        939,
        0,
        0,
        0,
        1,
        0,
        0,
        0
      ],
      [
        2,
        117,
        212,
        0,
        0,
        0,
        0,
        697,
        0,
        0
      ],
      [
        12,
        25,
        858,
        0,
        0,
        0,
        0,
        14,
        65,
        0
      ],
      [
        4,
        61,
        641,
        0,
        0,
        0,
        0,
        282,
        21,
        0
      ]
    ],
    "per_class_scores": {
      "0": {
        "precision": 0.9342,
        "recall": 0.5796,
        "f1": 0.7154
      },
      "1": {
        "precision": 0.7383,
        "recall": 0.9295,
        "f1": 0.8229
      },
      "2": {
        "precision": 0.1498,
        "recall": 0.9826,
        "f1": 0.2599
      },
      "3": {
        "precision": 1.0,
        "recall": 0.001,
        "f1": 0.002
      },
      "4": {
        "precision": 1.0,
        "recall": 0.0112,
        "f1": 0.0222
      },
      "5": {
        "precision": 0.0,
        "recall": 0.0,
        "f1": 0.0
      },
      "6": {
        "precision": 1.0,
        "recall": 0.001,
        "f1": 0.0021
      },
      "7": {
        "precision": 0.6412,
        "recall": 0.678,
        "f1": 0.6591
      },
      "8": {
        "precision": 0.6989,
        "recall": 0.0667,
        "f1": 0.1218
      },
      "9": {
        "precision": 0.0,
        "recall": 0.0,
        "f1": 0.0
      }
    },
    "per_round": [
      {
        "round": 1,
        "loss": 2.3018458788387313,
        "accuracy": 0.1047,
        "epsilon": 0.48682589267148985,
        "trust_scores": {}
      },
      {
        "round": 2,
        "loss": 2.30016095265032,
        "accuracy": 0.1049,
        "epsilon": 0.6609023287152905,
        "trust_scores": {}
      },
      {
        "round": 3,
        "loss": 2.2984931925996044,
        "accuracy": 0.1059,
        "epsilon": 0.7990410277794993,
        "trust_scores": {}
      },
      {
        "round": 4,
        "loss": 2.2967515045080704,
        "accuracy": 0.1087,
        "epsilon": 0.9178840693598961,
        "trust_scores": {}
      },
      {
        "round": 5,
        "loss": 2.295117256359551,
        "accuracy": 0.1135,
        "epsilon": 1.0235484193858988,
        "trust_scores": {}
      },
      {
        "round": 6,
        "loss": 2.293673023248252,
        "accuracy": 0.1197,
        "epsilon": 1.1203480860036918,
        "trust_scores": {}
      },
      {
        "round": 7,
        "loss": 2.2922583258570954,
        "accuracy": 0.1338,
        "epsilon": 1.2102286354820635,
        "trust_scores": {}
      },
      {
        "round": 8,
        "loss": 2.291015346210224,
        "accuracy": 0.1465,
        "epsilon": 1.2955311620112626,
        "trust_scores": {}
      },
      {
        "round": 9,
        "loss": 2.289906944329746,
        "accuracy": 0.1598,
        "epsilon": 1.3742698112686496,
        "trust_scores": {}
      },
      {
        "round": 10,
        "loss": 2.288865454280719,
        "accuracy": 0.1671,
        "epsilon": 1.4509282267625658,
        "trust_scores": {}
      },
      {
        "round": 11,
        "loss": 2.287840693141706,
        "accuracy": 0.1759,
        "epsilon": 1.5226492888179453,
        "trust_scores": {}
      },
      {
        "round": 12,
        "loss": 2.2868311146196847,
        "accuracy": 0.1818,
        "epsilon": 1.5943703508733293,
        "trust_scores": {}
      },
      {
        "round": 13,
        "loss": 2.285813287424203,
        "accuracy": 0.184,
        "epsilon": 1.660321660146659,
        "trust_scores": {}
      },
      {
        "round": 14,
        "loss": 2.2848514969737383,
        "accuracy": 0.184,
        "epsilon": 1.7245460523568545,
        "trust_scores": {}
      },
      {
        "round": 15,
        "loss": 2.2837903514837685,
        "accuracy": 0.1811,
        "epsilon": 1.787526666260702,
        "trust_scores": {}
      },
      {
        "round": 16,
        "loss": 2.2828793868470116,
        "accuracy": 0.1779,
        "epsilon": 1.8487077164463195,
        "trust_scores": {}
      },
      {
        "round": 17,
        "loss": 2.282005504297372,
        "accuracy": 0.1736,
        "epsilon": 1.9082522187327946,
        "trust_scores": {}
      },
      {
        "round": 18,
        "loss": 2.2811494970473998,
        "accuracy": 0.1697,
        "epsilon": 1.9663106031470954,
        "trust_scores": {}
      },
      {
        "round": 19,
        "loss": 2.280135975097315,
        "accuracy": 0.1695,
        "epsilon": 2.0229750201900103,
        "trust_scores": {}
      },
      {
        "round": 20,
        "loss": 2.2791547600072795,
        "accuracy": 0.1667,
        "epsilon": 2.0783443443488934,
        "trust_scores": {}
      },
      {
        "round": 21,
        "loss": 2.27811164596972,
        "accuracy": 0.1665,
        "epsilon": 2.1325250375302662,
        "trust_scores": {}
      },
      {
        "round": 22,
        "loss": 2.2771609713094305,
        "accuracy": 0.1633,
        "epsilon": 2.1856321409144828,
        "trust_scores": {}
      },
      {
        "round": 23,
        "loss": 2.276327309136193,
        "accuracy": 0.1572,
        "epsilon": 2.2377137170810313,
        "trust_scores": {}
      },
      {
        "round": 24,
        "loss": 2.27541261663833,
        "accuracy": 0.1532,
        "epsilon": 2.288810650584852,
        "trust_scores": {}
      },
      {
        "round": 25,
        "loss": 2.274385847603551,
        "accuracy": 0.1592,
        "epsilon": 2.339010857394003,
        "trust_scores": {}
      },
      {
        "round": 26,
        "loss": 2.2734245339902444,
        "accuracy": 0.1572,
        "epsilon": 2.3884123959101626,
        "trust_scores": {}
      },
      {
        "round": 27,
        "loss": 2.2723169486743573,
        "accuracy": 0.1538,
        "epsilon": 2.4369286682193065,
        "trust_scores": {}
      },
      {
        "round": 28,
        "loss": 2.2711737140679893,
        "accuracy": 0.1545,
        "epsilon": 2.484699785347023,
        "trust_scores": {}
      },
      {
        "round": 29,
        "loss": 2.27010330910119,
        "accuracy": 0.1512,
        "epsilon": 2.531765537404409,
        "trust_scores": {}
      },
      {
        "round": 30,
        "loss": 2.269026485114052,
        "accuracy": 0.147,
        "epsilon": 2.5781523667873936,
        "trust_scores": {}
      },
      {
        "round": 31,
        "loss": 2.267897646267193,
        "accuracy": 0.1477,
        "epsilon": 2.6238879660907717,
        "trust_scores": {}
      },
      {
        "round": 32,
        "loss": 2.2669271188802993,