{
  "config": {
    "config_id": 2,
    "num_clients": 100,
    "num_rounds": 100,
    "num_byzantine": 20,
    "use_dp": true,
    "epsilon": 10.0,
    "delta": 1e-05,
    "use_fltrust": false,
    "use_topk": false,
    "topk_ratio": 0.1,
    "root_dataset_size": 200,
    "rescale_to_ref_norm": false
  },
  "results": {
    "elapsed_seconds": 849.1350076198578,
    "noise_multiplier": 1.4190673828125,
    "confusion_matrix": [
      [
        936,
        10,
        19,
        1,
        1,
        0,
        6,
        3,
        4,
        0
      ],
      [
        0,
        1125,
        6,
        2,
        0,
        0,
        1,
        0,
        1,
        0
      ],
      [
        73,
        98,
        814,
        14,
        9,
        0,
        5,
        17,
        2,
        0
      ],
      [
        109,
        101,
        159,
        512,
        4,
        0,
        9,
        58,
        58,
        0
      ],
      [
        22,
        138,
        35,
        0,
        698,
        0,
        60,
        15,
        13,
        1
      ],
      [
        245,
        162,
        111,
        127,
        43,
        70,
        9,
        52,
        72,
        1
      ],
      [
        70,
        81,
        71,
        0,
        11,
        0,
        722,
        0,
        3,
        0
      ],
      [
        12,
        211,
        30,
        1,
        9,
        0,
        0,
        753,
        8,
        4
      ],
      [
        110,
        132,
        99,
        18,
        22,
        1,
        8,
        41,
        543,
        0
      ],
      [
        42,
        143,
        37,
        6,
        313,
        0,
        6,
        267,
        43,
        152
      ]
    ],
    "per_class_scores": {
      "0": {
        "precision": 0.5781,
        "recall": 0.9551,
        "f1": 0.7203
      },
      "1": {
        "precision": 0.5111,
        "recall": 0.9912,
        "f1": 0.6745
      },
      "2": {
        "precision": 0.5894,
        "recall": 0.7888,
        "f1": 0.6747
      },
      "3": {
        "precision": 0.7518,
        "recall": 0.5069,
        "f1": 0.6056
      },
      "4": {
        "precision": 0.6288,
        "recall": 0.7108,
        "f1": 0.6673
      },
      "5": {
        "precision": 0.9859,
        "recall": 0.0785,
        "f1": 0.1454
      },
      "6": {
        "precision": 0.8741,
        "recall": 0.7537,
        "f1": 0.8094
      },
      "7": {
        "precision": 0.6244,
        "recall": 0.7325,
        "f1": 0.6741
      },
      "8": {
        "precision": 0.7269,
        "recall": 0.5575,
        "f1": 0.631
      },
      "9": {
        "precision": 0.962,
        "recall": 0.1506,
        "f1": 0.2605
      }
    },
    "per_round": [
      {
        "round": 1,
        "loss": 2.2993405017609034,
        "accuracy": 0.1061,
        "epsilon": 1.1833811021764808,
        "trust_scores": {}
      },
      {
        "round": 2,
        "loss": 2.2955566313320075,
        "accuracy": 0.1108,
        "epsilon": 1.4725857909127926,
        "trust_scores": {}
      },
      {
        "round": 3,
        "loss": 2.2925017146637647,
        "accuracy": 0.1384,
        "epsilon": 1.715869931478231,
        "trust_scores": {}
      },
      {
        "round": 4,
        "loss": 2.289696642385123,
        "accuracy": 0.1698,
        "epsilon": 1.930978315691555,
        "trust_scores": {}
      },
      {
        "round": 5,
        "loss": 2.287289902805901,
        "accuracy": 0.1821,
        "epsilon": 2.1260562148384152,
        "trust_scores": {}
      },
      {
        "round": 6,
        "loss": 2.2850516253766924,
        "accuracy": 0.1797,
        "epsilon": 2.306297693292848,
        "trust_scores": {}
      },
      {
        "round": 7,
        "loss": 2.2827480524873582,
        "accuracy": 0.1717,
        "epsilon": 2.474705093647814,
        "trust_scores": {}
      },
      {
        "round": 8,
        "loss": 2.2804699515382323,
        "accuracy": 0.1604,
        "epsilon": 2.6335350364293046,
        "trust_scores": {}
      },
      {
        "round": 9,
        "loss": 2.2783288193967777,
        "accuracy": 0.1498,
        "epsilon": 2.784532847945277,
        "trust_scores": {}
      },
      {
        "round": 10,
        "loss": 2.276149908193765,
        "accuracy": 0.1476,
        "epsilon": 2.928735982648985,
        "trust_scores": {}
      },
      {
        "round": 11,
        "loss": 2.273928983523823,
        "accuracy": 0.1458,
        "epsilon": 3.0672551064375253,
        "trust_scores": {}
      },
      {
        "round": 12,
        "loss": 2.271691412209703,
        "accuracy": 0.1444,
        "epsilon": 3.2005785258991915,
        "trust_scores": {}
      },
      {
        "round": 13,
        "loss": 2.269409822579771,
        "accuracy": 0.1447,
        "epsilon": 3.3294529019991166,
        "trust_scores": {}
      },
      {
        "round": 14,
        "loss": 2.2669704486005986,
        "accuracy": 0.1391,
        "epsilon": 3.45438229464912,
        "trust_scores": {}
      },
      {
        "round": 15,
        "loss": 2.2643108512646855,
        "accuracy": 0.1346,
        "epsilon": 3.5759252886145414,
        "trust_scores": {}
      },
      {
        "round": 16,
        "loss": 2.2617445311988122,
        "accuracy": 0.131,
        "epsilon": 3.6939059115746518,
        "trust_scores": {}
      },
      {
        "round": 17,
        "loss": 2.2593581318474425,
        "accuracy": 0.129,
        "epsilon": 3.8089816326473267,
        "trust_scores": {}
      },
      {
        "round": 18,
        "loss": 2.256996426719446,
        "accuracy": 0.1259,
        "epsilon": 3.9214014025212514,
        "trust_scores": {}
      },
      {
        "round": 19,
        "loss": 2.254378377439115,
        "accuracy": 0.1281,
        "epsilon": 4.031374339347903,
        "trust_scores": {}
      },
      {
        "round": 20,
        "loss": 2.2517599709117757,
        "accuracy": 0.1245,
        "epsilon": 4.139119428615305,
        "trust_scores": {}
      },
      {
        "round": 21,
        "loss": 2.2490110016478515,
        "accuracy": 0.1278,
        "epsilon": 4.244650046685206,
        "trust_scores": {}
      },
      {
        "round": 22,
        "loss": 2.2464102784665627,
        "accuracy": 0.1279,
        "epsilon": 4.347932511412008,
        "trust_scores": {}
      },
      {
        "round": 23,
        "loss": 2.243804299412444,
        "accuracy": 0.1376,
        "epsilon": 4.449488418682974,
        "trust_scores": {}
      },
      {
        "round": 24,
        "loss": 2.2410197334167674,
        "accuracy": 0.1486,
        "epsilon": 4.5495760978008715,
        "trust_scores": {}
      },
      {
        "round": 25,
        "loss": 2.2381480570418386,
        "accuracy": 0.1706,
        "epsilon": 4.647791714634483,
        "trust_scores": {}
      },
      {
        "round": 26,
        "loss": 2.235330139867033,
        "accuracy": 0.1755,
        "epsilon": 4.744301253321767,
        "trust_scores": {}
      },
      {
        "round": 27,
        "loss": 2.2323803490343184,
        "accuracy": 0.1763,
        "epsilon": 4.839939965773797,
        "trust_scores": {}
      },
      {
        "round": 28,
        "loss": 2.2293052102049318,
        "accuracy": 0.1898,
        "epsilon": 4.933408952947504,
        "trust_scores": {}
      },
      {
        "round": 29,
        "loss": 2.2261840009841674,
        "accuracy": 0.1956,
        "epsilon": 5.026159665177518,
        "trust_scores": {}
      },
      {
        "round": 30,
        "loss": 2.222958534289473,
        "accuracy": 0.2121,
        "epsilon": 5.117292456603166,
        "trust_scores": {}
      },
      {
        "round": 31,
        "loss": 2.219442474194609,
        "accuracy": 0.2255,
        "epsilon": 5.207549022428582,
        "trust_scores": {}
      },
      {
        "round": 32,