{
  "config": {
    "config_id": 2,
    "num_clients": 100,
    "num_rounds": 100,
    "num_byzantine": 20,
    "use_dp": true,
    "epsilon": 5.0,
    "delta": 1e-05,
    "use_fltrust": false,
    "use_topk": false,
    "topk_ratio": 0.1,
    "root_dataset_size": 200,
    "rescale_to_ref_norm": false
  },
  "results": {
    "elapsed_seconds": 809.2482969760895,
    "noise_multiplier": 2.33154296875,
    "confusion_matrix": [
      [
        935,
        12,
        21,
        1,
        1,
        0,
        4,
        2,
        4,
        0
      ],
      [
        0,
        1124,
        8,
        2,
        0,
        0,
        1,
        0,
        0,
        0
      ],
      [
        71,
        96,
        819,
        15,
        9,
        0,
        4,
        15,
        3,
        0
      ],
      [
        98,
        99,
        175,
        514,
        4,
        0,
        8,
        51,
        61,
        0
      ],
      [
        24,
        140,
        42,
        0,
        691,
        0,
        52,
        14,
        15,
        4
      ],
      [
        235,
        160,
        128,
        129,
        45,
        48,
        7,
        48,
        90,
        2
      ],
      [
        74,
        83,
        81,
        0,
        12,
        0,
        705,
        0,
        3,
        0
      ],
      [
        10,
        200,
        34,
        1,
        7,
        0,
        0,
        761,
        8,
        7
      ],
      [
        100,
        130,
        109,
        18,
        18,
        0,
        6,
        35,
        558,
        0
      ],
      [
        41,
        141,
        43,
        5,
        271,
        0,
        2,
        263,
        45,
        198
      ]
    ],
    "per_class_scores": {
      "0": {
        "precision": 0.5888,
        "recall": 0.9541,
        "f1": 0.7282
      },
      "1": {
        "precision": 0.5144,
        "recall": 0.9903,
        "f1": 0.6771
      },
      "2": {
        "precision": 0.561,
        "recall": 0.7936,
        "f1": 0.6573
      },
      "3": {
        "precision": 0.7504,
        "recall": 0.5089,
        "f1": 0.6065
      },
      "4": {
        "precision": 0.6531,
        "recall": 0.7037,
        "f1": 0.6775
      },
      "5": {
        "precision": 1.0,
        "recall": 0.0538,
        "f1": 0.1021
      },
      "6": {
        "precision": 0.8935,
        "recall": 0.7359,
        "f1": 0.8071
      },
      "7": {
        "precision": 0.64,
        "recall": 0.7403,
        "f1": 0.6865
      },
      "8": {
        "precision": 0.709,
        "recall": 0.5729,
        "f1": 0.6337
      },
      "9": {
        "precision": 0.9384,
        "recall": 0.1962,
        "f1": 0.3246
      }
    },
    "per_round": [
      {
        "round": 1,
        "loss": 2.299458932571899,
        "accuracy": 0.1065,
        "epsilon": 0.48682589267148985,
        "trust_scores": {}
      },
      {
        "round": 2,
        "loss": 2.295779694383518,
        "accuracy": 0.1105,
        "epsilon": 0.6609023287152905,
        "trust_scores": {}
      },
      {
        "round": 3,
        "loss": 2.292775412337087,
        "accuracy": 0.137,
        "epsilon": 0.7990410277794993,
        "trust_scores": {}
      },
      {
        "round": 4,
        "loss": 2.2898569327954665,
        "accuracy": 0.1668,
        "epsilon": 0.9178840693598961,
        "trust_scores": {}
      },
      {
        "round": 5,
        "loss": 2.2874207405236584,
        "accuracy": 0.1817,
        "epsilon": 1.0235484193858988,
        "trust_scores": {}
      },
      {
        "round": 6,
        "loss": 2.285264626097755,
        "accuracy": 0.1803,
        "epsilon": 1.1203480860036918,
        "trust_scores": {}
      },
      {
        "round": 7,
        "loss": 2.2829159456320083,
        "accuracy": 0.1752,
        "epsilon": 1.2102286354820635,
        "trust_scores": {}
      },
      {
        "round": 8,
        "loss": 2.280563040663259,
        "accuracy": 0.1664,
        "epsilon": 1.2955311620112626,
        "trust_scores": {}
      },
      {
        "round": 9,
        "loss": 2.2783888803122525,
        "accuracy": 0.1599,
        "epsilon": 1.3742698112686496,
        "trust_scores": {}
      },
      {
        "round": 10,
        "loss": 2.2761908948611906,
        "accuracy": 0.1575,
        "epsilon": 1.4509282267625658,
        "trust_scores": {}
      },
      {
        "round": 11,
        "loss": 2.2738594963146856,
        "accuracy": 0.1564,
        "epsilon": 1.5226492888179453,
        "trust_scores": {}
      },
      {
        "round": 12,
        "loss": 2.271389063935691,
        "accuracy": 0.1545,
        "epsilon": 1.5943703508733293,
        "trust_scores": {}
      },
      {
        "round": 13,
        "loss": 2.2689004850844605,
        "accuracy": 0.1517,
        "epsilon": 1.660321660146659,
        "trust_scores": {}
      },
      {
        "round": 14,
        "loss": 2.2665341144171767,
        "accuracy": 0.1378,
        "epsilon": 1.7245460523568545,
        "trust_scores": {}
      },
      {
        "round": 15,
        "loss": 2.264177298774354,
        "accuracy": 0.1304,
        "epsilon": 1.787526666260702,
        "trust_scores": {}
      },
      {
        "round": 16,
        "loss": 2.261675127778952,
        "accuracy": 0.1282,
        "epsilon": 1.8487077164463195,
        "trust_scores": {}
      },
      {
        "round": 17,
        "loss": 2.259347847856272,
        "accuracy": 0.1271,
        "epsilon": 1.9082522187327946,
        "trust_scores": {}
      },
      {
        "round": 18,
        "loss": 2.2569875206810215,
        "accuracy": 0.1258,
        "epsilon": 1.9663106031470954,
        "trust_scores": {}
      },
      {
        "round": 19,
        "loss": 2.2543140257509373,
        "accuracy": 0.1294,
        "epsilon": 2.0229750201900103,
        "trust_scores": {}
      },
      {
        "round": 20,
        "loss": 2.2516921564412953,
        "accuracy": 0.1306,
        "epsilon": 2.0783443443488934,
        "trust_scores": {}
      },
      {
        "round": 21,
        "loss": 2.2489191830729522,
        "accuracy": 0.1396,
        "epsilon": 2.1325250375302662,
        "trust_scores": {}
      },
      {
        "round": 22,
        "loss": 2.2463281337445538,
        "accuracy": 0.1386,
        "epsilon": 2.1856321409144828,
        "trust_scores": {}
      },
      {
        "round": 23,
        "loss": 2.2438868394674967,
        "accuracy": 0.1461,
        "epsilon": 2.2377137170810313,
        "trust_scores": {}
      },
      {
        "round": 24,
        "loss": 2.241159518305867,
        "accuracy": 0.1565,
        "epsilon": 2.288810650584852,
        "trust_scores": {}
      },
      {
        "round": 25,
        "loss": 2.238281199726434,
        "accuracy": 0.1808,
        "epsilon": 2.339010857394003,
        "trust_scores": {}
      },
      {
        "round": 26,
        "loss": 2.2355149378791785,
        "accuracy": 0.1831,
        "epsilon": 2.3884123959101626,
        "trust_scores": {}
      },
      {
        "round": 27,
        "loss": 2.232608077625116,
        "accuracy": 0.181,
        "epsilon": 2.4369286682193065,
        "trust_scores": {}
      },
      {
        "round": 28,
        "loss": 2.229531297287621,
        "accuracy": 0.1925,
        "epsilon": 2.484699785347023,
        "trust_scores": {}
      },
      {
        "round": 29,
        "loss": 2.2265240788078917,
        "accuracy": 0.1932,
        "epsilon": 2.531765537404409,
        "trust_scores": {}
      },
      {
        "round": 30,
        "loss": 2.2233984173296357,
        "accuracy": 0.2106,
        "epsilon": 2.5781523667873936,
        "trust_scores": {}
      },
      {
        "round": 31,
        "loss": 2.2199378478260465,
        "accuracy": 0.2286,
        "epsilon": 2.6238879660907717,