{
  "config": {
    "config_id": 6,
    "num_clients": 100,
    "num_rounds": 100,
    "num_byzantine": 20,
    "use_dp": true,
    "epsilon": 5.0,
    "delta": 1e-05,
    "use_fltrust": false,
    "use_topk": true,
    "topk_ratio": 0.01,
    "root_dataset_size": 200,
    "rescale_to_ref_norm": false
  },
  "results": {
    "elapsed_seconds": 818.991415977478,
    "noise_multiplier": 2.33154296875,
    "confusion_matrix": [
      [
        0,
        0,
        980,
        0,
        0,
        0,
        0,
        0,
        0,
        0
      ],
      [
        0,
        0,
        343,
        0,
        0,
        0,
        0,
        792,
        0,
        0
      ],
      [
        0,
        0,
        1015,
        0,
        0,
        0,
        0,
        17,
        0,
        0
      ],
      [
        0,
        0,
        964,
        0,
        0,
        0,
        0,
        46,
        0,
        0
      ],
      [
        0,
        0,
        886,
        0,
        0,
        0,
        0,
        96,
        0,
        0
      ],
      [
        0,
        0,
        851,
        0,
        0,
        0,
        0,
        41,
        0,
        0
      ],
      [
        0,
        0,
        951,
        0,
        0,
        0,
        0,
        7,
        0,
        0
      ],
      [
        0,
        0,
        447,
        0,
        0,
        0,
        0,
        581,
        0,
        0
      ],
      [
        0,
        0,
        905,
        0,
        0,
        0,
        0,
        58,
        11,
        0
      ],
      [
        0,
        0,
        686,
        0,
        0,
        0,
        0,
        322,
        1,
        0
      ]
    ],
    "per_class_scores": {
      "0": {
        "precision": 0.0,
        "recall": 0.0,
        "f1": 0.0
      },
      "1": {
        "precision": 0.0,
        "recall": 0.0,
        "f1": 0.0
      },
      "2": {
        "precision": 0.1264,
        "recall": 0.9835,
        "f1": 0.2241
      },
      "3": {
        "precision": 0.0,
        "recall": 0.0,
        "f1": 0.0
      },
      "4": {
        "precision": 0.0,
        "recall": 0.0,
        "f1": 0.0
      },
      "5": {
        "precision": 0.0,
        "recall": 0.0,
        "f1": 0.0
      },
      "6": {
        "precision": 0.0,
        "recall": 0.0,
        "f1": 0.0
      },
      "7": {
        "precision": 0.2964,
        "recall": 0.5652,
        "f1": 0.3889
      },
      "8": {
        "precision": 0.9167,
        "recall": 0.0113,
        "f1": 0.0223
      },
      "9": {
        "precision": 0.0,
        "recall": 0.0,
        "f1": 0.0
      }
    },
    "per_round": [
      {
        "round": 1,
        "loss": 2.303322336544244,
        "accuracy": 0.1044,
        "epsilon": 0.48682589267148985,
        "trust_scores": {}
      },
      {
        "round": 2,
        "loss": 2.3030284540340924,
        "accuracy": 0.1045,
        "epsilon": 0.6609023287152905,
        "trust_scores": {}
      },
      {
        "round": 3,
        "loss": 2.302675688228668,
        "accuracy": 0.1048,
        "epsilon": 0.7990410277794993,
        "trust_scores": {}
      },
      {
        "round": 4,
        "loss": 2.3022742157165235,
        "accuracy": 0.1048,
        "epsilon": 0.9178840693598961,
        "trust_scores": {}
      },
      {
        "round": 5,
        "loss": 2.3018573503524733,
        "accuracy": 0.105,
        "epsilon": 1.0235484193858988,
        "trust_scores": {}
      },
      {
        "round": 6,
        "loss": 2.301511113255169,
        "accuracy": 0.105,
        "epsilon": 1.1203480860036918,
        "trust_scores": {}
      },
      {
        "round": 7,
        "loss": 2.301123373043804,
        "accuracy": 0.1053,
        "epsilon": 1.2102286354820635,
        "trust_scores": {}
      },
      {
        "round": 8,
        "loss": 2.3007284871305522,
        "accuracy": 0.1053,
        "epsilon": 1.2955311620112626,
        "trust_scores": {}
      },
      {
        "round": 9,
        "loss": 2.3003765409366013,
        "accuracy": 0.1055,
        "epsilon": 1.3742698112686496,
        "trust_scores": {}
      },
      {
        "round": 10,
        "loss": 2.3000736640284236,
        "accuracy": 0.1055,
        "epsilon": 1.4509282267625658,
        "trust_scores": {}
      },
      {
        "round": 11,
        "loss": 2.299755334092405,
        "accuracy": 0.1059,
        "epsilon": 1.5226492888179453,
        "trust_scores": {}
      },
      {
        "round": 12,
        "loss": 2.299452131929489,
        "accuracy": 0.1063,
        "epsilon": 1.5943703508733293,
        "trust_scores": {}
      },
      {
        "round": 13,
        "loss": 2.299084854583009,
        "accuracy": 0.1065,
        "epsilon": 1.660321660146659,
        "trust_scores": {}
      },
      {
        "round": 14,
        "loss": 2.2986838535759775,
        "accuracy": 0.1071,
        "epsilon": 1.7245460523568545,
        "trust_scores": {}
      },
      {
        "round": 15,
        "loss": 2.2983624759954386,
        "accuracy": 0.1072,
        "epsilon": 1.787526666260702,
        "trust_scores": {}
      },
      {
        "round": 16,
        "loss": 2.2981054851422296,
        "accuracy": 0.1076,
        "epsilon": 1.8487077164463195,
        "trust_scores": {}
      },
      {
        "round": 17,
        "loss": 2.2977992650419,
        "accuracy": 0.1079,
        "epsilon": 1.9082522187327946,
        "trust_scores": {}
      },
      {
        "round": 18,
        "loss": 2.297516310938631,
        "accuracy": 0.1083,
        "epsilon": 1.9663106031470954,
        "trust_scores": {}
      },
      {
        "round": 19,
        "loss": 2.2972379667690386,
        "accuracy": 0.1089,
        "epsilon": 2.0229750201900103,
        "trust_scores": {}
      },
      {
        "round": 20,
        "loss": 2.2969252941326594,
        "accuracy": 0.1098,
        "epsilon": 2.0783443443488934,
        "trust_scores": {}
      },
      {
        "round": 21,
        "loss": 2.296587711705948,
        "accuracy": 0.1107,
        "epsilon": 2.1325250375302662,
        "trust_scores": {}
      },
      {
        "round": 22,
        "loss": 2.2962536331944574,
        "accuracy": 0.111,
        "epsilon": 2.1856321409144828,
        "trust_scores": {}
      },
      {
        "round": 23,
        "loss": 2.2960320181739977,
        "accuracy": 0.1125,
        "epsilon": 2.2377137170810313,
        "trust_scores": {}
      },
      {
        "round": 24,
        "loss": 2.295731267228294,
        "accuracy": 0.1135,
        "epsilon": 2.288810650584852,
        "trust_scores": {}
      },
      {
        "round": 25,
        "loss": 2.2954313968317197,
        "accuracy": 0.1139,
        "epsilon": 2.339010857394003,
        "trust_scores": {}
      },
      {
        "round": 26,
        "loss": 2.295155788762882,
        "accuracy": 0.116,
        "epsilon": 2.3884123959101626,
        "trust_scores": {}
      },
      {
        "round": 27,
        "loss": 2.294841407586972,
        "accuracy": 0.1179,
        "epsilon": 2.4369286682193065,
        "trust_scores": {}
      },
      {
        "round": 28,
        "loss": 2.294579013848838,
        "accuracy": 0.1192,
        "epsilon": 2.484699785347023,
        "trust_scores": {}
      },
      {
        "round": 29,
        "loss": 2.294313359946108,
        "accuracy": 0.1213,
        "epsilon": 2.531765537404409,
        "trust_scores": {}
      },
      {
        "round": 30,
        "loss": 2.29402304000367,
        "accuracy": 0.124,
        "epsilon": 2.5781523667873936,
        "trust_scores": {}
      },
      {
        "round": 31,
        "loss": 2.293749308814637,
        "accuracy": 0.1254,
        "epsilon": 2.6238879660907717,
        "trust_scores": {}
      },
      {
        "round": 32,
        "loss": 2.2935625074770503,
        "accuracy": 0.1286,
        "epsilon": 2.6690013726146704,