{
  "config": {
    "config_id": 6,
    "num_clients": 15,
    "num_rounds": 50,
    "num_byzantine": 3,
    "use_dp": true,
    "epsilon": 1.0,
    "delta": 1e-05,
    "use_fltrust": false,
    "use_topk": true,
    "topk_ratio": 0.1,
    "root_dataset_size": 800,
    "rescale_to_ref_norm": false
  },
  "results": {
    "elapsed_seconds": 1112.7119541168213,
    "noise_multiplier": 2.6953125,
    "confusion_matrix": [
      [
        920,
        2,
        3,
        3,
        0,
        1,
        38,
        2,
        11,
        0
      ],
      [
        0,
        1122,
        2,
        6,
        0,
        0,
        4,
        0,
        0,
        1
      ],
      [
        46,
        51,
        814,
        13,
        11,
        0,
        47,
        40,
        9,
        1
      ],
      [
        24,
        37,
        68,
        804,
        2,
        1,
        4,
        56,
        9,
        5
      ],
      [
        17,
        28,
        3,
        0,
        791,
        0,
        44,
        29,
        9,
        61
      ],
      [
        123,
        69,
        13,
        198,
        46,
        313,
        36,
        51,
        26,
        17
      ],
      [
        101,
        48,
        26,
        0,
        5,
        7,
        763,
        5,
        3,
        0
      ],
      [
        4,
        44,
        16,
        3,
        11,
        0,
        2,
        925,
        1,
        22
      ],
      [
        64,
        79,
        27,
        98,
        20,
        9,
        51,
        99,
        515,
        12
      ],
      [
        30,
        29,
        2,
        10,
        210,
        0,
        4,
        280,
        6,
        438
      ]
    ],
    "per_class_scores": {
      "0": {
        "precision": 0.6922,
        "recall": 0.9388,
        "f1": 0.7969
      },
      "1": {
        "precision": 0.7435,
        "recall": 0.9885,
        "f1": 0.8487
      },
      "2": {
        "precision": 0.8357,
        "recall": 0.7888,
        "f1": 0.8116
      },
      "3": {
        "precision": 0.7084,
        "recall": 0.796,
        "f1": 0.7497
      },
      "4": {
        "precision": 0.7217,
        "recall": 0.8055,
        "f1": 0.7613
      },
      "5": {
        "precision": 0.9456,
        "recall": 0.3509,
        "f1": 0.5119
      },
      "6": {
        "precision": 0.7684,
        "recall": 0.7965,
        "f1": 0.7822
      },
      "7": {
        "precision": 0.6221,
        "recall": 0.8998,
        "f1": 0.7356
      },
      "8": {
        "precision": 0.8744,
        "recall": 0.5287,
        "f1": 0.659
      },
      "9": {
        "precision": 0.7864,
        "recall": 0.4341,
        "f1": 0.5594
      }
    },
    "per_round": [
      {
        "round": 1,
        "loss": 2.299700056782927,
        "accuracy": 0.1378,
        "epsilon": 0.1431705644619328
      },
      {
        "round": 2,
        "loss": 2.2927911129241547,
        "accuracy": 0.1114,
        "epsilon": 0.1834738777125859
      },
      {
        "round": 3,
        "loss": 2.286040950507021,
        "accuracy": 0.1029,
        "epsilon": 0.22357828329335358
      },
      {
        "round": 4,
        "loss": 2.2777480507811037,
        "accuracy": 0.1029,
        "epsilon": 0.2597159963294333
      },
      {
        "round": 5,
        "loss": 2.2697921096326446,
        "accuracy": 0.1029,
        "epsilon": 0.29185646430661977
      },
      {
        "round": 6,
        "loss": 2.2621885374331243,
        "accuracy": 0.1033,
        "epsilon": 0.3211349591535607
      },
      {
        "round": 7,
        "loss": 2.2531442596508677,
        "accuracy": 0.1033,
        "epsilon": 0.3482408338018071
      },
      {
        "round": 8,
        "loss": 2.244402991316189,
        "accuracy": 0.1031,
        "epsilon": 0.3736203141138817
      },
      {
        "round": 9,
        "loss": 2.2339094477339674,
        "accuracy": 0.1147,
        "epsilon": 0.397569169400259
      },
      {
        "round": 10,
        "loss": 2.2214459527414827,
        "accuracy": 0.1346,
        "epsilon": 0.42030876731696093
      },
      {
        "round": 11,
        "loss": 2.2077648106474466,
        "accuracy": 0.1783,
        "epsilon": 0.44208123200797955
      },
      {
        "round": 12,
        "loss": 2.1928426495756206,
        "accuracy": 0.2454,
        "epsilon": 0.46289296587350715
      },
      {
        "round": 13,
        "loss": 2.1761875937160213,
        "accuracy": 0.2996,
        "epsilon": 0.4829342178747134
      },
      {
        "round": 14,
        "loss": 2.158073584492595,
        "accuracy": 0.3507,
        "epsilon": 0.5022930663456076
      },
      {
        "round": 15,
        "loss": 2.137253620373175,
        "accuracy": 0.3858,
        "epsilon": 0.5210361253997846
      },
      {
        "round": 16,
        "loss": 2.114526332757724,
        "accuracy": 0.4295,
        "epsilon": 0.5392390262270351
      },
      {
        "round": 17,
        "loss": 2.090242773960954,
        "accuracy": 0.482,
        "epsilon": 0.556952463847769
      },
      {
        "round": 18,
        "loss": 2.0636357388938196,
        "accuracy": 0.5344,
        "epsilon": 0.5740684904874293
      },
      {
        "round": 19,
        "loss": 2.034753397630807,
        "accuracy": 0.5621,
        "epsilon": 0.5908316001513955
      },
      {
        "round": 20,
        "loss": 2.005548198002215,
        "accuracy": 0.5932,
        "epsilon": 0.6072805506220927
      },
      {
        "round": 21,
        "loss": 1.972165880492701,
        "accuracy": 0.6164,
        "epsilon": 0.6231756758972299
      },
      {
        "round": 22,
        "loss": 1.937042302597826,
        "accuracy": 0.6333,
        "epsilon": 0.6389676826491587
      },
      {
        "round": 23,
        "loss": 1.8990268200731122,
        "accuracy": 0.6457,
        "epsilon": 0.6541587860809085
      },
      {
        "round": 24,
        "loss": 1.8587719697160083,
        "accuracy": 0.6563,
        "epsilon": 0.6693498895126583
      },
      {
        "round": 25,
        "loss": 1.8170483904524732,
        "accuracy": 0.6721,
        "epsilon": 0.6839422870990742
      },
      {
        "round": 26,
        "loss": 1.77033376046263,
        "accuracy": 0.6815,
        "epsilon": 0.6985069342300112
      },
      {
        "round": 27,
        "loss": 1.7240185684289417,
        "accuracy": 0.6868,
        "epsilon": 0.7127158050370683
      },
      {
        "round": 28,
        "loss": 1.6767664984011423,
        "accuracy": 0.6881,
        "epsilon": 0.7266556286706252
      },
      {
        "round": 29,
        "loss": 1.6276684782375543,
        "accuracy": 0.6955,
        "epsilon": 0.740595452304182
      },
      {
        "round": 30,
        "loss": 1.5791791056672606,
        "accuracy": 0.7082,
        "epsilon": 0.7540207535288381
      },
      {
        "round": 31,
        "loss": 1.5298405988528703,
        "accuracy": 0.7139,
        "epsilon": 0.7673373775618958
      },
      {
        "round": 32,
        "loss": 1.4809136421154863,
        "accuracy": 0.7151,
        "epsilon": 0.7806540015949538
      },
      {
        "round": 33,
        "loss": 1.432862096320326,
        "accuracy": 0.7178,
        "epsilon": 0.7935662907531418
      },
      {
        "round": 34,
        "loss": 1.3889126781457528,
        "accuracy": 0.7179,
        "epsilon": 0.8062613302549672
      },
      {
        "round": 35,
        "loss": 1.3434289229182772,
        "accuracy": 0.7155,
        "epsilon": 0.8189563697567925
      },
      {
        "round": 36,
        "loss": 1.3023404465696682,
        "accuracy": 0.7146,
        "epsilon": 0.8316514092586177
      },
      {
        "round": 37,
        "loss": 1.2554688764075501,
        "accuracy": 0.7151,
        "epsilon": 0.8437572992130854
      },
      {
        "round": 38,