{
  "config": {
    "config_id": 8,
    "num_clients": 15,
    "num_rounds": 50,
    "num_byzantine": 3,
    "use_dp": true,
    "epsilon": 5.0,
    "delta": 1e-05,
    "use_fltrust": true,
    "use_topk": true,
    "topk_ratio": 0.01,
    "root_dataset_size": 800,
    "rescale_to_ref_norm": false
  },
  "results": {
    "elapsed_seconds": 1146.3049764633179,
    "noise_multiplier": 0.9002685546875,
    "confusion_matrix": [
      [
        916,
        0,
        0,
        3,
        2,
        0,
        16,
        38,
        5,
        0
      ],
      [
        0,
        0,
        2,
        3,
        0,
        0,
        6,
        1117,
        7,
        0
      ],
      [
        109,
        0,
        670,
        11,
        15,
        0,
        70,
        151,
        6,
        0
      ],
      [
        81,
        0,
        20,
        636,
        3,
        4,
        16,
        221,
        24,
        5
      ],
      [
        5,
        0,
        1,
        0,
        536,
        0,
        16,
        421,
        2,
        1
      ],
      [
        153,
        0,
        1,
        159,
        12,
        216,
        29,
        294,
        16,
        12
      ],
      [
        84,
        0,
        0,
        2,
        4,
        1,
        753,
        106,
        8,
        0
      ],
      [
        2,
        0,
        5,
        0,
        0,
        0,
        0,
        1018,
        3,
        0
      ],
      [
        63,
        0,
        13,
        79,
        14,
        4,
        43,
        348,
        394,
        16
      ],
      [
        16,
        0,
        3,
        5,
        84,
        1,
        4,
        850,
        3,
        43
      ]
    ],
    "per_class_scores": {
      "0": {
        "precision": 0.641,
        "recall": 0.9347,
        "f1": 0.7605
      },
      "1": {
        "precision": 0.0,
        "recall": 0.0,
        "f1": 0.0
      },
      "2": {
        "precision": 0.9371,
        "recall": 0.6492,
        "f1": 0.767
      },
      "3": {
        "precision": 0.7082,
        "recall": 0.6297,
        "f1": 0.6667
      },
      "4": {
        "precision": 0.8,
        "recall": 0.5458,
        "f1": 0.6489
      },
      "5": {
        "precision": 0.9558,
        "recall": 0.2422,
        "f1": 0.3864
      },
      "6": {
        "precision": 0.7901,
        "recall": 0.786,
        "f1": 0.7881
      },
      "7": {
        "precision": 0.223,
        "recall": 0.9903,
        "f1": 0.3641
      },
      "8": {
        "precision": 0.8419,
        "recall": 0.4045,
        "f1": 0.5465
      },
      "9": {
        "precision": 0.5584,
        "recall": 0.0426,
        "f1": 0.0792
      }
    },
    "per_round": [
      {
        "round": 1,
        "loss": 2.300571559717099,
        "accuracy": 0.0921,
        "epsilon": 1.4728879081342994
      },
      {
        "round": 2,
        "loss": 2.2979650063255725,
        "accuracy": 0.0942,
        "epsilon": 1.6108717708762434
      },
      {
        "round": 3,
        "loss": 2.2938084640441994,
        "accuracy": 0.1839,
        "epsilon": 1.7285115559287882
      },
      {
        "round": 4,
        "loss": 2.290285732037724,
        "accuracy": 0.1434,
        "epsilon": 1.836310237945263
      },
      {
        "round": 5,
        "loss": 2.287602266945397,
        "accuracy": 0.1079,
        "epsilon": 1.937757849394517
      },
      {
        "round": 6,
        "loss": 2.2850692028435655,
        "accuracy": 0.1032,
        "epsilon": 2.0349133989708887
      },
      {
        "round": 7,
        "loss": 2.282303151992944,
        "accuracy": 0.1028,
        "epsilon": 2.1289988043018195
      },
      {
        "round": 8,
        "loss": 2.2799736912638995,
        "accuracy": 0.1028,
        "epsilon": 2.219510268366218
      },
      {
        "round": 9,
        "loss": 2.2771973579455485,
        "accuracy": 0.1028,
        "epsilon": 2.3077824620568173
      },
      {
        "round": 10,
        "loss": 2.2744377276387078,
        "accuracy": 0.1028,
        "epsilon": 2.3946101189704962
      },
      {
        "round": 11,
        "loss": 2.2714984607391844,
        "accuracy": 0.1028,
        "epsilon": 2.478611153569211
      },
      {
        "round": 12,
        "loss": 2.2686507816131884,
        "accuracy": 0.1028,
        "epsilon": 2.561469736303986
      },
      {
        "round": 13,
        "loss": 2.2646405018937474,
        "accuracy": 0.1028,
        "epsilon": 2.6427690958077843
      },
      {
        "round": 14,
        "loss": 2.2610388731423274,
        "accuracy": 0.1028,
        "epsilon": 2.7222828607037863
      },
      {
        "round": 15,
        "loss": 2.257042360001098,
        "accuracy": 0.1028,
        "epsilon": 2.801129002412008
      },
      {
        "round": 16,
        "loss": 2.25274693013761,
        "accuracy": 0.1028,
        "epsilon": 2.8777286852957786
      },
      {
        "round": 17,
        "loss": 2.2481339084454612,
        "accuracy": 0.1031,
        "epsilon": 2.9538071644763644
      },
      {
        "round": 18,
        "loss": 2.242832442822928,
        "accuracy": 0.1037,
        "epsilon": 3.028310021353841
      },
      {
        "round": 19,
        "loss": 2.2372016769628553,
        "accuracy": 0.1058,
        "epsilon": 3.101887707510588
      },
      {
        "round": 20,
        "loss": 2.2312996098027824,
        "accuracy": 0.1093,
        "epsilon": 3.17441749693167
      },
      {
        "round": 21,
        "loss": 2.2254176924403866,
        "accuracy": 0.1128,
        "epsilon": 3.245713516614839
      },
      {
        "round": 22,
        "loss": 2.2184247041281804,
        "accuracy": 0.1195,
        "epsilon": 3.3163707487224756
      },
      {
        "round": 23,
        "loss": 2.2113343679105135,
        "accuracy": 0.1269,
        "epsilon": 3.385577622374414
      },
      {
        "round": 24,
        "loss": 2.2031004253667765,
        "accuracy": 0.1387,
        "epsilon": 3.454445157866623
      },
      {
        "round": 25,
        "loss": 2.1938964170388906,
        "accuracy": 0.1521,
        "epsilon": 3.5217423184388617
      },
      {
        "round": 26,
        "loss": 2.1847346712606024,
        "accuracy": 0.1645,
        "epsilon": 3.5888894616001417
      },
      {
        "round": 27,
        "loss": 2.1742964636403532,
        "accuracy": 0.1824,
        "epsilon": 3.654452068187558
      },
      {
        "round": 28,
        "loss": 2.164752784628457,
        "accuracy": 0.1968,
        "epsilon": 3.719937589551915
      },
      {
        "round": 29,
        "loss": 2.153071195934527,
        "accuracy": 0.2237,
        "epsilon": 3.783942451753882
      },
      {
        "round": 30,
        "loss": 2.1417411691464556,
        "accuracy": 0.2407,
        "epsilon": 3.847816842791142
      },
      {
        "round": 31,
        "loss": 2.129405367107818,
        "accuracy": 0.2546,
        "epsilon": 3.910446601534621
      },
      {
        "round": 32,
        "loss": 2.1168906022184575,
        "accuracy": 0.2711,
        "epsilon": 3.9727537733178013
      },
      {
        "round": 33,
        "loss": 2.103185145237956,
        "accuracy": 0.2889,
        "epsilon": 4.034200059111386
      },
      {
        "round": 34,
        "loss": 2.0901720017289964,
        "accuracy": 0.3061,
        "epsilon": 4.094978634623319
      },
      {
        "round": 35,
        "loss": 2.074094970005389,
        "accuracy": 0.3326,
        "epsilon": 4.155444673080473
      },
      {
        "round": 36,
        "loss": 2.060087643111476,
        "accuracy": 0.3398,
        "epsilon": 4.214728979928485
      },
      {
        "round": 37,
        "loss": 2.0447235705372626,
        "accuracy": 0.3556,
        "epsilon": 4.274013286776497
      },
      {
        "round": 38,
        "loss": 2.027130825831867,
        "accuracy": 0.3778,