{
  "config": {
    "config_id": 2,
    "num_clients": 15,
    "num_rounds": 50,
    "num_byzantine": 3,
    "use_dp": true,
    "epsilon": 5.0,
    "delta": 1e-05,
    "use_fltrust": false,
    "use_topk": false,
    "topk_ratio": 0.1,
    "root_dataset_size": 800,
    "rescale_to_ref_norm": false
  },
  "results": {
    "elapsed_seconds": 1173.81925034523,
    "noise_multiplier": 0.9002685546875,
    "confusion_matrix": [
      [
        920,
        0,
        3,
        3,
        1,
        16,
        18,
        1,
        18,
        0
      ],
      [
        0,
        1090,
        12,
        8,
        0,
        3,
        4,
        0,
        18,
        0
      ],
      [
        19,
        15,
        871,
        15,
        21,
        2,
        43,
        24,
        21,
        1
      ],
      [
        0,
        13,
        31,
        877,
        0,
        17,
        4,
        30,
        34,
        4
      ],
      [
        5,
        10,
        2,
        0,
        838,
        0,
        31,
        8,
        9,
        79
      ],
      [
        29,
        15,
        6,
        125,
        22,
        634,
        31,
        4,
        24,
        2
      ],
      [
        31,
        9,
        17,
        1,
        9,
        11,
        876,
        2,
        2,
        0
      ],
      [
        2,
        28,
        19,
        4,
        15,
        4,
        0,
        920,
        9,
        27
      ],
      [
        25,
        21,
        10,
        59,
        14,
        27,
        28,
        27,
        752,
        11
      ],
      [
        19,
        13,
        5,
        10,
        308,
        10,
        1,
        117,
        20,
        506
      ]
    ],
    "per_class_scores": {
      "0": {
        "precision": 0.8762,
        "recall": 0.9388,
        "f1": 0.9064
      },
      "1": {
        "precision": 0.8979,
        "recall": 0.9604,
        "f1": 0.9281
      },
      "2": {
        "precision": 0.8924,
        "recall": 0.844,
        "f1": 0.8675
      },
      "3": {
        "precision": 0.7958,
        "recall": 0.8683,
        "f1": 0.8305
      },
      "4": {
        "precision": 0.6824,
        "recall": 0.8534,
        "f1": 0.7584
      },
      "5": {
        "precision": 0.8757,
        "recall": 0.7108,
        "f1": 0.7847
      },
      "6": {
        "precision": 0.8456,
        "recall": 0.9144,
        "f1": 0.8786
      },
      "7": {
        "precision": 0.812,
        "recall": 0.8949,
        "f1": 0.8515
      },
      "8": {
        "precision": 0.8291,
        "recall": 0.7721,
        "f1": 0.7996
      },
      "9": {
        "precision": 0.8032,
        "recall": 0.5015,
        "f1": 0.6174
      }
    },
    "per_round": [
      {
        "round": 1,
        "loss": 2.2895911440681727,
        "accuracy": 0.1013,
        "epsilon": 1.4728879081342994
      },
      {
        "round": 2,
        "loss": 2.272851515882693,
        "accuracy": 0.1579,
        "epsilon": 1.6108717708762434
      },
      {
        "round": 3,
        "loss": 2.253758278136817,
        "accuracy": 0.2623,
        "epsilon": 1.7285115559287882
      },
      {
        "round": 4,
        "loss": 2.231364957059915,
        "accuracy": 0.3644,
        "epsilon": 1.836310237945263
      },
      {
        "round": 5,
        "loss": 2.203698676995957,
        "accuracy": 0.4785,
        "epsilon": 1.937757849394517
      },
      {
        "round": 6,
        "loss": 2.16981644295275,
        "accuracy": 0.5171,
        "epsilon": 2.0349133989708887
      },
      {
        "round": 7,
        "loss": 2.1276639917026308,
        "accuracy": 0.534,
        "epsilon": 2.1289988043018195
      },
      {
        "round": 8,
        "loss": 2.0781174064063417,
        "accuracy": 0.5483,
        "epsilon": 2.219510268366218
      },
      {
        "round": 9,
        "loss": 2.021420606409018,
        "accuracy": 0.5797,
        "epsilon": 2.3077824620568173
      },
      {
        "round": 10,
        "loss": 1.9550329979997094,
        "accuracy": 0.5965,
        "epsilon": 2.3946101189704962
      },
      {
        "round": 11,
        "loss": 1.8795655573518892,
        "accuracy": 0.6145,
        "epsilon": 2.478611153569211
      },
      {
        "round": 12,
        "loss": 1.7964356810140152,
        "accuracy": 0.6193,
        "epsilon": 2.561469736303986
      },
      {
        "round": 13,
        "loss": 1.7087153539109152,
        "accuracy": 0.6342,
        "epsilon": 2.6427690958077843
      },
      {
        "round": 14,
        "loss": 1.6149982537705296,
        "accuracy": 0.643,
        "epsilon": 2.7222828607037863
      },
      {
        "round": 15,
        "loss": 1.522997302750048,
        "accuracy": 0.646,
        "epsilon": 2.801129002412008
      },
      {
        "round": 16,
        "loss": 1.4342780322693407,
        "accuracy": 0.6527,
        "epsilon": 2.8777286852957786
      },
      {
        "round": 17,
        "loss": 1.3507238914029667,
        "accuracy": 0.6629,
        "epsilon": 2.9538071644763644
      },
      {
        "round": 18,
        "loss": 1.2667177092914763,
        "accuracy": 0.6733,
        "epsilon": 3.028310021353841
      },
      {
        "round": 19,
        "loss": 1.19134050341079,
        "accuracy": 0.6793,
        "epsilon": 3.101887707510588
      },
      {
        "round": 20,
        "loss": 1.1217209736760052,
        "accuracy": 0.6874,
        "epsilon": 3.17441749693167
      },
      {
        "round": 21,
        "loss": 1.0592782744965232,
        "accuracy": 0.6944,
        "epsilon": 3.245713516614839
      },
      {
        "round": 22,
        "loss": 1.0035396262098806,
        "accuracy": 0.7016,
        "epsilon": 3.3163707487224756
      },
      {
        "round": 23,
        "loss": 0.9484533982726332,
        "accuracy": 0.7143,
        "epsilon": 3.385577622374414
      },
      {
        "round": 24,
        "loss": 0.9048809945202483,
        "accuracy": 0.7194,
        "epsilon": 3.454445157866623
      },
      {
        "round": 25,
        "loss": 0.8592690259884721,
        "accuracy": 0.7285,
        "epsilon": 3.5217423184388617
      },
      {
        "round": 26,
        "loss": 0.8201169730565799,
        "accuracy": 0.7347,
        "epsilon": 3.5888894616001417
      },
      {
        "round": 27,
        "loss": 0.7864483793893942,
        "accuracy": 0.7403,
        "epsilon": 3.654452068187558
      },
      {
        "round": 28,
        "loss": 0.7560053441090326,
        "accuracy": 0.7495,
        "epsilon": 3.719937589551915
      },
      {
        "round": 29,
        "loss": 0.7287302764650351,
        "accuracy": 0.755,
        "epsilon": 3.783942451753882
      },
      {
        "round": 30,
        "loss": 0.7048592962586461,
        "accuracy": 0.7602,
        "epsilon": 3.847816842791142
      },
      {
        "round": 31,
        "loss": 0.6835006441647253,
        "accuracy": 0.7647,
        "epsilon": 3.910446601534621
      },
      {
        "round": 32,
        "loss": 0.6628745717172044,
        "accuracy": 0.772,
        "epsilon": 3.9727537733178013
      },
      {
        "round": 33,
        "loss": 0.6480805650115394,
        "accuracy": 0.7755,
        "epsilon": 4.034200059111386
      },
      {
        "round": 34,
        "loss": 0.6331962220870649,
        "accuracy": 0.7805,
        "epsilon": 4.094978634623319
      },
      {
        "round": 35,
        "loss": 0.6199574358166217,
        "accuracy": 0.7838,
        "epsilon": 4.155444673080473
      },
      {
        "round": 36,
        "loss": 0.6131101745766955,
        "accuracy": 0.7813,
        "epsilon": 4.214728979928485
      },
      {
        "round": 37,
        "loss": 0.5955360605598639,
        "accuracy": 0.7912,
        "epsilon": 4.274013286776497
      },
      {
        "round": 38,
        "loss": 0.5908263525642907,