{
  "config": {
    "config_id": 2,
    "num_clients": 15,
    "num_rounds": 50,
    "num_byzantine": 3,
    "use_dp": true,
    "epsilon": 1.0,
    "delta": 1e-05,
    "use_fltrust": false,
    "use_topk": false,
    "topk_ratio": 0.1,
    "root_dataset_size": 800,
    "rescale_to_ref_norm": false
  },
  "results": {
    "elapsed_seconds": 1222.0248420238495,
    "noise_multiplier": 2.6953125,
    "confusion_matrix": [
      [
        937,
        1,
        3,
        8,
        3,
        2,
        18,
        1,
        7,
        0
      ],
      [
        0,
        1114,
        3,
        8,
        0,
        0,
        3,
        0,
        7,
        0
      ],
      [
        32,
        42,
        758,
        76,
        22,
        1,
        57,
        31,
        13,
        0
      ],
      [
        14,
        35,
        33,
        874,
        1,
        1,
        4,
        31,
        13,
        4
      ],
      [
        1,
        45,
        2,
        0,
        819,
        0,
        57,
        5,
        2,
        51
      ],
      [
        59,
        66,
        12,
        325,
        41,
        244,
        41,
        65,
        30,
        9
      ],
      [
        37,
        31,
        2,
        0,
        16,
        1,
        865,
        2,
        4,
        0
      ],
      [
        3,
        45,
        25,
        0,
        11,
        0,
        0,
        935,
        6,
        3
      ],
      [
        33,
        70,
        10,
        121,
        23,
        4,
        33,
        33,
        634,
        13
      ],
      [
        22,
        51,
        4,
        14,
        260,
        1,
        7,
        177,
        6,
        467
      ]
    ],
    "per_class_scores": {
      "0": {
        "precision": 0.8234,
        "recall": 0.9561,
        "f1": 0.8848
      },
      "1": {
        "precision": 0.7427,
        "recall": 0.9815,
        "f1": 0.8455
      },
      "2": {
        "precision": 0.8897,
        "recall": 0.7345,
        "f1": 0.8047
      },
      "3": {
        "precision": 0.6129,
        "recall": 0.8653,
        "f1": 0.7176
      },
      "4": {
        "precision": 0.6848,
        "recall": 0.834,
        "f1": 0.7521
      },
      "5": {
        "precision": 0.9606,
        "recall": 0.2735,
        "f1": 0.4258
      },
      "6": {
        "precision": 0.7972,
        "recall": 0.9029,
        "f1": 0.8468
      },
      "7": {
        "precision": 0.7305,
        "recall": 0.9095,
        "f1": 0.8102
      },
      "8": {
        "precision": 0.8781,
        "recall": 0.6509,
        "f1": 0.7476
      },
      "9": {
        "precision": 0.8537,
        "recall": 0.4628,
        "f1": 0.6003
      }
    },
    "per_round": [
      {
        "round": 1,
        "loss": 2.2995936702996396,
        "accuracy": 0.0906,
        "epsilon": 0.1431705644619328
      },
      {
        "round": 2,
        "loss": 2.2906680442273806,
        "accuracy": 0.1546,
        "epsilon": 0.1834738777125859
      },
      {
        "round": 3,
        "loss": 2.2827551052593194,
        "accuracy": 0.1622,
        "epsilon": 0.22357828329335358
      },
      {
        "round": 4,
        "loss": 2.273715475496774,
        "accuracy": 0.1862,
        "epsilon": 0.2597159963294333
      },
      {
        "round": 5,
        "loss": 2.2637026332818664,
        "accuracy": 0.1524,
        "epsilon": 0.29185646430661977
      },
      {
        "round": 6,
        "loss": 2.252353037508151,
        "accuracy": 0.198,
        "epsilon": 0.3211349591535607
      },
      {
        "round": 7,
        "loss": 2.2398999910385085,
        "accuracy": 0.2444,
        "epsilon": 0.3482408338018071
      },
      {
        "round": 8,
        "loss": 2.225938462601683,
        "accuracy": 0.3356,
        "epsilon": 0.3736203141138817
      },
      {
        "round": 9,
        "loss": 2.2089895029037523,
        "accuracy": 0.381,
        "epsilon": 0.397569169400259
      },
      {
        "round": 10,
        "loss": 2.1918972521163402,
        "accuracy": 0.4507,
        "epsilon": 0.42030876731696093
      },
      {
        "round": 11,
        "loss": 2.169538212279542,
        "accuracy": 0.5041,
        "epsilon": 0.44208123200797955
      },
      {
        "round": 12,
        "loss": 2.1455409138347394,
        "accuracy": 0.5726,
        "epsilon": 0.46289296587350715
      },
      {
        "round": 13,
        "loss": 2.1204102938167586,
        "accuracy": 0.566,
        "epsilon": 0.4829342178747134
      },
      {
        "round": 14,
        "loss": 2.091722184476761,
        "accuracy": 0.5937,
        "epsilon": 0.5022930663456076
      },
      {
        "round": 15,
        "loss": 2.0579335129679963,
        "accuracy": 0.6216,
        "epsilon": 0.5210361253997846
      },
      {
        "round": 16,
        "loss": 2.0188976537686187,
        "accuracy": 0.6385,
        "epsilon": 0.5392390262270351
      },
      {
        "round": 17,
        "loss": 1.9803842706040453,
        "accuracy": 0.6386,
        "epsilon": 0.556952463847769
      },
      {
        "round": 18,
        "loss": 1.936202489910796,
        "accuracy": 0.672,
        "epsilon": 0.5740684904874293
      },
      {
        "round": 19,
        "loss": 1.8912268903689646,
        "accuracy": 0.646,
        "epsilon": 0.5908316001513955
      },
      {
        "round": 20,
        "loss": 1.841881641945519,
        "accuracy": 0.6605,
        "epsilon": 0.6072805506220927
      },
      {
        "round": 21,
        "loss": 1.7880198102408702,
        "accuracy": 0.6806,
        "epsilon": 0.6231756758972299
      },
      {
        "round": 22,
        "loss": 1.7331679594783358,
        "accuracy": 0.6748,
        "epsilon": 0.6389676826491587
      },
      {
        "round": 23,
        "loss": 1.6728385694491597,
        "accuracy": 0.6733,
        "epsilon": 0.6541587860809085
      },
      {
        "round": 24,
        "loss": 1.6168053949983736,
        "accuracy": 0.6915,
        "epsilon": 0.6693498895126583
      },
      {
        "round": 25,
        "loss": 1.5571380857461556,
        "accuracy": 0.6946,
        "epsilon": 0.6839422870990742
      },
      {
        "round": 26,
        "loss": 1.496113147598486,
        "accuracy": 0.6906,
        "epsilon": 0.6985069342300112
      },
      {
        "round": 27,
        "loss": 1.4362763558713774,
        "accuracy": 0.7048,
        "epsilon": 0.7127158050370683
      },
      {
        "round": 28,
        "loss": 1.3722065268233181,
        "accuracy": 0.7121,
        "epsilon": 0.7266556286706252
      },
      {
        "round": 29,
        "loss": 1.3194504159327132,
        "accuracy": 0.7032,
        "epsilon": 0.740595452304182
      },
      {
        "round": 30,
        "loss": 1.2653519393156132,
        "accuracy": 0.7072,
        "epsilon": 0.7540207535288381
      },
      {
        "round": 31,
        "loss": 1.2087870539186862,
        "accuracy": 0.7161,
        "epsilon": 0.7673373775618958
      },
      {
        "round": 32,
        "loss": 1.160672956190932,
        "accuracy": 0.7071,
        "epsilon": 0.7806540015949538
      },
      {
        "round": 33,
        "loss": 1.1140748763236756,
        "accuracy": 0.7165,
        "epsilon": 0.7935662907531418
      },
      {
        "round": 34,
        "loss": 1.0676718000025034,
        "accuracy": 0.7246,
        "epsilon": 0.8062613302549672
      },
      {
        "round": 35,
        "loss": 1.0303351500163824,
        "accuracy": 0.7257,
        "epsilon": 0.8189563697567925
      },
      {
        "round": 36,
        "loss": 0.9898918570040132,
        "accuracy": 0.7344,
        "epsilon": 0.8316514092586177
      },
      {
        "round": 37,
        "loss": 0.950436955823685,
        "accuracy": 0.7357,
        "epsilon": 0.8437572992130854
      },
      {
        "round": 38,