{
  "config": {
    "config_id": 8,
    "num_clients": 15,
    "num_rounds": 50,
    "num_byzantine": 3,
    "use_dp": true,
    "epsilon": 1.0,
    "delta": 1e-05,
    "use_fltrust": true,
    "use_topk": true,
    "topk_ratio": 0.01,
    "root_dataset_size": 800,
    "rescale_to_ref_norm": false
  },
  "results": {
    "elapsed_seconds": 1119.2994904518127,
    "noise_multiplier": 2.6953125,
    "confusion_matrix": [
      [
        928,
        0,
        0,
        4,
        4,
        0,
        9,
        34,
        1,
        0
      ],
      [
        0,
        0,
        0,
        3,
        0,
        0,
        3,
        1125,
        4,
        0
      ],
      [
        78,
        0,
        638,
        73,
        34,
        0,
        35,
        174,
        0,
        0
      ],
      [
        42,
        0,
        13,
        699,
        2,
        0,
        15,
        228,
        9,
        2
      ],
      [
        3,
        0,
        1,
        0,
        763,
        0,
        22,
        176,
        0,
        17
      ],
      [
        165,
        0,
        8,
        232,
        41,
        74,
        29,
        298,
        34,
        11
      ],
      [
        88,
        0,
        0,
        0,
        42,
        1,
        752,
        73,
        2,
        0
      ],
      [
        5,
        0,
        9,
        0,
        14,
        0,
        1,
        996,
        3,
        0
      ],
      [
        97,
        0,
        35,
        143,
        20,
        1,
        36,
        356,
        274,
        12
      ],
      [
        24,
        0,
        2,
        7,
        321,
        0,
        6,
        532,
        4,
        113
      ]
    ],
    "per_class_scores": {
      "0": {
        "precision": 0.649,
        "recall": 0.9469,
        "f1": 0.7701
      },
      "1": {
        "precision": 0.0,
        "recall": 0.0,
        "f1": 0.0
      },
      "2": {
        "precision": 0.9037,
        "recall": 0.6182,
        "f1": 0.7342
      },
      "3": {
        "precision": 0.6021,
        "recall": 0.6921,
        "f1": 0.6439
      },
      "4": {
        "precision": 0.6148,
        "recall": 0.777,
        "f1": 0.6865
      },
      "5": {
        "precision": 0.9737,
        "recall": 0.083,
        "f1": 0.1529
      },
      "6": {
        "precision": 0.8282,
        "recall": 0.785,
        "f1": 0.806
      },
      "7": {
        "precision": 0.2495,
        "recall": 0.9689,
        "f1": 0.3968
      },
      "8": {
        "precision": 0.8278,
        "recall": 0.2813,
        "f1": 0.4199
      },
      "9": {
        "precision": 0.729,
        "recall": 0.112,
        "f1": 0.1942
      }
    },
    "per_round": [
      {
        "round": 1,
        "loss": 2.3017960942972198,
        "accuracy": 0.1281,
        "epsilon": 0.1431705644619328
      },
      {
        "round": 2,
        "loss": 2.2992333253732506,
        "accuracy": 0.1031,
        "epsilon": 0.1834738777125859
      },
      {
        "round": 3,
        "loss": 2.299315207301618,
        "accuracy": 0.1028,
        "epsilon": 0.22357828329335358
      },
      {
        "round": 4,
        "loss": 2.2996718266520637,
        "accuracy": 0.1028,
        "epsilon": 0.2597159963294333
      },
      {
        "round": 5,
        "loss": 2.3010091796850625,
        "accuracy": 0.1028,
        "epsilon": 0.29185646430661977
      },
      {
        "round": 6,
        "loss": 2.301465819057184,
        "accuracy": 0.1028,
        "epsilon": 0.3211349591535607
      },
      {
        "round": 7,
        "loss": 2.2452235587488723,
        "accuracy": 0.1885,
        "epsilon": null
      },
      {
        "round": 8,
        "loss": 2.241786962119155,
        "accuracy": 0.1476,
        "epsilon": 0.3736203141138817
      },
      {
        "round": 9,
        "loss": 2.2406864905128843,
        "accuracy": 0.1196,
        "epsilon": 0.397569169400259
      },
      {
        "round": 10,
        "loss": 2.2406700023066115,
        "accuracy": 0.1133,
        "epsilon": 0.42030876731696093
      },
      {
        "round": 11,
        "loss": 2.2397454851351606,
        "accuracy": 0.1121,
        "epsilon": 0.44208123200797955
      },
      {
        "round": 12,
        "loss": 2.238202715072388,
        "accuracy": 0.1181,
        "epsilon": 0.46289296587350715
      },
      {
        "round": 13,
        "loss": 2.236152365565681,
        "accuracy": 0.1181,
        "epsilon": 0.4829342178747134
      },
      {
        "round": 14,
        "loss": 2.2307629272960625,
        "accuracy": 0.1309,
        "epsilon": 0.5022930663456076
      },
      {
        "round": 15,
        "loss": 2.2253243237638625,
        "accuracy": 0.1387,
        "epsilon": 0.5210361253997846
      },
      {
        "round": 16,
        "loss": 2.219036917336071,
        "accuracy": 0.1517,
        "epsilon": 0.5392390262270351
      },
      {
        "round": 17,
        "loss": 2.2107959235438144,
        "accuracy": 0.1623,
        "epsilon": 0.556952463847769
      },
      {
        "round": 18,
        "loss": 2.2042218892338177,
        "accuracy": 0.1787,
        "epsilon": 0.5740684904874293
      },
      {
        "round": 19,
        "loss": 2.1922297424401713,
        "accuracy": 0.2033,
        "epsilon": 0.5908316001513955
      },
      {
        "round": 20,
        "loss": 2.1814429242009172,
        "accuracy": 0.218,
        "epsilon": 0.6072805506220927
      },
      {
        "round": 21,
        "loss": 2.169854923559073,
        "accuracy": 0.2305,
        "epsilon": 0.6231756758972299
      },
      {
        "round": 22,
        "loss": 2.1568095470769717,
        "accuracy": 0.2473,
        "epsilon": 0.6389676826491587
      },
      {
        "round": 23,
        "loss": 2.143605313362024,
        "accuracy": 0.2736,
        "epsilon": 0.6541587860809085
      },
      {
        "round": 24,
        "loss": 2.129166091973789,
        "accuracy": 0.2892,
        "epsilon": 0.6693498895126583
      },
      {
        "round": 25,
        "loss": 2.1135653802000296,
        "accuracy": 0.3109,
        "epsilon": 0.6839422870990742
      },
      {
        "round": 26,
        "loss": 2.094803094483031,
        "accuracy": 0.3319,
        "epsilon": 0.6985069342300112
      },
      {
        "round": 27,
        "loss": 2.081076082711022,
        "accuracy": 0.3392,
        "epsilon": 0.7127158050370683
      },
      {
        "round": 28,
        "loss": 2.0695831790899697,
        "accuracy": 0.3437,
        "epsilon": 0.7266556286706252
      },
      {
        "round": 29,
        "loss": 2.0517950541676044,
        "accuracy": 0.3569,
        "epsilon": 0.740595452304182
      },
      {
        "round": 30,
        "loss": 2.033066362237778,
        "accuracy": 0.3698,
        "epsilon": 0.7540207535288381
      },
      {
        "round": 31,
        "loss": 2.014074767359529,
        "accuracy": 0.3803,
        "epsilon": 0.7673373775618958
      },
      {
        "round": 32,
        "loss": 1.9916853101108782,
        "accuracy": 0.3938,
        "epsilon": 0.7806540015949538
      },
      {
        "round": 33,
        "loss": 1.969400829400498,
        "accuracy": 0.4028,
        "epsilon": 0.7935662907531418
      },
      {
        "round": 34,
        "loss": 1.9487954991313214,
        "accuracy": 0.4133,
        "epsilon": 0.8062613302549672
      },
      {
        "round": 35,
        "loss": 1.926331531887237,
        "accuracy": 0.4227,
        "epsilon": 0.8189563697567925
      },
      {
        "round": 36,
        "loss": 1.9096729983917822,
        "accuracy": 0.4265,
        "epsilon": 0.8316514092586177
      },
      {
        "round": 37,
        "loss": 1.888003281511057,
        "accuracy": 0.4358,
        "epsilon": 0.8437572992130854
      },
      {
        "round": 38,
        "loss": 1.8624970288322378,