{
  "config": {
    "config_id": 6,
    "num_clients": 15,
    "num_rounds": 50,
    "num_byzantine": 3,
    "use_dp": true,
    "epsilon": 5.0,
    "delta": 1e-05,
    "use_fltrust": false,
    "use_topk": true,
    "topk_ratio": 0.1,
    "root_dataset_size": 800,
    "rescale_to_ref_norm": false
  },
  "results": {
    "elapsed_seconds": 1136.1835823059082,
    "noise_multiplier": 0.9002685546875,
    "confusion_matrix": [
      [
        936,
        2,
        2,
        3,
        1,
        2,
        19,
        12,
        3,
        0
      ],
      [
        0,
        831,
        4,
        7,
        2,
        0,
        15,
        252,
        22,
        2
      ],
      [
        46,
        17,
        802,
        55,
        22,
        0,
        57,
        27,
        4,
        2
      ],
      [
        21,
        7,
        33,
        790,
        3,
        5,
        12,
        97,
        41,
        1
      ],
      [
        1,
        0,
        1,
        0,
        872,
        0,
        71,
        31,
        0,
        6
      ],
      [
        96,
        13,
        11,
        203,
        49,
        353,
        40,
        100,
        26,
        1
      ],
      [
        34,
        15,
        1,
        0,
        4,
        8,
        888,
        5,
        3,
        0
      ],
      [
        5,
        5,
        25,
        1,
        10,
        0,
        2,
        965,
        6,
        9
      ],
      [
        38,
        15,
        20,
        87,
        35,
        16,
        35,
        76,
        649,
        3
      ],
      [
        15,
        2,
        10,
        10,
        195,
        1,
        16,
        339,
        15,
        406
      ]
    ],
    "per_class_scores": {
      "0": {
        "precision": 0.7852,
        "recall": 0.9551,
        "f1": 0.8619
      },
      "1": {
        "precision": 0.9162,
        "recall": 0.7322,
        "f1": 0.8139
      },
      "2": {
        "precision": 0.8823,
        "recall": 0.7771,
        "f1": 0.8264
      },
      "3": {
        "precision": 0.6834,
        "recall": 0.7822,
        "f1": 0.7295
      },
      "4": {
        "precision": 0.7309,
        "recall": 0.888,
        "f1": 0.8018
      },
      "5": {
        "precision": 0.9169,
        "recall": 0.3957,
        "f1": 0.5529
      },
      "6": {
        "precision": 0.7688,
        "recall": 0.9269,
        "f1": 0.8405
      },
      "7": {
        "precision": 0.5068,
        "recall": 0.9387,
        "f1": 0.6583
      },
      "8": {
        "precision": 0.844,
        "recall": 0.6663,
        "f1": 0.7447
      },
      "9": {
        "precision": 0.9442,
        "recall": 0.4024,
        "f1": 0.5643
      }
    },
    "per_round": [
      {
        "round": 1,
        "loss": 2.3061378040252785,
        "accuracy": 0.1069,
        "epsilon": 1.4728879081342994
      },
      {
        "round": 2,
        "loss": 2.298762248346981,
        "accuracy": 0.1071,
        "epsilon": 1.6108717708762434
      },
      {
        "round": 3,
        "loss": 2.292175399609648,
        "accuracy": 0.1029,
        "epsilon": 1.7285115559287882
      },
      {
        "round": 4,
        "loss": 2.284837033421087,
        "accuracy": 0.1028,
        "epsilon": 1.836310237945263
      },
      {
        "round": 5,
        "loss": 2.277142768469863,
        "accuracy": 0.1028,
        "epsilon": 1.937757849394517
      },
      {
        "round": 6,
        "loss": 2.2691670180128787,
        "accuracy": 0.1028,
        "epsilon": 2.0349133989708887
      },
      {
        "round": 7,
        "loss": 2.260483823264369,
        "accuracy": 0.1028,
        "epsilon": 2.1289988043018195
      },
      {
        "round": 8,
        "loss": 2.250469539873897,
        "accuracy": 0.1028,
        "epsilon": 2.219510268366218
      },
      {
        "round": 9,
        "loss": 2.2410927306348905,
        "accuracy": 0.1028,
        "epsilon": 2.3077824620568173
      },
      {
        "round": 10,
        "loss": 2.228945227095875,
        "accuracy": 0.1036,
        "epsilon": 2.3946101189704962
      },
      {
        "round": 11,
        "loss": 2.2163341380536745,
        "accuracy": 0.1082,
        "epsilon": 2.478611153569211
      },
      {
        "round": 12,
        "loss": 2.2021880218396173,
        "accuracy": 0.1172,
        "epsilon": 2.561469736303986
      },
      {
        "round": 13,
        "loss": 2.1862788253698873,
        "accuracy": 0.1472,
        "epsilon": 2.6427690958077843
      },
      {
        "round": 14,
        "loss": 2.1688327126609632,
        "accuracy": 0.1732,
        "epsilon": 2.7222828607037863
      },
      {
        "round": 15,
        "loss": 2.149696900821722,
        "accuracy": 0.2096,
        "epsilon": 2.801129002412008
      },
      {
        "round": 16,
        "loss": 2.12798281180592,
        "accuracy": 0.2529,
        "epsilon": 2.8777286852957786
      },
      {
        "round": 17,
        "loss": 2.104352494017385,
        "accuracy": 0.2895,
        "epsilon": 2.9538071644763644
      },
      {
        "round": 18,
        "loss": 2.0775187392585193,
        "accuracy": 0.3328,
        "epsilon": 3.028310021353841
      },
      {
        "round": 19,
        "loss": 2.0504470359022244,
        "accuracy": 0.3632,
        "epsilon": 3.101887707510588
      },
      {
        "round": 20,
        "loss": 2.0220121792711008,
        "accuracy": 0.387,
        "epsilon": 3.17441749693167
      },
      {
        "round": 21,
        "loss": 1.9886694944704681,
        "accuracy": 0.419,
        "epsilon": 3.245713516614839
      },
      {
        "round": 22,
        "loss": 1.9540092126249127,
        "accuracy": 0.4473,
        "epsilon": 3.3163707487224756
      },
      {
        "round": 23,
        "loss": 1.9165551293010528,
        "accuracy": 0.4763,
        "epsilon": 3.385577622374414
      },
      {
        "round": 24,
        "loss": 1.8741747407486642,
        "accuracy": 0.5121,
        "epsilon": 3.454445157866623
      },
      {
        "round": 25,
        "loss": 1.8312867099103836,
        "accuracy": 0.5395,
        "epsilon": 3.5217423184388617
      },
      {
        "round": 26,
        "loss": 1.7864539752753017,
        "accuracy": 0.5531,
        "epsilon": 3.5888894616001417
      },
      {
        "round": 27,
        "loss": 1.7426075783019632,
        "accuracy": 0.5559,
        "epsilon": 3.654452068187558
      },
      {
        "round": 28,
        "loss": 1.6950450373914674,
        "accuracy": 0.5686,
        "epsilon": 3.719937589551915
      },
      {
        "round": 29,
        "loss": 1.6436234925882505,
        "accuracy": 0.5799,
        "epsilon": 3.783942451753882
      },
      {
        "round": 30,
        "loss": 1.5937403790866986,
        "accuracy": 0.5947,
        "epsilon": 3.847816842791142
      },
      {
        "round": 31,
        "loss": 1.5426610856772232,
        "accuracy": 0.6081,
        "epsilon": 3.910446601534621
      },
      {
        "round": 32,
        "loss": 1.4911242384499255,
        "accuracy": 0.6119,
        "epsilon": 3.9727537733178013
      },
      {
        "round": 33,
        "loss": 1.4445682371767183,
        "accuracy": 0.6189,
        "epsilon": 4.034200059111386
      },
      {
        "round": 34,
        "loss": 1.3946427746702688,
        "accuracy": 0.6298,
        "epsilon": 4.094978634623319
      },
      {
        "round": 35,
        "loss": 1.3494082923514394,
        "accuracy": 0.6303,
        "epsilon": 4.155444673080473
      },
      {
        "round": 36,
        "loss": 1.3005551351145053,
        "accuracy": 0.643,
        "epsilon": 4.214728979928485
      },
      {
        "round": 37,
        "loss": 1.254232415375999,
        "accuracy": 0.6534,
        "epsilon": 4.274013286776497
      },
      {
        "round": 38,
        "loss": 1.2086523864596797,