{
  "config": {
    "config_id": 5,
    "num_clients": 15,
    "num_rounds": 50,
    "num_byzantine": 3,
    "use_dp": true,
    "epsilon": 5.0,
    "delta": 1e-05,
    "use_fltrust": true,
    "use_topk": false,
    "topk_ratio": 0.1,
    "root_dataset_size": 800,
    "rescale_to_ref_norm": false
  },
  "results": {
    "elapsed_seconds": 1153.4065659046173,
    "noise_multiplier": 0.9002685546875,
    "confusion_matrix": [
      [
        917,
        0,
        11,
        3,
        0,
        38,
        7,
        1,
        3,
        0
      ],
      [
        0,
        1076,
        27,
        8,
        1,
        11,
        3,
        0,
        8,
        1
      ],
      [
        13,
        3,
        957,
        12,
        7,
        3,
        7,
        8,
        20,
        2
      ],
      [
        1,
        2,
        40,
        913,
        0,
        32,
        0,
        2,
        7,
        13
      ],
      [
        3,
        3,
        14,
        0,
        814,
        0,
        12,
        1,
        2,
        133
      ],
      [
        5,
        6,
        16,
        29,
        9,
        814,
        3,
        0,
        5,
        5
      ],
      [
        33,
        11,
        116,
        1,
        7,
        55,
        733,
        0,
        1,
        1
      ],
      [
        5,
        17,
        71,
        4,
        3,
        4,
        0,
        769,
        0,
        155
      ],
      [
        17,
        9,
        69,
        55,
        11,
        62,
        2,
        5,
        691,
        53
      ],
      [
        10,
        7,
        25,
        13,
        10,
        15,
        0,
        9,
        1,
        919
      ]
    ],
    "per_class_scores": {
      "0": {
        "precision": 0.9133,
        "recall": 0.9357,
        "f1": 0.9244
      },
      "1": {
        "precision": 0.9489,
        "recall": 0.948,
        "f1": 0.9484
      },
      "2": {
        "precision": 0.711,
        "recall": 0.9273,
        "f1": 0.8049
      },
      "3": {
        "precision": 0.8796,
        "recall": 0.904,
        "f1": 0.8916
      },
      "4": {
        "precision": 0.9443,
        "recall": 0.8289,
        "f1": 0.8829
      },
      "5": {
        "precision": 0.7872,
        "recall": 0.9126,
        "f1": 0.8453
      },
      "6": {
        "precision": 0.9557,
        "recall": 0.7651,
        "f1": 0.8499
      },
      "7": {
        "precision": 0.9673,
        "recall": 0.7481,
        "f1": 0.8437
      },
      "8": {
        "precision": 0.9363,
        "recall": 0.7094,
        "f1": 0.8072
      },
      "9": {
        "precision": 0.7168,
        "recall": 0.9108,
        "f1": 0.8023
      }
    },
    "per_round": [
      {
        "round": 1,
        "loss": 2.2940344772399803,
        "accuracy": 0.1028,
        "epsilon": 1.4728879081342994
      },
      {
        "round": 2,
        "loss": 2.281878533835609,
        "accuracy": 0.1028,
        "epsilon": 1.6108717708762434
      },
      {
        "round": 3,
        "loss": 2.2688718847573375,
        "accuracy": 0.1028,
        "epsilon": 1.7285115559287882
      },
      {
        "round": 4,
        "loss": 2.253351473579772,
        "accuracy": 0.1028,
        "epsilon": 1.836310237945263
      },
      {
        "round": 5,
        "loss": 2.2295881947770284,
        "accuracy": 0.1047,
        "epsilon": 1.937757849394517
      },
      {
        "round": 6,
        "loss": 2.205789165374951,
        "accuracy": 0.1313,
        "epsilon": 2.0349133989708887
      },
      {
        "round": 7,
        "loss": 2.175378263187104,
        "accuracy": 0.2128,
        "epsilon": 2.1289988043018195
      },
      {
        "round": 8,
        "loss": 2.135534285737303,
        "accuracy": 0.2909,
        "epsilon": 2.219510268366218
      },
      {
        "round": 9,
        "loss": 2.0925076708626063,
        "accuracy": 0.3387,
        "epsilon": 2.3077824620568173
      },
      {
        "round": 10,
        "loss": 2.0391468255283733,
        "accuracy": 0.3975,
        "epsilon": 2.3946101189704962
      },
      {
        "round": 11,
        "loss": 1.9791663732772438,
        "accuracy": 0.4328,
        "epsilon": 2.478611153569211
      },
      {
        "round": 12,
        "loss": 1.9097892343045806,
        "accuracy": 0.4778,
        "epsilon": 2.561469736303986
      },
      {
        "round": 13,
        "loss": 1.8319855943655436,
        "accuracy": 0.5106,
        "epsilon": 2.6427690958077843
      },
      {
        "round": 14,
        "loss": 1.7476998053419703,
        "accuracy": 0.5358,
        "epsilon": 2.7222828607037863
      },
      {
        "round": 15,
        "loss": 1.6562457057995534,
        "accuracy": 0.5659,
        "epsilon": 2.801129002412008
      },
      {
        "round": 16,
        "loss": 1.563051134633561,
        "accuracy": 0.5802,
        "epsilon": 2.8777286852957786
      },
      {
        "round": 17,
        "loss": 1.4687719204174443,
        "accuracy": 0.5912,
        "epsilon": 2.9538071644763644
      },
      {
        "round": 18,
        "loss": 1.3739853289942392,
        "accuracy": 0.6068,
        "epsilon": 3.028310021353841
      },
      {
        "round": 19,
        "loss": 1.286565835483539,
        "accuracy": 0.6196,
        "epsilon": 3.101887707510588
      },
      {
        "round": 20,
        "loss": 1.2059803784084016,
        "accuracy": 0.628,
        "epsilon": 3.17441749693167
      },
      {
        "round": 21,
        "loss": 1.1266251846243398,
        "accuracy": 0.6401,
        "epsilon": 3.245713516614839
      },
      {
        "round": 22,
        "loss": 1.0587140959672654,
        "accuracy": 0.6488,
        "epsilon": 3.3163707487224756
      },
      {
        "round": 23,
        "loss": 0.9959882400668086,
        "accuracy": 0.6591,
        "epsilon": 3.385577622374414
      },
      {
        "round": 24,
        "loss": 0.9391920275200669,
        "accuracy": 0.6751,
        "epsilon": 3.454445157866623
      },
      {
        "round": 25,
        "loss": 0.8837493371468382,
        "accuracy": 0.6931,
        "epsilon": 3.5217423184388617
      },
      {
        "round": 26,
        "loss": 0.8396602228236276,
        "accuracy": 0.7087,
        "epsilon": 3.5888894616001417
      },
      {
        "round": 27,
        "loss": 0.7947565247646917,
        "accuracy": 0.7272,
        "epsilon": 3.654452068187558
      },
      {
        "round": 28,
        "loss": 0.7509369781603829,
        "accuracy": 0.7509,
        "epsilon": 3.719937589551915
      },
      {
        "round": 29,
        "loss": 0.719045778432974,
        "accuracy": 0.7627,
        "epsilon": 3.783942451753882
      },
      {
        "round": 30,
        "loss": 0.6911636684268427,
        "accuracy": 0.7709,
        "epsilon": 3.847816842791142
      },
      {
        "round": 31,
        "loss": 0.6654080667149145,
        "accuracy": 0.7826,
        "epsilon": 3.910446601534621
      },
      {
        "round": 32,
        "loss": 0.6473965798132717,
        "accuracy": 0.788,
        "epsilon": 3.9727537733178013
      },
      {
        "round": 33,
        "loss": 0.6285213422946656,
        "accuracy": 0.7929,
        "epsilon": 4.034200059111386
      },
      {
        "round": 34,
        "loss": 0.6101402547984077,
        "accuracy": 0.7989,
        "epsilon": 4.094978634623319
      },
      {
        "round": 35,
        "loss": 0.5826553522873992,
        "accuracy": 0.8111,
        "epsilon": 4.155444673080473
      },
      {
        "round": 36,
        "loss": 0.5793549884527255,
        "accuracy": 0.81,
        "epsilon": 4.214728979928485
      },
      {
        "round": 37,
        "loss": 0.5725259306712653,
        "accuracy": 0.8124,
        "epsilon": 4.274013286776497
      },
      {
        "round": 38,
        "loss": 0.5623592988799174,