{
  "config": {
    "config_id": 6,
    "num_clients": 15,
    "num_rounds": 50,
    "num_byzantine": 3,
    "use_dp": true,
    "epsilon": 1.0,
    "delta": 1e-05,
    "use_fltrust": false,
    "use_topk": true,
    "topk_ratio": 0.01,
    "root_dataset_size": 800,
    "rescale_to_ref_norm": false
  },
  "results": {
    "elapsed_seconds": 1111.9871582984924,
    "noise_multiplier": 2.6953125,
    "confusion_matrix": [
      [
        835,
        0,
        0,
        0,
        0,
        0,
        0,
        145,
        0,
        0
      ],
      [
        0,
        0,
        0,
        0,
        0,
        0,
        0,
        1135,
        0,
        0
      ],
      [
        123,
        0,
        21,
        0,
        0,
        0,
        0,
        888,
        0,
        0
      ],
      [
        35,
        0,
        0,
        47,
        0,
        0,
        0,
        928,
        0,
        0
      ],
      [
        17,
        0,
        0,
        0,
        0,
        0,
        0,
        964,
        0,
        1
      ],
      [
        87,
        0,
        0,
        3,
        0,
        0,
        0,
        802,
        0,
        0
      ],
      [
        88,
        0,
        0,
        0,
        0,
        0,
        41,
        829,
        0,
        0
      ],
      [
        1,
        0,
        0,
        0,
        0,
        0,
        0,
        1027,
        0,
        0
      ],
      [
        66,
        0,
        0,
        4,
        0,
        0,
        0,
        903,
        1,
        0
      ],
      [
        15,
        0,
        0,
        0,
        0,
        0,
        0,
        994,
        0,
        0
      ]
    ],
    "per_class_scores": {
      "0": {
        "precision": 0.659,
        "recall": 0.852,
        "f1": 0.7432
      },
      "1": {
        "precision": 0.0,
        "recall": 0.0,
        "f1": 0.0
      },
      "2": {
        "precision": 1.0,
        "recall": 0.0203,
        "f1": 0.0399
      },
      "3": {
        "precision": 0.8704,
        "recall": 0.0465,
        "f1": 0.0883
      },
      "4": {
        "precision": 0.0,
        "recall": 0.0,
        "f1": 0.0
      },
      "5": {
        "precision": 0.0,
        "recall": 0.0,
        "f1": 0.0
      },
      "6": {
        "precision": 1.0,
        "recall": 0.0428,
        "f1": 0.0821
      },
      "7": {
        "precision": 0.1192,
        "recall": 0.999,
        "f1": 0.213
      },
      "8": {
        "precision": 1.0,
        "recall": 0.001,
        "f1": 0.0021
      },
      "9": {
        "precision": 0.0,
        "recall": 0.0,
        "f1": 0.0
      }
    },
    "per_round": [
      {
        "round": 1,
        "loss": 2.3071414152273353,
        "accuracy": 0.1032,
        "epsilon": 0.1431705644619328
      },
      {
        "round": 2,
        "loss": 2.305344660061236,
        "accuracy": 0.083,
        "epsilon": 0.1834738777125859
      },
      {
        "round": 3,
        "loss": 2.303588854238248,
        "accuracy": 0.1127,
        "epsilon": 0.22357828329335358
      },
      {
        "round": 4,
        "loss": 2.3022738120045525,
        "accuracy": 0.1044,
        "epsilon": 0.2597159963294333
      },
      {
        "round": 5,
        "loss": 2.3004395733245264,
        "accuracy": 0.1028,
        "epsilon": 0.29185646430661977
      },
      {
        "round": 6,
        "loss": 2.2992772751342,
        "accuracy": 0.1028,
        "epsilon": 0.3211349591535607
      },
      {
        "round": 7,
        "loss": 2.2985827298210073,
        "accuracy": 0.1028,
        "epsilon": 0.3482408338018071
      },
      {
        "round": 8,
        "loss": 2.2985239607838395,
        "accuracy": 0.1028,
        "epsilon": 0.3736203141138817
      },
      {
        "round": 9,
        "loss": 2.298234212131927,
        "accuracy": 0.1028,
        "epsilon": 0.397569169400259
      },
      {
        "round": 10,
        "loss": 2.297754002074464,
        "accuracy": 0.1028,
        "epsilon": 0.42030876731696093
      },
      {
        "round": 11,
        "loss": 2.296658071085287,
        "accuracy": 0.1028,
        "epsilon": 0.44208123200797955
      },
      {
        "round": 12,
        "loss": 2.295047759248045,
        "accuracy": 0.1028,
        "epsilon": 0.46289296587350715
      },
      {
        "round": 13,
        "loss": 2.293341570388014,
        "accuracy": 0.1028,
        "epsilon": 0.4829342178747134
      },
      {
        "round": 14,
        "loss": 2.292812351220713,
        "accuracy": 0.1028,
        "epsilon": 0.5022930663456076
      },
      {
        "round": 15,
        "loss": 2.2917704399401386,
        "accuracy": 0.1028,
        "epsilon": 0.5210361253997846
      },
      {
        "round": 16,
        "loss": 2.2906195012906108,
        "accuracy": 0.1028,
        "epsilon": 0.5392390262270351
      },
      {
        "round": 17,
        "loss": 2.2902017134827926,
        "accuracy": 0.1028,
        "epsilon": 0.556952463847769
      },
      {
        "round": 18,
        "loss": 2.289062311854987,
        "accuracy": 0.1028,
        "epsilon": 0.5740684904874293
      },
      {
        "round": 19,
        "loss": 2.2877111434936523,
        "accuracy": 0.1028,
        "epsilon": 0.5908316001513955
      },
      {
        "round": 20,
        "loss": 2.286045964152668,
        "accuracy": 0.1028,
        "epsilon": 0.6072805506220927
      },
      {
        "round": 21,
        "loss": 2.285130598293707,
        "accuracy": 0.1028,
        "epsilon": 0.6231756758972299
      },
      {
        "round": 22,
        "loss": 2.2829433462490294,
        "accuracy": 0.1028,
        "epsilon": 0.6389676826491587
      },
      {
        "round": 23,
        "loss": 2.2803113171086906,
        "accuracy": 0.1028,
        "epsilon": 0.6541587860809085
      },
      {
        "round": 24,
        "loss": 2.2784989299103855,
        "accuracy": 0.1028,
        "epsilon": 0.6693498895126583
      },
      {
        "round": 25,
        "loss": 2.2756173648773292,
        "accuracy": 0.1028,
        "epsilon": 0.6839422870990742
      },
      {
        "round": 26,
        "loss": 2.272076138292258,
        "accuracy": 0.1028,
        "epsilon": 0.6985069342300112
      },
      {
        "round": 27,
        "loss": 2.2678638350087614,
        "accuracy": 0.1028,
        "epsilon": 0.7127158050370683
      },
      {
        "round": 28,
        "loss": 2.264919408974937,
        "accuracy": 0.1028,
        "epsilon": 0.7266556286706252
      },
      {
        "round": 29,
        "loss": 2.262069259588711,
        "accuracy": 0.1028,
        "epsilon": 0.740595452304182
      },
      {
        "round": 30,
        "loss": 2.260024271834011,
        "accuracy": 0.1028,
        "epsilon": 0.7540207535288381
      },
      {
        "round": 31,
        "loss": 2.2563396185731737,
        "accuracy": 0.1029,
        "epsilon": 0.7673373775618958
      },
      {
        "round": 32,
        "loss": 2.252745868298954,
        "accuracy": 0.1051,
        "epsilon": 0.7806540015949538
      },
      {
        "round": 33,
        "loss": 2.2472188289934834,
        "accuracy": 0.112,
        "epsilon": 0.7935662907531418
      },
      {
        "round": 34,
        "loss": 2.241653250429196,
        "accuracy": 0.1217,
        "epsilon": 0.8062613302549672
      },
      {
        "round": 35,
        "loss": 2.236229289454012,
        "accuracy": 0.1293,
        "epsilon": 0.8189563697567925
      },
      {
        "round": 36,
        "loss": 2.2326318189358942,
        "accuracy": 0.1371,
        "epsilon": 0.8316514092586177
      },
      {
        "round": 37,
        "loss": 2.2273631522449824,
        "accuracy": 0.142,
        "epsilon": 0.8437572992130854
      },
      {
        "round": 38,
        "loss": 2.2212788213175325,
        "accuracy": 0.1498,