{
  "config": {
    "config_id": 8,
    "num_clients": 15,
    "num_rounds": 50,
    "num_byzantine": 3,
    "use_dp": true,
    "epsilon": 5.0,
    "delta": 1e-05,
    "use_fltrust": true,
    "use_topk": true,
    "topk_ratio": 0.1,
    "root_dataset_size": 800,
    "rescale_to_ref_norm": false
  },
  "results": {
    "elapsed_seconds": 1172.1812422275543,
    "noise_multiplier": 0.9002685546875,
    "confusion_matrix": [
      [
        933,
        0,
        5,
        1,
        1,
        1,
        28,
        4,
        7,
        0
      ],
      [
        0,
        0,
        20,
        7,
        0,
        0,
        7,
        1086,
        15,
        0
      ],
      [
        54,
        0,
        711,
        81,
        26,
        0,
        49,
        105,
        6,
        0
      ],
      [
        32,
        0,
        22,
        790,
        1,
        9,
        8,
        139,
        8,
        1
      ],
      [
        15,
        0,
        4,
        0,
        699,
        0,
        62,
        195,
        3,
        4
      ],
      [
        246,
        0,
        5,
        193,
        31,
        116,
        96,
        179,
        22,
        4
      ],
      [
        46,
        0,
        9,
        0,
        22,
        6,
        861,
        13,
        1,
        0
      ],
      [
        13,
        0,
        18,
        1,
        2,
        1,
        1,
        986,
        0,
        6
      ],
      [
        64,
        0,
        26,
        53,
        30,
        5,
        83,
        216,
        493,
        4
      ],
      [
        36,
        0,
        6,
        5,
        217,
        1,
        10,
        539,
        1,
        194
      ]
    ],
    "per_class_scores": {
      "0": {
        "precision": 0.6484,
        "recall": 0.952,
        "f1": 0.7714
      },
      "1": {
        "precision": 0.0,
        "recall": 0.0,
        "f1": 0.0
      },
      "2": {
        "precision": 0.8608,
        "recall": 0.689,
        "f1": 0.7653
      },
      "3": {
        "precision": 0.6985,
        "recall": 0.7822,
        "f1": 0.738
      },
      "4": {
        "precision": 0.6793,
        "recall": 0.7118,
        "f1": 0.6952
      },
      "5": {
        "precision": 0.8345,
        "recall": 0.13,
        "f1": 0.225
      },
      "6": {
        "precision": 0.7145,
        "recall": 0.8987,
        "f1": 0.7961
      },
      "7": {
        "precision": 0.2848,
        "recall": 0.9591,
        "f1": 0.4392
      },
      "8": {
        "precision": 0.8867,
        "recall": 0.5062,
        "f1": 0.6444
      },
      "9": {
        "precision": 0.9108,
        "recall": 0.1923,
        "f1": 0.3175
      }
    },
    "per_round": [
      {
        "round": 1,
        "loss": 2.300529939298051,
        "accuracy": 0.1031,
        "epsilon": 1.4728879081342994
      },
      {
        "round": 2,
        "loss": 2.300494715809441,
        "accuracy": 0.1028,
        "epsilon": 1.6108717708762434
      },
      {
        "round": 3,
        "loss": 2.272417795162993,
        "accuracy": 0.1039,
        "epsilon": null
      },
      {
        "round": 4,
        "loss": 2.275305071577858,
        "accuracy": 0.1028,
        "epsilon": 1.836310237945263
      },
      {
        "round": 5,
        "loss": 2.2629380050939494,
        "accuracy": 0.1068,
        "epsilon": 1.937757849394517
      },
      {
        "round": 6,
        "loss": 2.2588241625898564,
        "accuracy": 0.1073,
        "epsilon": 2.0349133989708887
      },
      {
        "round": 7,
        "loss": 2.255097172130792,
        "accuracy": 0.1096,
        "epsilon": 2.1289988043018195
      },
      {
        "round": 8,
        "loss": 2.2561874519140956,
        "accuracy": 0.1057,
        "epsilon": 2.219510268366218
      },
      {
        "round": 9,
        "loss": 2.253476865756245,
        "accuracy": 0.107,
        "epsilon": 2.3077824620568173
      },
      {
        "round": 10,
        "loss": 2.249284135647856,
        "accuracy": 0.1083,
        "epsilon": 2.3946101189704962
      },
      {
        "round": 11,
        "loss": 2.238576809819133,
        "accuracy": 0.1184,
        "epsilon": 2.478611153569211
      },
      {
        "round": 12,
        "loss": 2.231956596191699,
        "accuracy": 0.1225,
        "epsilon": 2.561469736303986
      },
      {
        "round": 13,
        "loss": 2.22077243015789,
        "accuracy": 0.1404,
        "epsilon": 2.6427690958077843
      },
      {
        "round": 14,
        "loss": 2.207525582359241,
        "accuracy": 0.1548,
        "epsilon": 2.7222828607037863
      },
      {
        "round": 15,
        "loss": 2.1957180911359697,
        "accuracy": 0.1694,
        "epsilon": 2.801129002412008
      },
      {
        "round": 16,
        "loss": 2.1812818073236144,
        "accuracy": 0.1882,
        "epsilon": 2.8777286852957786
      },
      {
        "round": 17,
        "loss": 2.164391271603374,
        "accuracy": 0.2093,
        "epsilon": 2.9538071644763644
      },
      {
        "round": 18,
        "loss": 2.1464642979466495,
        "accuracy": 0.2264,
        "epsilon": 3.028310021353841
      },
      {
        "round": 19,
        "loss": 2.128538077250837,
        "accuracy": 0.233,
        "epsilon": 3.101887707510588
      },
      {
        "round": 20,
        "loss": 2.106610706819894,
        "accuracy": 0.2501,
        "epsilon": 3.17441749693167
      },
      {
        "round": 21,
        "loss": 2.0835730046890797,
        "accuracy": 0.2759,
        "epsilon": 3.245713516614839
      },
      {
        "round": 22,
        "loss": 2.0625911021765813,
        "accuracy": 0.2891,
        "epsilon": 3.3163707487224756
      },
      {
        "round": 23,
        "loss": 2.0367914148793815,
        "accuracy": 0.3129,
        "epsilon": 3.385577622374414
      },
      {
        "round": 24,
        "loss": 2.013374737276437,
        "accuracy": 0.318,
        "epsilon": 3.454445157866623
      },
      {
        "round": 25,
        "loss": 1.9876758088699926,
        "accuracy": 0.3332,
        "epsilon": 3.5217423184388617
      },
      {
        "round": 26,
        "loss": 1.9583117504851124,
        "accuracy": 0.3554,
        "epsilon": 3.5888894616001417
      },
      {
        "round": 27,
        "loss": 1.9299735508787745,
        "accuracy": 0.3694,
        "epsilon": 3.654452068187558
      },
      {
        "round": 28,
        "loss": 1.9021484768047883,
        "accuracy": 0.3807,
        "epsilon": 3.719937589551915
      },
      {
        "round": 29,
        "loss": 1.8743332578732186,
        "accuracy": 0.3975,
        "epsilon": 3.783942451753882
      },
      {
        "round": 30,
        "loss": 1.8411312952590067,
        "accuracy": 0.417,
        "epsilon": 3.847816842791142
      },
      {
        "round": 31,
        "loss": 1.8104351511397683,
        "accuracy": 0.4203,
        "epsilon": 3.910446601534621
      },
      {
        "round": 32,
        "loss": 1.780550427330188,
        "accuracy": 0.4325,
        "epsilon": 3.9727537733178013
      },
      {
        "round": 33,
        "loss": 1.7444724560545657,
        "accuracy": 0.4581,
        "epsilon": 4.034200059111386
      },
      {
        "round": 34,
        "loss": 1.7109407495005065,
        "accuracy": 0.4697,
        "epsilon": 4.094978634623319
      },
      {
        "round": 35,
        "loss": 1.6788436486698184,
        "accuracy": 0.4769,
        "epsilon": 4.155444673080473
      },
      {
        "round": 36,
        "loss": 1.6475325883767855,
        "accuracy": 0.4822,
        "epsilon": 4.214728979928485
      },
      {
        "round": 37,
        "loss": 1.6165765398226604,
        "accuracy": 0.497,
        "epsilon": 4.274013286776497
      },
      {
        "round": 38,
        "loss": 1.5880268370381558,
        "accuracy": 0.5005,