{
  "config": {
    "config_id": 5,
    "num_clients": 15,
    "num_rounds": 50,
    "num_byzantine": 3,
    "use_dp": true,
    "epsilon": 10.0,
    "delta": 1e-05,
    "use_fltrust": true,
    "use_topk": false,
    "topk_ratio": 0.1,
    "root_dataset_size": 800,
    "rescale_to_ref_norm": false
  },
  "results": {
    "elapsed_seconds": 1165.5590205192566,
    "noise_multiplier": 0.688323974609375,
    "confusion_matrix": [
      [
        948,
        1,
        1,
        2,
        0,
        6,
        13,
        2,
        7,
        0
      ],
      [
        0,
        1051,
        20,
        12,
        1,
        3,
        7,
        2,
        39,
        0
      ],
      [
        17,
        9,
        885,
        20,
        26,
        4,
        27,
        24,
        20,
        0
      ],
      [
        4,
        7,
        32,
        889,
        0,
        15,
        5,
        28,
        24,
        6
      ],
      [
        1,
        2,
        4,
        0,
        886,
        1,
        25,
        5,
        6,
        52
      ],
      [
        22,
        13,
        2,
        91,
        39,
        646,
        30,
        10,
        31,
        8
      ],
      [
        21,
        8,
        19,
        0,
        13,
        17,
        880,
        0,
        0,
        0
      ],
      [
        1,
        12,
        22,
        5,
        7,
        0,
        0,
        950,
        8,
        23
      ],
      [
        23,
        14,
        13,
        53,
        13,
        48,
        22,
        17,
        755,
        16
      ],
      [
        16,
        8,
        13,
        10,
        187,
        5,
        1,
        92,
        21,
        656
      ]
    ],
    "per_class_scores": {
      "0": {
        "precision": 0.9003,
        "recall": 0.9673,
        "f1": 0.9326
      },
      "1": {
        "precision": 0.9342,
        "recall": 0.926,
        "f1": 0.9301
      },
      "2": {
        "precision": 0.8754,
        "recall": 0.8576,
        "f1": 0.8664
      },
      "3": {
        "precision": 0.8216,
        "recall": 0.8802,
        "f1": 0.8499
      },
      "4": {
        "precision": 0.756,
        "recall": 0.9022,
        "f1": 0.8227
      },
      "5": {
        "precision": 0.8671,
        "recall": 0.7242,
        "f1": 0.7892
      },
      "6": {
        "precision": 0.8713,
        "recall": 0.9186,
        "f1": 0.8943
      },
      "7": {
        "precision": 0.8407,
        "recall": 0.9241,
        "f1": 0.8804
      },
      "8": {
        "precision": 0.8288,
        "recall": 0.7752,
        "f1": 0.8011
      },
      "9": {
        "precision": 0.862,
        "recall": 0.6501,
        "f1": 0.7412
      }
    },
    "per_round": [
      {
        "round": 1,
        "loss": 2.2891756208559957,
        "accuracy": 0.1851,
        "epsilon": 3.0585866791041023
      },
      {
        "round": 2,
        "loss": 2.275993018866347,
        "accuracy": 0.1532,
        "epsilon": 3.412109529186297
      },
      {
        "round": 3,
        "loss": 2.259343665247908,
        "accuracy": 0.17,
        "epsilon": 3.6955199096151086
      },
      {
        "round": 4,
        "loss": 2.2425918320116525,
        "accuracy": 0.1541,
        "epsilon": 3.940714512507488
      },
      {
        "round": 5,
        "loss": 2.2221726876097367,
        "accuracy": 0.167,
        "epsilon": 4.163404995397555
      },
      {
        "round": 6,
        "loss": 2.199083670259665,
        "accuracy": 0.1932,
        "epsilon": 4.37334546917447
      },
      {
        "round": 7,
        "loss": 2.171162453703225,
        "accuracy": 0.2519,
        "epsilon": 4.5681686769668
      },
      {
        "round": 8,
        "loss": 2.1369784967587013,
        "accuracy": 0.3115,
        "epsilon": 4.7550326661196705
      },
      {
        "round": 9,
        "loss": 2.097918233170677,
        "accuracy": 0.3569,
        "epsilon": 4.933212830657192
      },
      {
        "round": 10,
        "loss": 2.0506626161904387,
        "accuracy": 0.4249,
        "epsilon": 5.1067410837684255
      },
      {
        "round": 11,
        "loss": 1.9956372309797485,
        "accuracy": 0.499,
        "epsilon": 5.270975421056663
      },
      {
        "round": 12,
        "loss": 1.9317977207537276,
        "accuracy": 0.5514,
        "epsilon": 5.435209758344901
      },
      {
        "round": 13,
        "loss": 1.860732377908481,
        "accuracy": 0.6027,
        "epsilon": 5.590135778723774
      },
      {
        "round": 14,
        "loss": 1.7834935645325878,
        "accuracy": 0.6249,
        "epsilon": 5.7424570700345345
      },
      {
        "round": 15,
        "loss": 1.7001782084425416,
        "accuracy": 0.6411,
        "epsilon": 5.894778361345295
      },
      {
        "round": 16,
        "loss": 1.6101290871160099,
        "accuracy": 0.6757,
        "epsilon": 6.039060269783534
      },
      {
        "round": 17,
        "loss": 1.5188782538849706,
        "accuracy": 0.6812,
        "epsilon": 6.181026989021959
      },
      {
        "round": 18,
        "loss": 1.4301538528344881,
        "accuracy": 0.6894,
        "epsilon": 6.322993708260384
      },
      {
        "round": 19,
        "loss": 1.3418901366547655,
        "accuracy": 0.6975,
        "epsilon": 6.4625501763637665
      },
      {
        "round": 20,
        "loss": 1.2563327486141802,
        "accuracy": 0.7064,
        "epsilon": 6.5953770723323775
      },
      {
        "round": 21,
        "loss": 1.177357949387913,
        "accuracy": 0.7076,
        "epsilon": 6.7282039683009875
      },
      {
        "round": 22,
        "loss": 1.1000287205266495,
        "accuracy": 0.7141,
        "epsilon": 6.861030864269598
      },
      {
        "round": 23,
        "loss": 1.0312727051801955,
        "accuracy": 0.719,
        "epsilon": 6.992437593066833
      },
      {
        "round": 24,
        "loss": 0.9693288517455322,
        "accuracy": 0.7276,
        "epsilon": 7.117086632051556
      },
      {
        "round": 25,
        "loss": 0.9138561832828643,
        "accuracy": 0.7319,
        "epsilon": 7.241735671036277
      },
      {
        "round": 26,
        "loss": 0.8643834035807905,
        "accuracy": 0.7369,
        "epsilon": 7.366384710020999
      },
      {
        "round": 27,
        "loss": 0.8205454315240389,
        "accuracy": 0.7443,
        "epsilon": 7.49103374900572
      },
      {
        "round": 28,
        "loss": 0.7826436604745091,
        "accuracy": 0.748,
        "epsilon": 7.612597569095328
      },
      {
        "round": 29,
        "loss": 0.7478409504738098,
        "accuracy": 0.7555,
        "epsilon": 7.7298421402903985
      },
      {
        "round": 30,
        "loss": 0.7215678865155473,
        "accuracy": 0.7587,
        "epsilon": 7.847086711485468
      },
      {
        "round": 31,
        "loss": 0.694012879849242,
        "accuracy": 0.7638,
        "epsilon": 7.964331282680537
      },
      {
        "round": 32,
        "loss": 0.667703255915794,
        "accuracy": 0.7731,
        "epsilon": 8.081575853875606
      },
      {
        "round": 33,
        "loss": 0.6512509191664643,
        "accuracy": 0.7766,
        "epsilon": 8.198820425070675
      },
      {
        "round": 34,
        "loss": 0.6308787700276784,
        "accuracy": 0.7833,
        "epsilon": 8.310126758207078
      },
      {
        "round": 35,
        "loss": 0.614948361302717,
        "accuracy": 0.7881,
        "epsilon": 8.420597610433344
      },
      {
        "round": 36,
        "loss": 0.6000919003551379,
        "accuracy": 0.795,
        "epsilon": 8.531068462659611
      },
      {
        "round": 37,
        "loss": 0.5952532542304109,
        "accuracy": 0.7917,
        "epsilon": 8.641539314885875
      },
      {
        "round": 38,
        "loss": 0.5784065799115184,