{
  "config": {
    "config_id": 6,
    "num_clients": 15,
    "num_rounds": 50,
    "num_byzantine": 3,
    "use_dp": true,
    "epsilon": 5.0,
    "delta": 1e-05,
    "use_fltrust": false,
    "use_topk": true,
    "topk_ratio": 0.01,
    "root_dataset_size": 800,
    "rescale_to_ref_norm": false
  },
  "results": {
    "elapsed_seconds": 1137.8995287418365,
    "noise_multiplier": 0.9002685546875,
    "confusion_matrix": [
      [
        433,
        0,
        0,
        0,
        0,
        0,
        0,
        547,
        0,
        0
      ],
      [
        0,
        0,
        0,
        0,
        0,
        0,
        0,
        1135,
        0,
        0
      ],
      [
        18,
        0,
        0,
        0,
        0,
        0,
        0,
        1014,
        0,
        0
      ],
      [
        1,
        0,
        0,
        0,
        0,
        0,
        0,
        1009,
        0,
        0
      ],
      [
        11,
        0,
        0,
        0,
        0,
        0,
        0,
        971,
        0,
        0
      ],
      [
        15,
        0,
        0,
        0,
        0,
        0,
        0,
        877,
        0,
        0
      ],
      [
        86,
        0,
        0,
        0,
        0,
        0,
        0,
        872,
        0,
        0
      ],
      [
        0,
        0,
        0,
        0,
        0,
        0,
        0,
        1028,
        0,
        0
      ],
      [
        28,
        0,
        0,
        0,
        0,
        0,
        0,
        946,
        0,
        0
      ],
      [
        6,
        0,
        0,
        0,
        0,
        0,
        0,
        1003,
        0,
        0
      ]
    ],
    "per_class_scores": {
      "0": {
        "precision": 0.7241,
        "recall": 0.4418,
        "f1": 0.5488
      },
      "1": {
        "precision": 0.0,
        "recall": 0.0,
        "f1": 0.0
      },
      "2": {
        "precision": 0.0,
        "recall": 0.0,
        "f1": 0.0
      },
      "3": {
        "precision": 0.0,
        "recall": 0.0,
        "f1": 0.0
      },
      "4": {
        "precision": 0.0,
        "recall": 0.0,
        "f1": 0.0
      },
      "5": {
        "precision": 0.0,
        "recall": 0.0,
        "f1": 0.0
      },
      "6": {
        "precision": 0.0,
        "recall": 0.0,
        "f1": 0.0
      },
      "7": {
        "precision": 0.1093,
        "recall": 1.0,
        "f1": 0.1971
      },
      "8": {
        "precision": 0.0,
        "recall": 0.0,
        "f1": 0.0
      },
      "9": {
        "precision": 0.0,
        "recall": 0.0,
        "f1": 0.0
      }
    },
    "per_round": [
      {
        "round": 1,
        "loss": 2.3108533289485846,
        "accuracy": 0.1032,
        "epsilon": 1.4728879081342994
      },
      {
        "round": 2,
        "loss": 2.3099287371285047,
        "accuracy": 0.1042,
        "epsilon": 1.6108717708762434
      },
      {
        "round": 3,
        "loss": 2.309828413180269,
        "accuracy": 0.1028,
        "epsilon": 1.7285115559287882
      },
      {
        "round": 4,
        "loss": 2.310579687642594,
        "accuracy": 0.1028,
        "epsilon": 1.836310237945263
      },
      {
        "round": 5,
        "loss": 2.3117368510736824,
        "accuracy": 0.1028,
        "epsilon": 1.937757849394517
      },
      {
        "round": 6,
        "loss": 2.313020813579377,
        "accuracy": 0.1028,
        "epsilon": 2.0349133989708887
      },
      {
        "round": 7,
        "loss": 2.3140902702039043,
        "accuracy": 0.1028,
        "epsilon": 2.1289988043018195
      },
      {
        "round": 8,
        "loss": 2.3148098380420916,
        "accuracy": 0.1028,
        "epsilon": 2.219510268366218
      },
      {
        "round": 9,
        "loss": 2.315919137229554,
        "accuracy": 0.1028,
        "epsilon": 2.3077824620568173
      },
      {
        "round": 10,
        "loss": 2.316970557069626,
        "accuracy": 0.1028,
        "epsilon": 2.3946101189704962
      },
      {
        "round": 11,
        "loss": 2.316762705580495,
        "accuracy": 0.1028,
        "epsilon": 2.478611153569211
      },
      {
        "round": 12,
        "loss": 2.3177422723069356,
        "accuracy": 0.1028,
        "epsilon": 2.561469736303986
      },
      {
        "round": 13,
        "loss": 2.3183564225705666,
        "accuracy": 0.1028,
        "epsilon": 2.6427690958077843
      },
      {
        "round": 14,
        "loss": 2.318349292103094,
        "accuracy": 0.1028,
        "epsilon": 2.7222828607037863
      },
      {
        "round": 15,
        "loss": 2.319336258946135,
        "accuracy": 0.1028,
        "epsilon": 2.801129002412008
      },
      {
        "round": 16,
        "loss": 2.319081138117245,
        "accuracy": 0.1028,
        "epsilon": 2.8777286852957786
      },
      {
        "round": 17,
        "loss": 2.3186350638112323,
        "accuracy": 0.1028,
        "epsilon": 2.9538071644763644
      },
      {
        "round": 18,
        "loss": 2.316994197071551,
        "accuracy": 0.1028,
        "epsilon": 3.028310021353841
      },
      {
        "round": 19,
        "loss": 2.315792270361806,
        "accuracy": 0.1028,
        "epsilon": 3.101887707510588
      },
      {
        "round": 20,
        "loss": 2.3143906951331483,
        "accuracy": 0.1028,
        "epsilon": 3.17441749693167
      },
      {
        "round": 21,
        "loss": 2.3127108420045994,
        "accuracy": 0.1028,
        "epsilon": 3.245713516614839
      },
      {
        "round": 22,
        "loss": 2.3111624405406914,
        "accuracy": 0.1028,
        "epsilon": 3.3163707487224756
      },
      {
        "round": 23,
        "loss": 2.3085723090857364,
        "accuracy": 0.1028,
        "epsilon": 3.385577622374414
      },
      {
        "round": 24,
        "loss": 2.3065903544806825,
        "accuracy": 0.1028,
        "epsilon": 3.454445157866623
      },
      {
        "round": 25,
        "loss": 2.3050157528715776,
        "accuracy": 0.1028,
        "epsilon": 3.5217423184388617
      },
      {
        "round": 26,
        "loss": 2.3029625720490277,
        "accuracy": 0.1028,
        "epsilon": 3.5888894616001417
      },
      {
        "round": 27,
        "loss": 2.300309655003654,
        "accuracy": 0.1028,
        "epsilon": 3.654452068187558
      },
      {
        "round": 28,
        "loss": 2.297992301063416,
        "accuracy": 0.1028,
        "epsilon": 3.719937589551915
      },
      {
        "round": 29,
        "loss": 2.293318789607039,
        "accuracy": 0.1028,
        "epsilon": 3.783942451753882
      },
      {
        "round": 30,
        "loss": 2.289655108040514,
        "accuracy": 0.1028,
        "epsilon": 3.847816842791142
      },
      {
        "round": 31,
        "loss": 2.286443943413682,
        "accuracy": 0.1028,
        "epsilon": 3.910446601534621
      },
      {
        "round": 32,
        "loss": 2.2823640218558023,
        "accuracy": 0.1028,
        "epsilon": 3.9727537733178013
      },
      {
        "round": 33,
        "loss": 2.2797264176816605,
        "accuracy": 0.1028,
        "epsilon": 4.034200059111386
      },
      {
        "round": 34,
        "loss": 2.2759204581141854,
        "accuracy": 0.1028,
        "epsilon": 4.094978634623319
      },
      {
        "round": 35,
        "loss": 2.2731123511402753,
        "accuracy": 0.1028,
        "epsilon": 4.155444673080473
      },
      {
        "round": 36,
        "loss": 2.2696456665429063,
        "accuracy": 0.1031,
        "epsilon": 4.214728979928485
      },
      {
        "round": 37,
        "loss": 2.266657448424318,
        "accuracy": 0.1035,
        "epsilon": 4.274013286776497
      },
      {
        "round": 38,
        "loss": 2.263722926283035,
        "accuracy": 0.1036,
        "epsilon": 4.332252791121816
      },
      {
        "round": 39,