{
  "config": {
    "config_id": 5,
    "num_clients": 15,
    "num_rounds": 50,
    "num_byzantine": 3,
    "use_dp": true,
    "epsilon": 1.0,
    "delta": 1e-05,
    "use_fltrust": true,
    "use_topk": false,
    "topk_ratio": 0.1,
    "root_dataset_size": 800,
    "rescale_to_ref_norm": false
  },
  "results": {
    "elapsed_seconds": 1122.1581346988678,
    "noise_multiplier": 2.6953125,
    "confusion_matrix": [
      [
        951,
        0,
        3,
        1,
        2,
        2,
        14,
        3,
        4,
        0
      ],
      [
        0,
        1082,
        7,
        3,
        5,
        1,
        6,
        1,
        30,
        0
      ],
      [
        15,
        3,
        880,
        11,
        24,
        3,
        24,
        19,
        53,
        0
      ],
      [
        13,
        7,
        32,
        887,
        2,
        14,
        5,
        16,
        25,
        9
      ],
      [
        0,
        1,
        9,
        0,
        870,
        0,
        37,
        5,
        1,
        59
      ],
      [
        36,
        10,
        8,
        80,
        34,
        621,
        30,
        24,
        35,
        14
      ],
      [
        14,
        6,
        34,
        1,
        18,
        9,
        870,
        0,
        6,
        0
      ],
      [
        1,
        9,
        30,
        5,
        16,
        0,
        1,
        926,
        4,
        36
      ],
      [
        8,
        3,
        13,
        29,
        20,
        14,
        13,
        17,
        837,
        20
      ],
      [
        17,
        6,
        14,
        13,
        33,
        4,
        1,
        44,
        6,
        871
      ]
    ],
    "per_class_scores": {
      "0": {
        "precision": 0.9014,
        "recall": 0.9704,
        "f1": 0.9346
      },
      "1": {
        "precision": 0.9601,
        "recall": 0.9533,
        "f1": 0.9567
      },
      "2": {
        "precision": 0.8544,
        "recall": 0.8527,
        "f1": 0.8535
      },
      "3": {
        "precision": 0.8612,
        "recall": 0.8782,
        "f1": 0.8696
      },
      "4": {
        "precision": 0.8496,
        "recall": 0.8859,
        "f1": 0.8674
      },
      "5": {
        "precision": 0.9296,
        "recall": 0.6962,
        "f1": 0.7962
      },
      "6": {
        "precision": 0.8691,
        "recall": 0.9081,
        "f1": 0.8882
      },
      "7": {
        "precision": 0.8777,
        "recall": 0.9008,
        "f1": 0.8891
      },
      "8": {
        "precision": 0.8362,
        "recall": 0.8593,
        "f1": 0.8476
      },
      "9": {
        "precision": 0.8632,
        "recall": 0.8632,
        "f1": 0.8632
      }
    },
    "per_round": [
      {
        "round": 1,
        "loss": 2.286998272703859,
        "accuracy": 0.1037,
        "epsilon": 0.1431705644619328
      },
      {
        "round": 2,
        "loss": 2.2689363880279347,
        "accuracy": 0.131,
        "epsilon": 0.1834738777125859
      },
      {
        "round": 3,
        "loss": 2.247297750875211,
        "accuracy": 0.2109,
        "epsilon": 0.22357828329335358
      },
      {
        "round": 4,
        "loss": 2.2231806322408563,
        "accuracy": 0.308,
        "epsilon": 0.2597159963294333
      },
      {
        "round": 5,
        "loss": 2.1906545923921628,
        "accuracy": 0.4012,
        "epsilon": 0.29185646430661977
      },
      {
        "round": 6,
        "loss": 2.1501495144999447,
        "accuracy": 0.4794,
        "epsilon": 0.3211349591535607
      },
      {
        "round": 7,
        "loss": 2.099651561377528,
        "accuracy": 0.5998,
        "epsilon": 0.3482408338018071
      },
      {
        "round": 8,
        "loss": 2.042997495815777,
        "accuracy": 0.6489,
        "epsilon": 0.3736203141138817
      },
      {
        "round": 9,
        "loss": 1.9808199238091615,
        "accuracy": 0.6697,
        "epsilon": 0.397569169400259
      },
      {
        "round": 10,
        "loss": 1.9042234070384845,
        "accuracy": 0.7009,
        "epsilon": 0.42030876731696093
      },
      {
        "round": 11,
        "loss": 1.8241901302489991,
        "accuracy": 0.696,
        "epsilon": 0.44208123200797955
      },
      {
        "round": 12,
        "loss": 1.730991117870465,
        "accuracy": 0.7247,
        "epsilon": 0.46289296587350715
      },
      {
        "round": 13,
        "loss": 1.6294235402402786,
        "accuracy": 0.7269,
        "epsilon": 0.4829342178747134
      },
      {
        "round": 14,
        "loss": 1.5299428267219959,
        "accuracy": 0.7377,
        "epsilon": 0.5022930663456076
      },
      {
        "round": 15,
        "loss": 1.429144324966894,
        "accuracy": 0.7481,
        "epsilon": 0.5210361253997846
      },
      {
        "round": 16,
        "loss": 1.3265112326168025,
        "accuracy": 0.7529,
        "epsilon": 0.5392390262270351
      },
      {
        "round": 17,
        "loss": 1.2278723231138893,
        "accuracy": 0.7634,
        "epsilon": 0.556952463847769
      },
      {
        "round": 18,
        "loss": 1.144076922831063,
        "accuracy": 0.759,
        "epsilon": 0.5740684904874293
      },
      {
        "round": 19,
        "loss": 1.065587443094284,
        "accuracy": 0.7626,
        "epsilon": 0.5908316001513955
      },
      {
        "round": 20,
        "loss": 0.991941249408661,
        "accuracy": 0.7678,
        "epsilon": 0.6072805506220927
      },
      {
        "round": 21,
        "loss": 0.9305242600913247,
        "accuracy": 0.7665,
        "epsilon": 0.6231756758972299
      },
      {
        "round": 22,
        "loss": 0.8786194894831783,
        "accuracy": 0.7671,
        "epsilon": 0.6389676826491587
      },
      {
        "round": 23,
        "loss": 0.8304273873662796,
        "accuracy": 0.7676,
        "epsilon": 0.6541587860809085
      },
      {
        "round": 24,
        "loss": 0.7854546895994546,
        "accuracy": 0.7737,
        "epsilon": 0.6693498895126583
      },
      {
        "round": 25,
        "loss": 0.7492633530507072,
        "accuracy": 0.7788,
        "epsilon": 0.6839422870990742
      },
      {
        "round": 26,
        "loss": 0.7139484085404454,
        "accuracy": 0.7862,
        "epsilon": 0.6985069342300112
      },
      {
        "round": 27,
        "loss": 0.686811878372686,
        "accuracy": 0.7914,
        "epsilon": 0.7127158050370683
      },
      {
        "round": 28,
        "loss": 0.6663962526919361,
        "accuracy": 0.7928,
        "epsilon": 0.7266556286706252
      },
      {
        "round": 29,
        "loss": 0.6409447902022078,
        "accuracy": 0.8001,
        "epsilon": 0.740595452304182
      },
      {
        "round": 30,
        "loss": 0.6211065878026402,
        "accuracy": 0.8056,
        "epsilon": 0.7540207535288381
      },
      {
        "round": 31,
        "loss": 0.6120368493631625,
        "accuracy": 0.8044,
        "epsilon": 0.7673373775618958
      },
      {
        "round": 32,
        "loss": 0.5906587333058397,
        "accuracy": 0.8129,
        "epsilon": 0.7806540015949538
      },
      {
        "round": 33,
        "loss": 0.580767032032767,
        "accuracy": 0.8139,
        "epsilon": 0.7935662907531418
      },
      {
        "round": 34,
        "loss": 0.570649268742377,
        "accuracy": 0.8175,
        "epsilon": 0.8062613302549672
      },
      {
        "round": 35,
        "loss": 0.5580645498281089,
        "accuracy": 0.823,
        "epsilon": 0.8189563697567925
      },
      {
        "round": 36,
        "loss": 0.553475492702315,
        "accuracy": 0.8246,
        "epsilon": 0.8316514092586177
      },
      {
        "round": 37,
        "loss": 0.5515815189566475,
        "accuracy": 0.8232,
        "epsilon": 0.8437572992130854
      },
      {
        "round": 38,
        "loss": 0.531421691441117,