{
  "config": {
    "config_id": 2,
    "num_clients": 15,
    "num_rounds": 50,
    "num_byzantine": 3,
    "use_dp": true,
    "epsilon": 10.0,
    "delta": 1e-05,
    "use_fltrust": false,
    "use_topk": false,
    "topk_ratio": 0.1,
    "root_dataset_size": 800,
    "rescale_to_ref_norm": false
  },
  "results": {
    "elapsed_seconds": 1180.813895225525,
    "noise_multiplier": 0.688323974609375,
    "confusion_matrix": [
      [
        943,
        0,
        3,
        3,
        3,
        7,
        9,
        4,
        8,
        0
      ],
      [
        0,
        1067,
        19,
        12,
        1,
        1,
        8,
        1,
        24,
        2
      ],
      [
        16,
        19,
        857,
        28,
        26,
        0,
        35,
        28,
        22,
        1
      ],
      [
        4,
        13,
        29,
        882,
        2,
        11,
        9,
        31,
        21,
        8
      ],
      [
        1,
        8,
        3,
        0,
        875,
        0,
        34,
        3,
        6,
        52
      ],
      [
        41,
        24,
        4,
        157,
        43,
        505,
        38,
        31,
        42,
        7
      ],
      [
        22,
        13,
        20,
        0,
        18,
        14,
        867,
        1,
        3,
        0
      ],
      [
        3,
        17,
        28,
        1,
        14,
        0,
        0,
        936,
        7,
        22
      ],
      [
        19,
        19,
        16,
        84,
        25,
        28,
        28,
        26,
        712,
        17
      ],
      [
        18,
        10,
        8,
        13,
        194,
        2,
        5,
        110,
        22,
        627
      ]
    ],
    "per_class_scores": {
      "0": {
        "precision": 0.8838,
        "recall": 0.9622,
        "f1": 0.9213
      },
      "1": {
        "precision": 0.8966,
        "recall": 0.9401,
        "f1": 0.9178
      },
      "2": {
        "precision": 0.8683,
        "recall": 0.8304,
        "f1": 0.8489
      },
      "3": {
        "precision": 0.7475,
        "recall": 0.8733,
        "f1": 0.8055
      },
      "4": {
        "precision": 0.7286,
        "recall": 0.891,
        "f1": 0.8016
      },
      "5": {
        "precision": 0.8891,
        "recall": 0.5661,
        "f1": 0.6918
      },
      "6": {
        "precision": 0.8393,
        "recall": 0.905,
        "f1": 0.8709
      },
      "7": {
        "precision": 0.7993,
        "recall": 0.9105,
        "f1": 0.8513
      },
      "8": {
        "precision": 0.8212,
        "recall": 0.731,
        "f1": 0.7735
      },
      "9": {
        "precision": 0.8519,
        "recall": 0.6214,
        "f1": 0.7186
      }
    },
    "per_round": [
      {
        "round": 1,
        "loss": 2.288906935304879,
        "accuracy": 0.1978,
        "epsilon": 3.0585866791041023
      },
      {
        "round": 2,
        "loss": 2.276480805759612,
        "accuracy": 0.2451,
        "epsilon": 3.412109529186297
      },
      {
        "round": 3,
        "loss": 2.264465932267162,
        "accuracy": 0.2014,
        "epsilon": 3.6955199096151086
      },
      {
        "round": 4,
        "loss": 2.251373691680713,
        "accuracy": 0.2239,
        "epsilon": 3.940714512507488
      },
      {
        "round": 5,
        "loss": 2.236456404859646,
        "accuracy": 0.2529,
        "epsilon": 4.163404995397555
      },
      {
        "round": 6,
        "loss": 2.2185336583719466,
        "accuracy": 0.2926,
        "epsilon": 4.37334546917447
      },
      {
        "round": 7,
        "loss": 2.1980373051981577,
        "accuracy": 0.344,
        "epsilon": 4.5681686769668
      },
      {
        "round": 8,
        "loss": 2.174479186725312,
        "accuracy": 0.3923,
        "epsilon": 4.7550326661196705
      },
      {
        "round": 9,
        "loss": 2.146995850645315,
        "accuracy": 0.4651,
        "epsilon": 4.933212830657192
      },
      {
        "round": 10,
        "loss": 2.1149824057905056,
        "accuracy": 0.4856,
        "epsilon": 5.1067410837684255
      },
      {
        "round": 11,
        "loss": 2.077666302077686,
        "accuracy": 0.5449,
        "epsilon": 5.270975421056663
      },
      {
        "round": 12,
        "loss": 2.0348707456558275,
        "accuracy": 0.5922,
        "epsilon": 5.435209758344901
      },
      {
        "round": 13,
        "loss": 1.9858765647815055,
        "accuracy": 0.6399,
        "epsilon": 5.590135778723774
      },
      {
        "round": 14,
        "loss": 1.930651707771106,
        "accuracy": 0.6788,
        "epsilon": 5.7424570700345345
      },
      {
        "round": 15,
        "loss": 1.8690300745705064,
        "accuracy": 0.6931,
        "epsilon": 5.894778361345295
      },
      {
        "round": 16,
        "loss": 1.8023236963314748,
        "accuracy": 0.7003,
        "epsilon": 6.039060269783534
      },
      {
        "round": 17,
        "loss": 1.730824017296203,
        "accuracy": 0.709,
        "epsilon": 6.181026989021959
      },
      {
        "round": 18,
        "loss": 1.6558345362020377,
        "accuracy": 0.7214,
        "epsilon": 6.322993708260384
      },
      {
        "round": 19,
        "loss": 1.580223561475833,
        "accuracy": 0.7256,
        "epsilon": 6.4625501763637665
      },
      {
        "round": 20,
        "loss": 1.502595256692685,
        "accuracy": 0.729,
        "epsilon": 6.5953770723323775
      },
      {
        "round": 21,
        "loss": 1.4230150148129692,
        "accuracy": 0.7447,
        "epsilon": 6.7282039683009875
      },
      {
        "round": 22,
        "loss": 1.348921692028594,
        "accuracy": 0.7442,
        "epsilon": 6.861030864269598
      },
      {
        "round": 23,
        "loss": 1.272846325136983,
        "accuracy": 0.7491,
        "epsilon": 6.992437593066833
      },
      {
        "round": 24,
        "loss": 1.2037659293165603,
        "accuracy": 0.7439,
        "epsilon": 7.117086632051556
      },
      {
        "round": 25,
        "loss": 1.1377354043360335,
        "accuracy": 0.7512,
        "epsilon": 7.241735671036277
      },
      {
        "round": 26,
        "loss": 1.0737494774900684,
        "accuracy": 0.7558,
        "epsilon": 7.366384710020999
      },
      {
        "round": 27,
        "loss": 1.0200100122168423,
        "accuracy": 0.7569,
        "epsilon": 7.49103374900572
      },
      {
        "round": 28,
        "loss": 0.9667813926459121,
        "accuracy": 0.7608,
        "epsilon": 7.612597569095328
      },
      {
        "round": 29,
        "loss": 0.9174787084134624,
        "accuracy": 0.7648,
        "epsilon": 7.7298421402903985
      },
      {
        "round": 30,
        "loss": 0.8709978971618433,
        "accuracy": 0.7713,
        "epsilon": 7.847086711485468
      },
      {
        "round": 31,
        "loss": 0.831221322662914,
        "accuracy": 0.7725,
        "epsilon": 7.964331282680537
      },
      {
        "round": 32,
        "loss": 0.7984814074473638,
        "accuracy": 0.7742,
        "epsilon": 8.081575853875606
      },
      {
        "round": 33,
        "loss": 0.7645487146446118,
        "accuracy": 0.7797,
        "epsilon": 8.198820425070675
      },
      {
        "round": 34,
        "loss": 0.7363843229441597,
        "accuracy": 0.7812,
        "epsilon": 8.310126758207078
      },
      {
        "round": 35,
        "loss": 0.7095496851129653,
        "accuracy": 0.7847,
        "epsilon": 8.420597610433344
      },
      {
        "round": 36,
        "loss": 0.6848607952126299,
        "accuracy": 0.7895,
        "epsilon": 8.531068462659611
      },
      {
        "round": 37,
        "loss": 0.6645339866891836,
        "accuracy": 0.7918,
        "epsilon": 8.641539314885875
      },
      {
        "round": 38,
        "loss": 0.652545883156621,