{
  "config": {
    "config_id": 6,
    "num_clients": 15,
    "num_rounds": 50,
    "num_byzantine": 3,
    "use_dp": true,
    "epsilon": 10.0,
    "delta": 1e-05,
    "use_fltrust": false,
    "use_topk": true,
    "topk_ratio": 0.1,
    "root_dataset_size": 800,
    "rescale_to_ref_norm": false
  },
  "results": {
    "elapsed_seconds": 1165.2097249031067,
    "noise_multiplier": 0.688323974609375,
    "confusion_matrix": [
      [
        914,
        0,
        2,
        3,
        0,
        14,
        32,
        1,
        14,
        0
      ],
      [
        0,
        1069,
        42,
        6,
        1,
        2,
        10,
        0,
        5,
        0
      ],
      [
        25,
        25,
        835,
        19,
        18,
        1,
        56,
        32,
        20,
        1
      ],
      [
        9,
        23,
        56,
        825,
        1,
        9,
        15,
        52,
        17,
        3
      ],
      [
        8,
        8,
        3,
        1,
        810,
        0,
        42,
        55,
        6,
        49
      ],
      [
        130,
        16,
        4,
        96,
        24,
        514,
        78,
        18,
        10,
        2
      ],
      [
        25,
        10,
        7,
        0,
        42,
        12,
        861,
        1,
        0,
        0
      ],
      [
        9,
        21,
        22,
        2,
        33,
        3,
        1,
        910,
        8,
        19
      ],
      [
        52,
        31,
        29,
        94,
        19,
        18,
        54,
        99,
        564,
        14
      ],
      [
        20,
        9,
        2,
        8,
        347,
        3,
        4,
        313,
        8,
        295
      ]
    ],
    "per_class_scores": {
      "0": {
        "precision": 0.7668,
        "recall": 0.9327,
        "f1": 0.8416
      },
      "1": {
        "precision": 0.882,
        "recall": 0.9419,
        "f1": 0.911
      },
      "2": {
        "precision": 0.8333,
        "recall": 0.8091,
        "f1": 0.821
      },
      "3": {
        "precision": 0.7827,
        "recall": 0.8168,
        "f1": 0.7994
      },
      "4": {
        "precision": 0.6255,
        "recall": 0.8248,
        "f1": 0.7115
      },
      "5": {
        "precision": 0.8924,
        "recall": 0.5762,
        "f1": 0.7003
      },
      "6": {
        "precision": 0.7467,
        "recall": 0.8987,
        "f1": 0.8157
      },
      "7": {
        "precision": 0.6144,
        "recall": 0.8852,
        "f1": 0.7254
      },
      "8": {
        "precision": 0.865,
        "recall": 0.5791,
        "f1": 0.6937
      },
      "9": {
        "precision": 0.7702,
        "recall": 0.2924,
        "f1": 0.4239
      }
    },
    "per_round": [
      {
        "round": 1,
        "loss": 2.2964515762207225,
        "accuracy": 0.1422,
        "epsilon": 3.0585866791041023
      },
      {
        "round": 2,
        "loss": 2.2877740395335726,
        "accuracy": 0.1556,
        "epsilon": 3.412109529186297
      },
      {
        "round": 3,
        "loss": 2.2780924285181796,
        "accuracy": 0.1448,
        "epsilon": 3.6955199096151086
      },
      {
        "round": 4,
        "loss": 2.268754127307441,
        "accuracy": 0.1544,
        "epsilon": 3.940714512507488
      },
      {
        "round": 5,
        "loss": 2.2591263569962865,
        "accuracy": 0.1553,
        "epsilon": 4.163404995397555
      },
      {
        "round": 6,
        "loss": 2.2487834703427154,
        "accuracy": 0.1708,
        "epsilon": 4.37334546917447
      },
      {
        "round": 7,
        "loss": 2.2371196084129163,
        "accuracy": 0.1962,
        "epsilon": 4.5681686769668
      },
      {
        "round": 8,
        "loss": 2.223484857394672,
        "accuracy": 0.2381,
        "epsilon": 4.7550326661196705
      },
      {
        "round": 9,
        "loss": 2.2075012240546963,
        "accuracy": 0.2883,
        "epsilon": 4.933212830657192
      },
      {
        "round": 10,
        "loss": 2.190173333445296,
        "accuracy": 0.3198,
        "epsilon": 5.1067410837684255
      },
      {
        "round": 11,
        "loss": 2.1702022925733377,
        "accuracy": 0.3509,
        "epsilon": 5.270975421056663
      },
      {
        "round": 12,
        "loss": 2.1481272069790873,
        "accuracy": 0.3857,
        "epsilon": 5.435209758344901
      },
      {
        "round": 13,
        "loss": 2.122864214376139,
        "accuracy": 0.4112,
        "epsilon": 5.590135778723774
      },
      {
        "round": 14,
        "loss": 2.0931630286926666,
        "accuracy": 0.4383,
        "epsilon": 5.7424570700345345
      },
      {
        "round": 15,
        "loss": 2.0611706595070447,
        "accuracy": 0.4714,
        "epsilon": 5.894778361345295
      },
      {
        "round": 16,
        "loss": 2.0250405800609164,
        "accuracy": 0.5051,
        "epsilon": 6.039060269783534
      },
      {
        "round": 17,
        "loss": 1.985358597371525,
        "accuracy": 0.5324,
        "epsilon": 6.181026989021959
      },
      {
        "round": 18,
        "loss": 1.9413764545330987,
        "accuracy": 0.5566,
        "epsilon": 6.322993708260384
      },
      {
        "round": 19,
        "loss": 1.8941571392571201,
        "accuracy": 0.5842,
        "epsilon": 6.4625501763637665
      },
      {
        "round": 20,
        "loss": 1.8429132559048098,
        "accuracy": 0.5999,
        "epsilon": 6.5953770723323775
      },
      {
        "round": 21,
        "loss": 1.7884598345802236,
        "accuracy": 0.6198,
        "epsilon": 6.7282039683009875
      },
      {
        "round": 22,
        "loss": 1.7332050613701915,
        "accuracy": 0.6305,
        "epsilon": 6.861030864269598
      },
      {
        "round": 23,
        "loss": 1.6765967523708893,
        "accuracy": 0.6368,
        "epsilon": 6.992437593066833
      },
      {
        "round": 24,
        "loss": 1.6164694498903076,
        "accuracy": 0.6433,
        "epsilon": 7.117086632051556
      },
      {
        "round": 25,
        "loss": 1.5566027027349503,
        "accuracy": 0.6511,
        "epsilon": 7.241735671036277
      },
      {
        "round": 26,
        "loss": 1.497543063407508,
        "accuracy": 0.6541,
        "epsilon": 7.366384710020999
      },
      {
        "round": 27,
        "loss": 1.4398596107769317,
        "accuracy": 0.6611,
        "epsilon": 7.49103374900572
      },
      {
        "round": 28,
        "loss": 1.3828065772406972,
        "accuracy": 0.666,
        "epsilon": 7.612597569095328
      },
      {
        "round": 29,
        "loss": 1.3265605744081566,
        "accuracy": 0.6758,
        "epsilon": 7.7298421402903985
      },
      {
        "round": 30,
        "loss": 1.275229029000377,
        "accuracy": 0.6813,
        "epsilon": 7.847086711485468
      },
      {
        "round": 31,
        "loss": 1.2261977523279648,
        "accuracy": 0.6856,
        "epsilon": 7.964331282680537
      },
      {
        "round": 32,
        "loss": 1.179551627498846,
        "accuracy": 0.6909,
        "epsilon": 8.081575853875606
      },
      {
        "round": 33,
        "loss": 1.134774552366604,
        "accuracy": 0.6952,
        "epsilon": 8.198820425070675
      },
      {
        "round": 34,
        "loss": 1.0915414538627237,
        "accuracy": 0.7013,
        "epsilon": 8.310126758207078
      },
      {
        "round": 35,
        "loss": 1.0528766998467736,
        "accuracy": 0.7041,
        "epsilon": 8.420597610433344
      },
      {
        "round": 36,
        "loss": 1.0169459823221445,
        "accuracy": 0.7071,
        "epsilon": 8.531068462659611
      },
      {
        "round": 37,
        "loss": 0.9835028734070044,
        "accuracy": 0.7114,
        "epsilon": 8.641539314885875
      },
      {
        "round": 38,
        "loss": 0.9502257281979813,