{
  "config": {
    "config_id": 8,
    "num_clients": 15,
    "num_rounds": 50,
    "num_byzantine": 3,
    "use_dp": true,
    "epsilon": 1.0,
    "delta": 1e-05,
    "use_fltrust": true,
    "use_topk": true,
    "topk_ratio": 0.1,
    "root_dataset_size": 800,
    "rescale_to_ref_norm": false
  },
  "results": {
    "elapsed_seconds": 1121.4252083301544,
    "noise_multiplier": 2.6953125,
    "confusion_matrix": [
      [
        922,
        0,
        3,
        7,
        5,
        9,
        24,
        5,
        5,
        0
      ],
      [
        0,
        1034,
        16,
        8,
        1,
        0,
        11,
        13,
        52,
        0
      ],
      [
        27,
        14,
        785,
        46,
        40,
        0,
        68,
        44,
        8,
        0
      ],
      [
        14,
        20,
        24,
        834,
        4,
        4,
        13,
        54,
        38,
        5
      ],
      [
        1,
        6,
        1,
        0,
        893,
        0,
        39,
        19,
        2,
        21
      ],
      [
        128,
        9,
        9,
        180,
        72,
        342,
        55,
        70,
        25,
        2
      ],
      [
        38,
        9,
        16,
        0,
        16,
        11,
        864,
        4,
        0,
        0
      ],
      [
        6,
        8,
        18,
        2,
        25,
        0,
        4,
        950,
        4,
        11
      ],
      [
        32,
        28,
        18,
        77,
        28,
        12,
        37,
        84,
        653,
        5
      ],
      [
        21,
        5,
        4,
        9,
        382,
        0,
        2,
        253,
        10,
        323
      ]
    ],
    "per_class_scores": {
      "0": {
        "precision": 0.7754,
        "recall": 0.9408,
        "f1": 0.8502
      },
      "1": {
        "precision": 0.9126,
        "recall": 0.911,
        "f1": 0.9118
      },
      "2": {
        "precision": 0.8781,
        "recall": 0.7607,
        "f1": 0.8152
      },
      "3": {
        "precision": 0.7171,
        "recall": 0.8257,
        "f1": 0.7676
      },
      "4": {
        "precision": 0.6091,
        "recall": 0.9094,
        "f1": 0.7296
      },
      "5": {
        "precision": 0.9048,
        "recall": 0.3834,
        "f1": 0.5386
      },
      "6": {
        "precision": 0.7735,
        "recall": 0.9019,
        "f1": 0.8328
      },
      "7": {
        "precision": 0.635,
        "recall": 0.9241,
        "f1": 0.7528
      },
      "8": {
        "precision": 0.8193,
        "recall": 0.6704,
        "f1": 0.7374
      },
      "9": {
        "precision": 0.8801,
        "recall": 0.3201,
        "f1": 0.4695
      }
    },
    "per_round": [
      {
        "round": 1,
        "loss": 2.2900817051482276,
        "accuracy": 0.1664,
        "epsilon": 0.1431705644619328
      },
      {
        "round": 2,
        "loss": 2.2791931035038764,
        "accuracy": 0.1604,
        "epsilon": 0.1834738777125859
      },
      {
        "round": 3,
        "loss": 2.2688264549730683,
        "accuracy": 0.2303,
        "epsilon": 0.22357828329335358
      },
      {
        "round": 4,
        "loss": 2.258722576470421,
        "accuracy": 0.2147,
        "epsilon": 0.2597159963294333
      },
      {
        "round": 5,
        "loss": 2.24684122119087,
        "accuracy": 0.2069,
        "epsilon": 0.29185646430661977
      },
      {
        "round": 6,
        "loss": 2.2349724845764354,
        "accuracy": 0.1734,
        "epsilon": 0.3211349591535607
      },
      {
        "round": 7,
        "loss": 2.222789681376741,
        "accuracy": 0.1616,
        "epsilon": 0.3482408338018071
      },
      {
        "round": 8,
        "loss": 2.2081150193564807,
        "accuracy": 0.1892,
        "epsilon": 0.3736203141138817
      },
      {
        "round": 9,
        "loss": 2.1912061992925578,
        "accuracy": 0.2071,
        "epsilon": 0.397569169400259
      },
      {
        "round": 10,
        "loss": 2.172964360386419,
        "accuracy": 0.2279,
        "epsilon": 0.42030876731696093
      },
      {
        "round": 11,
        "loss": 2.1520266068248324,
        "accuracy": 0.2434,
        "epsilon": 0.44208123200797955
      },
      {
        "round": 12,
        "loss": 2.1282962427352565,
        "accuracy": 0.2741,
        "epsilon": 0.46289296587350715
      },
      {
        "round": 13,
        "loss": 2.1013736538231944,
        "accuracy": 0.3134,
        "epsilon": 0.4829342178747134
      },
      {
        "round": 14,
        "loss": 2.0741662034592308,
        "accuracy": 0.3613,
        "epsilon": 0.5022930663456076
      },
      {
        "round": 15,
        "loss": 2.041031785285511,
        "accuracy": 0.3901,
        "epsilon": 0.5210361253997846
      },
      {
        "round": 16,
        "loss": 2.0068234662278392,
        "accuracy": 0.4138,
        "epsilon": 0.5392390262270351
      },
      {
        "round": 17,
        "loss": 1.9686099374637054,
        "accuracy": 0.4544,
        "epsilon": 0.556952463847769
      },
      {
        "round": 18,
        "loss": 1.925077133666212,
        "accuracy": 0.4746,
        "epsilon": 0.5740684904874293
      },
      {
        "round": 19,
        "loss": 1.8779660840384875,
        "accuracy": 0.496,
        "epsilon": 0.5908316001513955
      },
      {
        "round": 20,
        "loss": 1.8298850874550427,
        "accuracy": 0.5282,
        "epsilon": 0.6072805506220927
      },
      {
        "round": 21,
        "loss": 1.7805299998853155,
        "accuracy": 0.5341,
        "epsilon": 0.6231756758972299
      },
      {
        "round": 22,
        "loss": 1.7282346170931198,
        "accuracy": 0.5513,
        "epsilon": 0.6389676826491587
      },
      {
        "round": 23,
        "loss": 1.6703066734460215,
        "accuracy": 0.5675,
        "epsilon": 0.6541587860809085
      },
      {
        "round": 24,
        "loss": 1.6129884898852997,
        "accuracy": 0.5721,
        "epsilon": 0.6693498895126583
      },
      {
        "round": 25,
        "loss": 1.564512004105809,
        "accuracy": 0.5693,
        "epsilon": 0.6839422870990742
      },
      {
        "round": 26,
        "loss": 1.5114161770183818,
        "accuracy": 0.5942,
        "epsilon": 0.6985069342300112
      },
      {
        "round": 27,
        "loss": 1.4614592779177826,
        "accuracy": 0.6081,
        "epsilon": 0.7127158050370683
      },
      {
        "round": 28,
        "loss": 1.406543408339016,
        "accuracy": 0.6074,
        "epsilon": 0.7266556286706252
      },
      {
        "round": 29,
        "loss": 1.3537707721082548,
        "accuracy": 0.6297,
        "epsilon": 0.740595452304182
      },
      {
        "round": 30,
        "loss": 1.301862899678203,
        "accuracy": 0.6591,
        "epsilon": 0.7540207535288381
      },
      {
        "round": 31,
        "loss": 1.2608794272898105,
        "accuracy": 0.6555,
        "epsilon": 0.7673373775618958
      },
      {
        "round": 32,
        "loss": 1.2123481970244703,
        "accuracy": 0.6835,
        "epsilon": 0.7806540015949538
      },
      {
        "round": 33,
        "loss": 1.1726742960012762,
        "accuracy": 0.6714,
        "epsilon": 0.7935662907531418
      },
      {
        "round": 34,
        "loss": 1.132987711947566,
        "accuracy": 0.6764,
        "epsilon": 0.8062613302549672
      },
      {
        "round": 35,
        "loss": 1.0970976632624008,
        "accuracy": 0.6795,
        "epsilon": 0.8189563697567925
      },
      {
        "round": 36,
        "loss": 1.0631376674380928,
        "accuracy": 0.6818,
        "epsilon": 0.8316514092586177
      },
      {
        "round": 37,
        "loss": 1.0312855704523884,
        "accuracy": 0.6849,
        "epsilon": 0.8437572992130854
      },
      {
        "round": 38,