{
  "config": {
    "config_id": 6,
    "num_clients": 15,
    "num_rounds": 50,
    "num_byzantine": 3,
    "use_dp": true,
    "epsilon": 10.0,
    "delta": 1e-05,
    "use_fltrust": false,
    "use_topk": true,
    "topk_ratio": 0.01,
    "root_dataset_size": 800,
    "rescale_to_ref_norm": false
  },
  "results": {
    "elapsed_seconds": 1163.4486355781555,
    "noise_multiplier": 0.688323974609375,
    "confusion_matrix": [
      [
        939,
        0,
        2,
        8,
        0,
        2,
        5,
        21,
        3,
        0
      ],
      [
        0,
        0,
        6,
        2,
        0,
        0,
        2,
        1124,
        1,
        0
      ],
      [
        121,
        0,
        571,
        75,
        9,
        0,
        39,
        214,
        1,
        2
      ],
      [
        75,
        0,
        20,
        620,
        2,
        2,
        3,
        279,
        5,
        4
      ],
      [
        42,
        0,
        1,
        0,
        410,
        0,
        32,
        284,
        1,
        212
      ],
      [
        206,
        0,
        2,
        146,
        14,
        140,
        20,
        319,
        26,
        19
      ],
      [
        205,
        0,
        15,
        4,
        9,
        0,
        621,
        98,
        3,
        3
      ],
      [
        17,
        0,
        15,
        1,
        2,
        0,
        0,
        930,
        1,
        62
      ],
      [
        162,
        0,
        14,
        92,
        16,
        2,
        28,
        372,
        262,
        26
      ],
      [
        56,
        0,
        2,
        3,
        33,
        0,
        4,
        459,
        1,
        451
      ]
    ],
    "per_class_scores": {
      "0": {
        "precision": 0.5151,
        "recall": 0.9582,
        "f1": 0.67
      },
      "1": {
        "precision": 0.0,
        "recall": 0.0,
        "f1": 0.0
      },
      "2": {
        "precision": 0.8812,
        "recall": 0.5533,
        "f1": 0.6798
      },
      "3": {
        "precision": 0.6519,
        "recall": 0.6139,
        "f1": 0.6323
      },
      "4": {
        "precision": 0.8283,
        "recall": 0.4175,
        "f1": 0.5552
      },
      "5": {
        "precision": 0.9589,
        "recall": 0.157,
        "f1": 0.2697
      },
      "6": {
        "precision": 0.8236,
        "recall": 0.6482,
        "f1": 0.7255
      },
      "7": {
        "precision": 0.2268,
        "recall": 0.9047,
        "f1": 0.3627
      },
      "8": {
        "precision": 0.8618,
        "recall": 0.269,
        "f1": 0.41
      },
      "9": {
        "precision": 0.5789,
        "recall": 0.447,
        "f1": 0.5045
      }
    },
    "per_round": [
      {
        "round": 1,
        "loss": 2.302007001048079,
        "accuracy": 0.1028,
        "epsilon": 3.0585866791041023
      },
      {
        "round": 2,
        "loss": 2.3030583119620913,
        "accuracy": 0.1028,
        "epsilon": 3.412109529186297
      },
      {
        "round": 3,
        "loss": 2.3060740518112914,
        "accuracy": 0.1028,
        "epsilon": 3.6955199096151086
      },
      {
        "round": 4,
        "loss": 2.3096447356592726,
        "accuracy": 0.1028,
        "epsilon": 3.940714512507488
      },
      {
        "round": 5,
        "loss": 2.3131833982924683,
        "accuracy": 0.1028,
        "epsilon": 4.163404995397555
      },
      {
        "round": 6,
        "loss": 2.3149527642673577,
        "accuracy": 0.1028,
        "epsilon": 4.37334546917447
      },
      {
        "round": 7,
        "loss": 2.315397933649179,
        "accuracy": 0.1028,
        "epsilon": 4.5681686769668
      },
      {
        "round": 8,
        "loss": 2.314817014212806,
        "accuracy": 0.1028,
        "epsilon": 4.7550326661196705
      },
      {
        "round": 9,
        "loss": 2.3131711947651334,
        "accuracy": 0.1028,
        "epsilon": 4.933212830657192
      },
      {
        "round": 10,
        "loss": 2.3098253960045763,
        "accuracy": 0.1028,
        "epsilon": 5.1067410837684255
      },
      {
        "round": 11,
        "loss": 2.3066396431420175,
        "accuracy": 0.1028,
        "epsilon": 5.270975421056663
      },
      {
        "round": 12,
        "loss": 2.300718699019557,
        "accuracy": 0.1033,
        "epsilon": 5.435209758344901
      },
      {
        "round": 13,
        "loss": 2.293370780853418,
        "accuracy": 0.1058,
        "epsilon": 5.590135778723774
      },
      {
        "round": 14,
        "loss": 2.2869360355523445,
        "accuracy": 0.1113,
        "epsilon": 5.7424570700345345
      },
      {
        "round": 15,
        "loss": 2.277438260495853,
        "accuracy": 0.1217,
        "epsilon": 5.894778361345295
      },
      {
        "round": 16,
        "loss": 2.267103436655892,
        "accuracy": 0.1328,
        "epsilon": 6.039060269783534
      },
      {
        "round": 17,
        "loss": 2.2568176782930998,
        "accuracy": 0.1431,
        "epsilon": 6.181026989021959
      },
      {
        "round": 18,
        "loss": 2.246589268358371,
        "accuracy": 0.1491,
        "epsilon": 6.322993708260384
      },
      {
        "round": 19,
        "loss": 2.235375277912274,
        "accuracy": 0.1571,
        "epsilon": 6.4625501763637665
      },
      {
        "round": 20,
        "loss": 2.221975976285843,
        "accuracy": 0.1666,
        "epsilon": 6.5953770723323775
      },
      {
        "round": 21,
        "loss": 2.2086021915411416,
        "accuracy": 0.1777,
        "epsilon": 6.7282039683009875
      },
      {
        "round": 22,
        "loss": 2.192783941095249,
        "accuracy": 0.1935,
        "epsilon": 6.861030864269598
      },
      {
        "round": 23,
        "loss": 2.178360562735853,
        "accuracy": 0.2045,
        "epsilon": 6.992437593066833
      },
      {
        "round": 24,
        "loss": 2.1623983116576464,
        "accuracy": 0.2162,
        "epsilon": 7.117086632051556
      },
      {
        "round": 25,
        "loss": 2.145222567140866,
        "accuracy": 0.2355,
        "epsilon": 7.241735671036277
      },
      {
        "round": 26,
        "loss": 2.1278037274607455,
        "accuracy": 0.2502,
        "epsilon": 7.366384710020999
      },
      {
        "round": 27,
        "loss": 2.109494641566048,
        "accuracy": 0.2646,
        "epsilon": 7.49103374900572
      },
      {
        "round": 28,
        "loss": 2.0909238455775445,
        "accuracy": 0.2838,
        "epsilon": 7.612597569095328
      },
      {
        "round": 29,
        "loss": 2.072306214430081,
        "accuracy": 0.2936,
        "epsilon": 7.7298421402903985
      },
      {
        "round": 30,
        "loss": 2.0526838527319913,
        "accuracy": 0.3114,
        "epsilon": 7.847086711485468
      },
      {
        "round": 31,
        "loss": 2.031908994284682,
        "accuracy": 0.3268,
        "epsilon": 7.964331282680537
      },
      {
        "round": 32,
        "loss": 2.0131186193551494,
        "accuracy": 0.3374,
        "epsilon": 8.081575853875606
      },
      {
        "round": 33,
        "loss": 1.9952741781362713,
        "accuracy": 0.3403,
        "epsilon": 8.198820425070675
      },
      {
        "round": 34,
        "loss": 1.9728555149925404,
        "accuracy": 0.3517,
        "epsilon": 8.310126758207078
      },
      {
        "round": 35,
        "loss": 1.9531043657479574,
        "accuracy": 0.3685,
        "epsilon": 8.420597610433344
      },
      {
        "round": 36,
        "loss": 1.933010968156516,
        "accuracy": 0.386,
        "epsilon": 8.531068462659611
      },
      {
        "round": 37,
        "loss": 1.9117432653713533,
        "accuracy": 0.3967,
        "epsilon": 8.641539314885875
      },
      {
        "round": 38,
        "loss": 1.8882649527571074,
        "accuracy": 0.4142,