{
  "config": {
    "config_id": 8,
    "num_clients": 15,
    "num_rounds": 50,
    "num_byzantine": 3,
    "use_dp": true,
    "epsilon": 10.0,
    "delta": 1e-05,
    "use_fltrust": true,
    "use_topk": true,
    "topk_ratio": 0.01,
    "root_dataset_size": 800,
    "rescale_to_ref_norm": false
  },
  "results": {
    "elapsed_seconds": 1237.5821740627289,
    "noise_multiplier": 0.688323974609375,
    "confusion_matrix": [
      [
        875,
        0,
        6,
        0,
        0,
        0,
        89,
        7,
        3,
        0
      ],
      [
        0,
        947,
        34,
        1,
        0,
        0,
        7,
        142,
        4,
        0
      ],
      [
        64,
        19,
        802,
        0,
        0,
        0,
        57,
        82,
        7,
        1
      ],
      [
        104,
        5,
        122,
        447,
        0,
        13,
        98,
        215,
        5,
        1
      ],
      [
        35,
        1,
        14,
        2,
        463,
        0,
        77,
        328,
        14,
        48
      ],
      [
        236,
        12,
        29,
        124,
        36,
        117,
        140,
        165,
        33,
        0
      ],
      [
        68,
        16,
        18,
        0,
        4,
        1,
        841,
        5,
        5,
        0
      ],
      [
        17,
        7,
        21,
        0,
        10,
        0,
        2,
        962,
        1,
        8
      ],
      [
        53,
        17,
        94,
        3,
        5,
        2,
        138,
        292,
        369,
        1
      ],
      [
        53,
        2,
        3,
        7,
        107,
        0,
        21,
        602,
        5,
        209
      ]
    ],
    "per_class_scores": {
      "0": {
        "precision": 0.5814,
        "recall": 0.8929,
        "f1": 0.7042
      },
      "1": {
        "precision": 0.923,
        "recall": 0.8344,
        "f1": 0.8764
      },
      "2": {
        "precision": 0.7017,
        "recall": 0.7771,
        "f1": 0.7375
      },
      "3": {
        "precision": 0.7654,
        "recall": 0.4426,
        "f1": 0.5609
      },
      "4": {
        "precision": 0.7408,
        "recall": 0.4715,
        "f1": 0.5762
      },
      "5": {
        "precision": 0.8797,
        "recall": 0.1312,
        "f1": 0.2283
      },
      "6": {
        "precision": 0.5721,
        "recall": 0.8779,
        "f1": 0.6928
      },
      "7": {
        "precision": 0.3436,
        "recall": 0.9358,
        "f1": 0.5026
      },
      "8": {
        "precision": 0.8274,
        "recall": 0.3789,
        "f1": 0.5197
      },
      "9": {
        "precision": 0.7799,
        "recall": 0.2071,
        "f1": 0.3273
      }
    },
    "per_round": [
      {
        "round": 1,
        "loss": 2.299077698978753,
        "accuracy": 0.0978,
        "epsilon": 3.0585866791041023
      },
      {
        "round": 2,
        "loss": 2.2960755284221026,
        "accuracy": 0.0982,
        "epsilon": 3.412109529186297
      },
      {
        "round": 3,
        "loss": 2.2930552761394756,
        "accuracy": 0.0989,
        "epsilon": 3.6955199096151086
      },
      {
        "round": 4,
        "loss": 2.290234528410549,
        "accuracy": 0.0993,
        "epsilon": 3.940714512507488
      },
      {
        "round": 5,
        "loss": 2.287450466673976,
        "accuracy": 0.1015,
        "epsilon": 4.163404995397555
      },
      {
        "round": 6,
        "loss": 2.28494903073905,
        "accuracy": 0.1171,
        "epsilon": 4.37334546917447
      },
      {
        "round": 7,
        "loss": 2.282598278392999,
        "accuracy": 0.1606,
        "epsilon": 4.5681686769668
      },
      {
        "round": 8,
        "loss": 2.279962674497415,
        "accuracy": 0.1901,
        "epsilon": 4.7550326661196705
      },
      {
        "round": 9,
        "loss": 2.2774286140649083,
        "accuracy": 0.2034,
        "epsilon": 4.933212830657192
      },
      {
        "round": 10,
        "loss": 2.274873717524373,
        "accuracy": 0.2044,
        "epsilon": 5.1067410837684255
      },
      {
        "round": 11,
        "loss": 2.2721512713752237,
        "accuracy": 0.2054,
        "epsilon": 5.270975421056663
      },
      {
        "round": 12,
        "loss": 2.269598450523596,
        "accuracy": 0.2006,
        "epsilon": 5.435209758344901
      },
      {
        "round": 13,
        "loss": 2.2665934646472383,
        "accuracy": 0.1972,
        "epsilon": 5.590135778723774
      },
      {
        "round": 14,
        "loss": 2.2634939210483442,
        "accuracy": 0.1941,
        "epsilon": 5.7424570700345345
      },
      {
        "round": 15,
        "loss": 2.2603072564061075,
        "accuracy": 0.1915,
        "epsilon": 5.894778361345295
      },
      {
        "round": 16,
        "loss": 2.2568890629485012,
        "accuracy": 0.1865,
        "epsilon": 6.039060269783534
      },
      {
        "round": 17,
        "loss": 2.2534648404715543,
        "accuracy": 0.186,
        "epsilon": 6.181026989021959
      },
      {
        "round": 18,
        "loss": 2.2498478600011467,
        "accuracy": 0.1866,
        "epsilon": 6.322993708260384
      },
      {
        "round": 19,
        "loss": 2.2456521713695587,
        "accuracy": 0.1868,
        "epsilon": 6.4625501763637665
      },
      {
        "round": 20,
        "loss": 2.2414356344424116,
        "accuracy": 0.1921,
        "epsilon": 6.5953770723323775
      },
      {
        "round": 21,
        "loss": 2.2371197965579293,
        "accuracy": 0.1958,
        "epsilon": 6.7282039683009875
      },
      {
        "round": 22,
        "loss": 2.2323571729203002,
        "accuracy": 0.1986,
        "epsilon": 6.861030864269598
      },
      {
        "round": 23,
        "loss": 2.2269688246730035,
        "accuracy": 0.2081,
        "epsilon": 6.992437593066833
      },
      {
        "round": 24,
        "loss": 2.221088184716222,
        "accuracy": 0.22,
        "epsilon": 7.117086632051556
      },
      {
        "round": 25,
        "loss": 2.2152337845141132,
        "accuracy": 0.2239,
        "epsilon": 7.241735671036277
      },
      {
        "round": 26,
        "loss": 2.208395597652886,
        "accuracy": 0.2318,
        "epsilon": 7.366384710020999
      },
      {
        "round": 27,
        "loss": 2.200899588795135,
        "accuracy": 0.2399,
        "epsilon": 7.49103374900572
      },
      {
        "round": 28,
        "loss": 2.192732917615019,
        "accuracy": 0.2472,
        "epsilon": 7.612597569095328
      },
      {
        "round": 29,
        "loss": 2.183934719798664,
        "accuracy": 0.2514,
        "epsilon": 7.7298421402903985
      },
      {
        "round": 30,
        "loss": 2.1742386985510684,
        "accuracy": 0.2597,
        "epsilon": 7.847086711485468
      },
      {
        "round": 31,
        "loss": 2.1640707349624875,
        "accuracy": 0.2669,
        "epsilon": 7.964331282680537
      },
      {
        "round": 32,
        "loss": 2.1538344435036754,
        "accuracy": 0.2716,
        "epsilon": 8.081575853875606
      },
      {
        "round": 33,
        "loss": 2.1421790214392327,
        "accuracy": 0.2796,
        "epsilon": 8.198820425070675
      },
      {
        "round": 34,
        "loss": 2.1298295964067355,
        "accuracy": 0.2851,
        "epsilon": 8.310126758207078
      },
      {
        "round": 35,
        "loss": 2.1156504329401082,
        "accuracy": 0.2962,
        "epsilon": 8.420597610433344
      },
      {
        "round": 36,
        "loss": 2.101254172980214,
        "accuracy": 0.3119,
        "epsilon": 8.531068462659611
      },
      {
        "round": 37,
        "loss": 2.0845737845752947,
        "accuracy": 0.3294,
        "epsilon": 8.641539314885875
      },
      {
        "round": 38,
        "loss": 2.0667400641944083,