{
  "config": {
    "config_id": 2,
    "dataset": "cifar10",
    "num_clients": 4,
    "num_rounds": 3,
    "num_byzantine": 1,
    "use_dp": true,
    "epsilon": 1.0,
    "delta": 1e-05,
    "use_fltrust": false,
    "use_topk": false,
    "topk_ratio": 0.1,
    "root_dataset_size": 100,
    "rescale_to_ref_norm": false,
    "attack_type": "label_flip",
    "attack_scale": null,
    "source_label": 3,
    "target_label": 7
  },
  "results": {
    "elapsed_seconds": 434.4963116645813,
    "noise_multiplier": 0.9521484375,
    "confusion_matrix": [
      [
        21,
        1,
        32,
        0,
        0,
        0,
        0,
        42,
        794,
        110
      ],
      [
        0,
        4,
        9,
        0,
        0,
        0,
        0,
        29,
        824,
        134
      ],
      [
        16,
        2,
        57,
        0,
        0,
        0,
        0,
        54,
        764,
        107
      ],
      [
        7,
        3,
        36,
        0,
        0,
        0,
        0,
        46,
        808,
        100
      ],
      [
        4,
        3,
        28,
        0,
        0,
        0,
        0,
        65,
        808,
        92
      ],
      [
        5,
        2,
        41,
        0,
        0,
        1,
        0,
        77,
        783,
        91
      ],
      [
        8,
        5,
        38,
        0,
        0,
        0,
        0,
        48,
        776,
        125
      ],
      [
        2,
        2,
        39,
        0,
        0,
        0,
        0,
        72,
        778,
        107
      ],
      [
        3,
        3,
        11,
        0,
        0,
        0,
        0,
        16,
        782,
        185
      ],
      [
        2,
        2,
        6,
        0,
        0,
        0,
        0,
        19,
        791,
        180
      ]
    ],
    "per_class_scores": {
      "0": {
        "precision": 0.3088,
        "recall": 0.021,
        "f1": 0.0393
      },
      "1": {
        "precision": 0.1481,
        "recall": 0.004,
        "f1": 0.0078
      },
      "2": {
        "precision": 0.1919,
        "recall": 0.057,
        "f1": 0.0879
      },
      "3": {
        "precision": 0.0,
        "recall": 0.0,
        "f1": 0.0
      },
      "4": {
        "precision": 0.0,
        "recall": 0.0,
        "f1": 0.0
      },
      "5": {
        "precision": 1.0,
        "recall": 0.001,
        "f1": 0.002
      },
      "6": {
        "precision": 0.0,
        "recall": 0.0,
        "f1": 0.0
      },
      "7": {
        "precision": 0.1538,
        "recall": 0.072,
        "f1": 0.0981
      },
      "8": {
        "precision": 0.0989,
        "recall": 0.782,
        "f1": 0.1756
      },
      "9": {
        "precision": 0.1462,
        "recall": 0.18,
        "f1": 0.1614
      }
    },
    "label_distribution": {
      "root": {
        "8": 10,
        "7": 10,
        "4": 10,
        "3": 10,
        "5": 10,
        "6": 10,
        "1": 10,
        "2": 10,
        "0": 10,
        "9": 10
      },
      "clients": {
        "0": {
          "7": 1256,
          "0": 1252,
          "2": 1267,
          "8": 1261,
          "3": 1224,
          "4": 1224,
          "6": 1232,
          "5": 1224,
          "9": 1285,
          "1": 1250
        },
        "1": {
          "1": 1244,
          "3": 1254,
          "0": 1219,
          "4": 1269,
          "2": 1280,
          "7": 1260,
          "8": 1263,
          "6": 1218,
          "5": 1238,
          "9": 1230
        },
        "2": {
          "5": 1239,
          "6": 1297,
          "2": 1245,
          "7": 1226,
          "8": 1205,
          "0": 1263,
          "9": 1274,
          "1": 1256,
          "3": 1244,
          "4": 1226
        },
        "3": {
          "3": 1268,
          "8": 1261,
          "7": 1248,
          "4": 1271,
          "1": 1240,
          "2": 1198,
          "5": 1289,
          "9": 1201,
          "0": 1256,
          "6": 1243
        }
      }
    },
    "malicious_clients": {},
    "per_round": [
      {
        "round": 1,
        "loss": 2.2986394125051772,
        "accuracy": 0.1011,
        "epsilon": 0.9165061366565734,
        "trust_scores": {}
      },
      {
        "round": 2,
        "loss": 2.2935560244721724,
        "accuracy": 0.1132,
        "epsilon": 0.9606439620653093,
        "trust_scores": {}
      },
      {
        "round": 3,
        "loss": 2.2895199787883334,
        "accuracy": 0.1117,
        "epsilon": 0.9984402836611731,
        "trust_scores": {}
      }
    ]
  }
}