{
  "config": {
    "config_id": 2,
    "num_clients": 5,
    "num_rounds": 3,
    "num_byzantine": 1,
    "use_dp": true,
    "epsilon": 1.0,
    "delta": 1e-05,
    "use_fltrust": false,
    "use_topk": false,
    "topk_ratio": 0.1,
    "root_dataset_size": 2000,
    "rescale_to_ref_norm": false
  },
  "results": {
    "elapsed_seconds": 157.49112558364868,
    "noise_multiplier": 0.95703125,
    "confusion_matrix": [
      [
        863,
        5,
        6,
        99,
        0,
        0,
        4,
        1,
        2,
        0
      ],
      [
        0,
        1128,
        0,
        6,
        0,
        0,
        1,
        0,
        0,
        0
      ],
      [
        90,
        87,
        603,
        162,
        1,
        0,
        24,
        34,
        18,
        13
      ],
      [
        5,
        63,
        5,
        898,
        0,
        0,
        0,
        20,
        13,
        6
      ],
      [
        26,
        194,
        17,
        1,
        329,
        0,
        77,
        56,
        11,
        271
      ],
      [
        43,
        169,
        3,
        587,
        1,
        1,
        4,
        9,
        63,
        12
      ],
      [
        166,
        93,
        25,
        51,
        1,
        0,
        615,
        2,
        3,
        2
      ],
      [
        4,
        131,
        14,
        9,
        0,
        0,
        1,
        851,
        3,
        15
      ],
      [
        44,
        166,
        1,
        203,
        1,
        0,
        2,
        28,
        504,
        25
      ],
      [
        32,
        179,
        27,
        34,
        2,
        0,
        20,
        198,
        24,
        493
      ]
    ],
    "per_class_scores": {
      "0": {
        "precision": 0.6779,
        "recall": 0.8806,
        "f1": 0.7661
      },
      "1": {
        "precision": 0.5093,
        "recall": 0.9938,
        "f1": 0.6734
      },
      "2": {
        "precision": 0.8602,
        "recall": 0.5843,
        "f1": 0.6959
      },
      "3": {
        "precision": 0.438,
        "recall": 0.8891,
        "f1": 0.5869
      },
      "4": {
        "precision": 0.9821,
        "recall": 0.335,
        "f1": 0.4996
      },
      "5": {
        "precision": 1.0,
        "recall": 0.0011,
        "f1": 0.0022
      },
      "6": {
        "precision": 0.8222,
        "recall": 0.642,
        "f1": 0.721
      },
      "7": {
        "precision": 0.7098,
        "recall": 0.8278,
        "f1": 0.7643
      },
      "8": {
        "precision": 0.7863,
        "recall": 0.5175,
        "f1": 0.6241
      },
      "9": {
        "precision": 0.589,
        "recall": 0.4886,
        "f1": 0.5341
      }
    },
    "per_round": [
      {
        "round": 1,
        "loss": 2.2408548254555405,
        "accuracy": 0.2988,
        "epsilon": 0.9135313751279934
      },
      {
        "round": 2,
        "loss": 2.1390882490541987,
        "accuracy": 0.4834,
        "epsilon": 0.9582291673626925
      },
      {
        "round": 3,
        "loss": 1.9582622664424179,
        "accuracy": 0.6285,
        "epsilon": 0.996559449488871
      }
    ]
  }
}