{
  "config": {
    "config_id": 2,
    "num_clients": 5,
    "num_rounds": 3,
    "num_byzantine": 1,
    "use_dp": true,
    "epsilon": 5.0,
    "delta": 1e-05,
    "use_fltrust": false,
    "use_topk": false,
    "topk_ratio": 0.1,
    "root_dataset_size": 2000,
    "rescale_to_ref_norm": false
  },
  "results": {
    "elapsed_seconds": 272.47400665283203,
    "noise_multiplier": 0.54931640625,
    "confusion_matrix": [
      [
        840,
        1,
        0,
        139,
        0,
        0,
        0,
        0,
        0,
        0
      ],
      [
        0,
        1116,
        0,
        19,
        0,
        0,
        0,
        0,
        0,
        0
      ],
      [
        135,
        115,
        47,
        716,
        4,
        0,
        15,
        0,
        0,
        0
      ],
      [
        5,
        17,
        0,
        988,
        0,
        0,
        0,
        0,
        0,
        0
      ],
      [
        19,
        46,
        0,
        620,
        223,
        0,
        3,
        0,
        0,
        71
      ],
      [
        16,
        49,
        0,
        826,
        0,
        0,
        0,
        0,
        0,
        1
      ],
      [
        158,
        76,
        0,
        281,
        12,
        0,
        431,
        0,
        0,
        0
      ],
      [
        1,
        81,
        0,
        818,
        1,
        0,
        0,
        0,
        0,
        127
      ],
      [
        38,
        82,
        0,
        853,
        1,
        0,
        0,
        0,
        0,
        0
      ],
      [
        19,
        41,
        0,
        888,
        6,
        0,
        0,
        0,
        0,
        55
      ]
    ],
    "per_class_scores": {
      "0": {
        "precision": 0.6824,
        "recall": 0.8571,
        "f1": 0.7598
      },
      "1": {
        "precision": 0.6872,
        "recall": 0.9833,
        "f1": 0.809
      },
      "2": {
        "precision": 1.0,
        "recall": 0.0455,
        "f1": 0.0871
      },
      "3": {
        "precision": 0.1607,
        "recall": 0.9782,
        "f1": 0.2761
      },
      "4": {
        "precision": 0.9028,
        "recall": 0.2271,
        "f1": 0.3629
      },
      "5": {
        "precision": 0.0,
        "recall": 0.0,
        "f1": 0.0
      },
      "6": {
        "precision": 0.9599,
        "recall": 0.4499,
        "f1": 0.6127
      },
      "7": {
        "precision": 0.0,
        "recall": 0.0,
        "f1": 0.0
      },
      "8": {
        "precision": 0.0,
        "recall": 0.0,
        "f1": 0.0
      },
      "9": {
        "precision": 0.2165,
        "recall": 0.0545,
        "f1": 0.0871
      }
    },
    "per_round": [
      {
        "round": 1,
        "loss": 2.257922661571076,
        "accuracy": 0.10100000000000002,
        "epsilon": 4.225073194409074
      },
      {
        "round": 2,
        "loss": 2.1752323380674414,
        "accuracy": 0.2244,
        "epsilon": 4.659615794587848
      },
      {
        "round": 3,
        "loss": 2.020678835174146,
        "accuracy": 0.37,
        "epsilon": 4.999133992701419
      }
    ]
  }
}