{
  "config": {
    "config_id": 2,
    "num_clients": 5,
    "num_rounds": 3,
    "num_byzantine": 1,
    "use_dp": true,
    "epsilon": 10.0,
    "delta": 1e-05,
    "use_fltrust": false,
    "use_topk": false,
    "topk_ratio": 0.1,
    "root_dataset_size": 2000,
    "rescale_to_ref_norm": false
  },
  "results": {
    "elapsed_seconds": 408.3714497089386,
    "noise_multiplier": 0.4449462890625,
    "confusion_matrix": [
      [
        503,
        0,
        0,
        477,
        0,
        0,
        0,
        0,
        0,
        0
      ],
      [
        0,
        967,
        0,
        168,
        0,
        0,
        0,
        0,
        0,
        0
      ],
      [
        3,
        1,
        0,
        1028,
        0,
        0,
        0,
        0,
        0,
        0
      ],
      [
        0,
        0,
        0,
        1010,
        0,
        0,
        0,
        0,
        0,
        0
      ],
      [
        5,
        3,
        0,
        969,
        5,
        0,
        0,
        0,
        0,
        0
      ],
      [
        0,
        30,
        0,
        862,
        0,
        0,
        0,
        0,
        0,
        0
      ],
      [
        12,
        12,
        0,
        879,
        1,
        0,
        54,
        0,
        0,
        0
      ],
      [
        0,
        4,
        0,
        1024,
        0,
        0,
        0,
        0,
        0,
        0
      ],
      [
        0,
        9,
        0,
        965,
        0,
        0,
        0,
        0,
        0,
        0
      ],
      [
        3,
        5,
        0,
        1001,
        0,
        0,
        0,
        0,
        0,
        0
      ]
    ],
    "per_class_scores": {
      "0": {
        "precision": 0.9563,
        "recall": 0.5133,
        "f1": 0.668
      },
      "1": {
        "precision": 0.9379,
        "recall": 0.852,
        "f1": 0.8929
      },
      "2": {
        "precision": 0.0,
        "recall": 0.0,
        "f1": 0.0
      },
      "3": {
        "precision": 0.1205,
        "recall": 1.0,
        "f1": 0.2151
      },
      "4": {
        "precision": 0.8333,
        "recall": 0.0051,
        "f1": 0.0101
      },
      "5": {
        "precision": 0.0,
        "recall": 0.0,
        "f1": 0.0
      },
      "6": {
        "precision": 1.0,
        "recall": 0.0564,
        "f1": 0.1067
      },
      "7": {
        "precision": 0.0,
        "recall": 0.0,
        "f1": 0.0
      },
      "8": {
        "precision": 0.0,
        "recall": 0.0,
        "f1": 0.0
      },
      "9": {
        "precision": 0.0,
        "recall": 0.0,
        "f1": 0.0
      }
    },
    "per_round": [
      {
        "round": 1,
        "loss": 2.2845668091941564,
        "accuracy": 0.10100000000000002,
        "epsilon": 7.955825833218852
      },
      {
        "round": 2,
        "loss": 2.2508667071406454,
        "accuracy": 0.1359,
        "epsilon": 9.117078975402173
      },
      {
        "round": 3,
        "loss": 2.1754242977776084,
        "accuracy": 0.2539,
        "epsilon": 9.998867721507548
      }
    ]
  }
}