{
  "config": {
    "config_id": 6,
    "num_clients": 3,
    "num_rounds": 3,
    "num_byzantine": 1,
    "use_dp": true,
    "epsilon": 10.0,
    "delta": 1e-05,
    "use_fltrust": false,
    "use_topk": true,
    "topk_ratio": 0.01,
    "root_dataset_size": 2000,
    "rescale_to_ref_norm": false
  },
  "results": {
    "elapsed_seconds": 204.31006598472595,
    "per_round": [
      {
        "round": 1,
        "loss": 2.289994985531694,
        "accuracy": 0.0974,
        "epsilon": 9.997475244515831
      },
      {
        "round": 2,
        "loss": 2.2669736531595834,
        "accuracy": 0.14199999999999996,
        "epsilon": 9.997475244515831
      },
      {
        "round": 3,
        "loss": 2.2265063192897716,
        "accuracy": 0.2317,
        "epsilon": 9.997475244515831
      }
    ]
  }
}