{
  "config": {
    "config_id": 6,
    "num_clients": 3,
    "num_rounds": 3,
    "num_byzantine": 1,
    "use_dp": true,
    "epsilon": 5.0,
    "delta": 1e-05,
    "use_fltrust": false,
    "use_topk": true,
    "topk_ratio": 0.01,
    "root_dataset_size": 2000,
    "rescale_to_ref_norm": false
  },
  "results": {
    "elapsed_seconds": 194.75529170036316,
    "per_round": [
      {
        "round": 1,
        "loss": 2.2978537501618503,
        "accuracy": 0.1028,
        "epsilon": 4.998985277583477
      },
      {
        "round": 2,
        "loss": 2.2842956899454037,
        "accuracy": 0.1201,
        "epsilon": 4.998985277583477
      },
      {
        "round": 3,
        "loss": 2.2614194508939507,
        "accuracy": 0.2,
        "epsilon": 4.998985277583477
      }
    ]
  }
}