{
  "config": {
    "config_id": 6,
    "num_clients": 3,
    "num_rounds": 3,
    "num_byzantine": 1,
    "use_dp": true,
    "epsilon": 1.0,
    "delta": 1e-05,
    "use_fltrust": false,
    "use_topk": true,
    "topk_ratio": 0.01,
    "root_dataset_size": 2000,
    "rescale_to_ref_norm": false
  },
  "results": {
    "elapsed_seconds": 178.37118530273438,
    "per_round": [
      {
        "round": 1,
        "loss": 2.302508462351351,
        "accuracy": 0.1397,
        "epsilon": 0.9987630393147444
      },
      {
        "round": 2,
        "loss": 2.2876946263419935,
        "accuracy": 0.2039,
        "epsilon": 0.9987630393147444
      },
      {
        "round": 3,
        "loss": 2.2595127535323365,
        "accuracy": 0.3111999999999999,
        "epsilon": 0.9987630393147444
      }
    ]
  }
}