{
  "config": {
    "config_id": 6,
    "dataset": "cifar10",
    "num_clients": 10,
    "num_rounds": 5,
    "num_byzantine": 2,
    "use_dp": true,
    "epsilon": 5.0,
    "delta": 1e-05,
    "use_fltrust": false,
    "use_topk": true,
    "topk_ratio": 0.5,
    "root_dataset_size": 1000,
    "rescale_to_ref_norm": false,
    "attack_type": "label_flip",
    "attack_scale": 3.0,
    "source_label": 3,
    "target_label": 7
  },
  "results": {
    "elapsed_seconds": 261.3565580844879,
    "noise_multiplier": 0.63018798828125,
    "confusion_matrix": [
      [
        55,
        1,
        2,
        0,
        4,
        0,
        1,
        84,
        754,
        99
      ],
      [
        4,
        6,
        0,
        2,
        12,
        0,
        0,
        37,
        887,
        52
      ],
      [
        25,
        4,
        4,
        2,
        18,
        0,
        1,
        98,
        754,
        94
      ],
      [
        12,
        2,
        0,
        4,
        23,
        0,
        8,
        99,
        781,
        71
      ],
      [
        10,
        3,
        2,
        4,
        33,
        0,
        5,
        112,
        769,
        62
      ],
      [
        6,
        5,
        1,
        8,
        20,
        0,
        2,
        108,
        804,
        46
      ],
      [
        6,
        4,
        5,
        3,
        26,
        0,
        6,
        92,
        781,
        77
      ],
      [
        1,
        3,
        0,
        1,
        16,
        0,
        4,
        94,
        844,
        37
      ],
      [
        12,
        3,
        1,
        0,
        10,
        0,
        1,
        40,
        806,
        127
      ],
      [
        2,
        5,
        0,
        1,
        18,
        0,
        1,
        34,
        844,
        95
      ]
    ],
    "per_class_scores": {
      "0": {
        "precision": 0.4135,
        "recall": 0.055,
        "f1": 0.0971
      },
      "1": {
        "precision": 0.1667,
        "recall": 0.006,
        "f1": 0.0116
      },
      "2": {
        "precision": 0.2667,
        "recall": 0.004,
        "f1": 0.0079
      },
      "3": {
        "precision": 0.16,
        "recall": 0.004,
        "f1": 0.0078
      },
      "4": {
        "precision": 0.1833,
        "recall": 0.033,
        "f1": 0.0559
      },
      "5": {
        "precision": 0.0,
        "recall": 0.0,
        "f1": 0.0
      },
      "6": {
        "precision": 0.2069,
        "recall": 0.006,
        "f1": 0.0117
      },
      "7": {
        "precision": 0.1178,
        "recall": 0.094,
        "f1": 0.1046
      },
      "8": {
        "precision": 0.1004,
        "recall": 0.806,
        "f1": 0.1786
      },
      "9": {
        "precision": 0.125,
        "recall": 0.095,
        "f1": 0.108
      }
    },
    "label_distribution": {
      "root": {
        "7": 100,
        "1": 100,
        "8": 100,
        "4": 100,
        "3": 100,
        "9": 100,
        "5": 100,
        "0": 100,
        "2": 100,
        "6": 100
      },
      "clients": {
        "0": {
          "9": 487,
          "2": 464,
          "8": 510,
          "7": 471,
          "5": 502,
          "0": 491,
          "1": 494,
          "6": 489,
          "4": 514,
          "3": 478
        },
        "1": {
          "2": 515,
          "7": 490,
          "3": 493,
          "1": 486,
          "9": 498,
          "5": 483,
          "0": 489,
          "6": 473,
          "4": 523,
          "8": 450
        },
        "2": {
          "7": 514,
          "9": 493,
          "1": 489,
          "6": 463,
          "5": 467,
          "3": 495,
          "2": 492,
          "0": 493,
          "8": 499,
          "4": 495
        },
        "3": {
          "8": 505,
          "6": 496,
          "9": 472,
          "5": 487,
          "4": 455,
          "3": 485,
          "2": 513,
          "7": 493,
          "0": 493,
          "1": 501
        },
        "4": {
          "6": 524,
          "7": 511,
          "3": 486,
          "4": 466,
          "8": 475,
          "5": 487,
          "2": 510,
          "1": 464,
          "9": 508,
          "0": 469
        },
        "5": {
          "2": 505,
          "5": 506,
          "7": 477,
          "8": 499,
          "9": 487,
          "4": 478,
          "0": 492,
          "6": 477,
          "3": 494,
          "1": 485
        },
        "6": {
          "0": 482,
          "1": 512,
          "6": 498,
          "4": 484,
          "9": 495,
          "3": 504,
          "8": 492,
          "5": 486,
          "7": 470,
          "2": 477
        },
        "7": {
          "8": 450,
          "9": 505,
          "3": 479,
          "7": 489,
          "1": 513,
          "5": 490,
          "0": 540,
          "4": 448,
          "2": 463,
          "6": 523
        },
        "8": {
          "4": 545,
          "6": 486,
          "5": 489,
          "1": 472,
          "9": 463,
          "8": 526,
          "0": 482,
          "7": 489,
          "3": 477,
          "2": 471
        },
        "9": {
          "7": 496,
          "0": 469,
          "2": 490,
          "4": 492,
          "1": 484,
          "8": 494,
          "5": 503,
          "3": 509,
          "9": 492,
          "6": 471
        }
      }
    },
    "malicious_clients": {},
    "per_round": [
      {
        "round": 1,
        "loss": 2.307294664291528,
        "accuracy": 0.1,
        "epsilon": 3.6697121844421976,
        "trust_scores": {}
      },
      {
        "round": 2,
        "loss": 2.298827498103864,
        "accuracy": 0.0981,
        "epsilon": 4.096746859611484,
        "trust_scores": {}
      },
      {
        "round": 3,
        "loss": 2.2977431665975065,
        "accuracy": 0.0966,
        "epsilon": 4.436160747016988,
        "trust_scores": {}
      },
      {
        "round": 4,
        "loss": 2.294169684187673,
        "accuracy": 0.1162,
        "epsilon": 4.727384929477149,
        "trust_scores": {}
      },
      {
        "round": 5,
        "loss": 2.2907659756108973,
        "accuracy": 0.1103,
        "epsilon": 4.993368734658558,
        "trust_scores": {}
      }
    ]
  }
}