{
  "config": {
    "config_id": 5,
    "dataset": "cifar10",
    "num_clients": 10,
    "num_rounds": 5,
    "num_byzantine": 2,
    "use_dp": true,
    "epsilon": 5.0,
    "delta": 1e-05,
    "use_fltrust": true,
    "use_topk": false,
    "topk_ratio": 0.1,
    "root_dataset_size": 1000,
    "rescale_to_ref_norm": false,
    "attack_type": "label_flip",
    "attack_scale": 3.0,
    "source_label": 3,
    "target_label": 7
  },
  "results": {
    "elapsed_seconds": 259.660115480423,
    "noise_multiplier": 0.63018798828125,
    "confusion_matrix": [
      [
        113,
        6,
        6,
        1,
        6,
        0,
        1,
        60,
        397,
        410
      ],
      [
        7,
        11,
        0,
        4,
        10,
        0,
        5,
        49,
        531,
        383
      ],
      [
        45,
        3,
        18,
        2,
        6,
        0,
        5,
        97,
        416,
        408
      ],
      [
        20,
        11,
        2,
        5,
        18,
        0,
        11,
        117,
        458,
        358
      ],
      [
        29,
        13,
        5,
        6,
        22,
        0,
        7,
        111,
        467,
        340
      ],
      [
        18,
        9,
        8,
        14,
        17,
        0,
        10,
        121,
        484,
        319
      ],
      [
        15,
        10,
        11,
        1,
        20,
        0,
        13,
        94,
        431,
        405
      ],
      [
        15,
        7,
        5,
        2,
        15,
        0,
        5,
        109,
        527,
        315
      ],
      [
        23,
        4,
        1,
        0,
        7,
        0,
        1,
        40,
        427,
        497
      ],
      [
        7,
        7,
        1,
        0,
        8,
        0,
        2,
        41,
        514,
        420
      ]
    ],
    "per_class_scores": {
      "0": {
        "precision": 0.387,
        "recall": 0.113,
        "f1": 0.1749
      },
      "1": {
        "precision": 0.1358,
        "recall": 0.011,
        "f1": 0.0204
      },
      "2": {
        "precision": 0.3158,
        "recall": 0.018,
        "f1": 0.0341
      },
      "3": {
        "precision": 0.1429,
        "recall": 0.005,
        "f1": 0.0097
      },
      "4": {
        "precision": 0.1705,
        "recall": 0.022,
        "f1": 0.039
      },
      "5": {
        "precision": 0.0,
        "recall": 0.0,
        "f1": 0.0
      },
      "6": {
        "precision": 0.2167,
        "recall": 0.013,
        "f1": 0.0245
      },
      "7": {
        "precision": 0.1299,
        "recall": 0.109,
        "f1": 0.1185
      },
      "8": {
        "precision": 0.0918,
        "recall": 0.427,
        "f1": 0.1511
      },
      "9": {
        "precision": 0.1089,
        "recall": 0.42,
        "f1": 0.173
      }
    },
    "label_distribution": {
      "root": {
        "7": 100,
        "1": 100,
        "8": 100,
        "4": 100,
        "3": 100,
        "9": 100,
        "5": 100,
        "0": 100,
        "2": 100,
        "6": 100
      },
      "clients": {
        "0": {
          "9": 487,
          "2": 464,
          "8": 510,
          "7": 471,
          "5": 502,
          "0": 491,
          "1": 494,
          "6": 489,
          "4": 514,
          "3": 478
        },
        "1": {
          "2": 515,
          "7": 490,
          "3": 493,
          "1": 486,
          "9": 498,
          "5": 483,
          "0": 489,
          "6": 473,
          "4": 523,
          "8": 450
        },
        "2": {
          "7": 514,
          "9": 493,
          "1": 489,
          "6": 463,
          "5": 467,
          "3": 495,
          "2": 492,
          "0": 493,
          "8": 499,
          "4": 495
        },
        "3": {
          "8": 505,
          "6": 496,
          "9": 472,
          "5": 487,
          "4": 455,
          "3": 485,
          "2": 513,
          "7": 493,
          "0": 493,
          "1": 501
        },
        "4": {
          "6": 524,
          "7": 511,
          "3": 486,
          "4": 466,
          "8": 475,
          "5": 487,
          "2": 510,
          "1": 464,
          "9": 508,
          "0": 469
        },
        "5": {
          "2": 505,
          "5": 506,
          "7": 477,
          "8": 499,
          "9": 487,
          "4": 478,
          "0": 492,
          "6": 477,
          "3": 494,
          "1": 485
        },
        "6": {
          "0": 482,
          "1": 512,
          "6": 498,
          "4": 484,
          "9": 495,
          "3": 504,
          "8": 492,
          "5": 486,
          "7": 470,
          "2": 477
        },
        "7": {
          "8": 450,
          "9": 505,
          "3": 479,
          "7": 489,
          "1": 513,
          "5": 490,
          "0": 540,
          "4": 448,
          "2": 463,
          "6": 523
        },
        "8": {
          "4": 545,
          "6": 486,
          "5": 489,
          "1": 472,
          "9": 463,
          "8": 526,
          "0": 482,
          "7": 489,
          "3": 477,
          "2": 471
        },
        "9": {
          "7": 496,
          "0": 469,
          "2": 490,
          "4": 492,
          "1": 484,
          "8": 494,
          "5": 503,
          "3": 509,
          "9": 492,
          "6": 471
        }
      }
    },
    "malicious_clients": {
      "7249290557052607268": true,
      "16952029753202700347": true,
      "2141090178429114459": false,
      "10488560415356975067": false,
      "12933682818229527726": false,
      "4619318816816313966": false,
      "5846328819977727402": false,
      "12733635387735170412": false,
      "6043852162457165378": false,
      "1200314478908726187": false
    },
    "per_round": [
      {
        "round": 1,
        "loss": 2.3081221390075197,
        "accuracy": 0.1001,
        "epsilon": 3.6697121844421976,
        "trust_scores": {
          "7249290557052607268": 0.0728,
          "16952029753202700347": 0.0636,
          "2141090178429114459": 0.0722,
          "10488560415356975067": 0.065,
          "12933682818229527726": 0.0707,
          "4619318816816313966": 0.0691,
          "5846328819977727402": 0.0662,
          "12733635387735170412": 0.0729,
          "6043852162457165378": 0.071,
          "1200314478908726187": 0.0726
        }
      },
      {
        "round": 2,
        "loss": 2.2978032008527567,
        "accuracy": 0.0989,
        "epsilon": 4.096746859611484,
        "trust_scores": {
          "7249290557052607268": 0.0082,
          "16952029753202700347": 0.0074,
          "2141090178429114459": 0.0085,
          "10488560415356975067": 0.0042,
          "12933682818229527726": 0.0096,
          "4619318816816313966": 0.0083,
          "5846328819977727402": 0.0094,
          "12733635387735170412": 0.0069,
          "6043852162457165378": 0.0078,
          "1200314478908726187": 0.0048
        }
      },
      {
        "round": 3,
        "loss": 2.297175631355554,
        "accuracy": 0.1102,
        "epsilon": 4.436160747016988,
        "trust_scores": {
          "7249290557052607268": 0.007,
          "16952029753202700347": 0.0018,
          "2141090178429114459": 0.0078,
          "10488560415356975067": 0.0024,
          "12933682818229527726": 0.0,
          "4619318816816313966": 0.0025,
          "5846328819977727402": 0.004,
          "12733635387735170412": 0.0038,
          "6043852162457165378": 0.0043,
          "1200314478908726187": 0.0011
        }
      },
      {
        "round": 4,
        "loss": 2.2932615638160097,
        "accuracy": 0.1191,
        "epsilon": 4.727384929477149,
        "trust_scores": {
          "7249290557052607268": 0.0043,
          "16952029753202700347": 0.0042,
          "2141090178429114459": 0.0032,
          "10488560415356975067": 0.0092,
          "12933682818229527726": 0.0008,
          "4619318816816313966": 0.0051,