{
  "config": {
    "config_id": 6,
    "dataset": "cifar10",
    "num_clients": 10,
    "num_rounds": 5,
    "num_byzantine": 2,
    "use_dp": true,
    "epsilon": 10.0,
    "delta": 1e-05,
    "use_fltrust": false,
    "use_topk": true,
    "topk_ratio": 0.1,
    "root_dataset_size": 1000,
    "rescale_to_ref_norm": false,
    "attack_type": "label_flip",
    "attack_scale": 3.0,
    "source_label": 3,
    "target_label": 7
  },
  "results": {
    "elapsed_seconds": 260.9731056690216,
    "noise_multiplier": 0.50628662109375,
    "confusion_matrix": [
      [
        11,
        0,
        1,
        0,
        10,
        0,
        1,
        41,
        912,
        24
      ],
      [
        1,
        0,
        0,
        1,
        10,
        0,
        0,
        19,
        952,
        17
      ],
      [
        7,
        0,
        8,
        0,
        20,
        0,
        0,
        35,
        895,
        35
      ],
      [
        3,
        0,
        1,
        0,
        19,
        0,
        0,
        31,
        921,
        25
      ],
      [
        4,
        0,
        2,
        1,
        23,
        0,
        0,
        30,
        909,
        31
      ],
      [
        1,
        0,
        4,
        3,
        19,
        0,
        0,
        23,
        933,
        17
      ],
      [
        3,
        1,
        7,
        0,
        23,
        0,
        0,
        22,
        921,
        23
      ],
      [
        2,
        0,
        3,
        0,
        15,
        0,
        0,
        31,
        928,
        21
      ],
      [
        7,
        0,
        3,
        0,
        19,
        0,
        0,
        21,
        905,
        45
      ],
      [
        1,
        0,
        2,
        1,
        26,
        0,
        0,
        16,
        925,
        29
      ]
    ],
    "per_class_scores": {
      "0": {
        "precision": 0.275,
        "recall": 0.011,
        "f1": 0.0212
      },
      "1": {
        "precision": 0.0,
        "recall": 0.0,
        "f1": 0.0
      },
      "2": {
        "precision": 0.2581,
        "recall": 0.008,
        "f1": 0.0155
      },
      "3": {
        "precision": 0.0,
        "recall": 0.0,
        "f1": 0.0
      },
      "4": {
        "precision": 0.125,
        "recall": 0.023,
        "f1": 0.0389
      },
      "5": {
        "precision": 0.0,
        "recall": 0.0,
        "f1": 0.0
      },
      "6": {
        "precision": 0.0,
        "recall": 0.0,
        "f1": 0.0
      },
      "7": {
        "precision": 0.1152,
        "recall": 0.031,
        "f1": 0.0489
      },
      "8": {
        "precision": 0.0984,
        "recall": 0.905,
        "f1": 0.1774
      },
      "9": {
        "precision": 0.1086,
        "recall": 0.029,
        "f1": 0.0458
      }
    },
    "label_distribution": {
      "root": {
        "7": 100,
        "1": 100,
        "8": 100,
        "4": 100,
        "3": 100,
        "9": 100,
        "5": 100,
        "0": 100,
        "2": 100,
        "6": 100
      },
      "clients": {
        "0": {
          "9": 487,
          "2": 464,
          "8": 510,
          "7": 471,
          "5": 502,
          "0": 491,
          "1": 494,
          "6": 489,
          "4": 514,
          "3": 478
        },
        "1": {
          "2": 515,
          "7": 490,
          "3": 493,
          "1": 486,
          "9": 498,
          "5": 483,
          "0": 489,
          "6": 473,
          "4": 523,
          "8": 450
        },
        "2": {
          "7": 514,
          "9": 493,
          "1": 489,
          "6": 463,
          "5": 467,
          "3": 495,
          "2": 492,
          "0": 493,
          "8": 499,
          "4": 495
        },
        "3": {
          "8": 505,
          "6": 496,
          "9": 472,
          "5": 487,
          "4": 455,
          "3": 485,
          "2": 513,
          "7": 493,
          "0": 493,
          "1": 501
        },
        "4": {
          "6": 524,
          "7": 511,
          "3": 486,
          "4": 466,
          "8": 475,
          "5": 487,
          "2": 510,
          "1": 464,
          "9": 508,
          "0": 469
        },
        "5": {
          "2": 505,
          "5": 506,
          "7": 477,
          "8": 499,
          "9": 487,
          "4": 478,
          "0": 492,
          "6": 477,
          "3": 494,
          "1": 485
        },
        "6": {
          "0": 482,
          "1": 512,
          "6": 498,
          "4": 484,
          "9": 495,
          "3": 504,
          "8": 492,
          "5": 486,
          "7": 470,
          "2": 477
        },
        "7": {
          "8": 450,
          "9": 505,
          "3": 479,
          "7": 489,
          "1": 513,
          "5": 490,
          "0": 540,
          "4": 448,
          "2": 463,
          "6": 523
        },
        "8": {
          "4": 545,
          "6": 486,
          "5": 489,
          "1": 472,
          "9": 463,
          "8": 526,
          "0": 482,
          "7": 489,
          "3": 477,
          "2": 471
        },
        "9": {
          "7": 496,
          "0": 469,
          "2": 490,
          "4": 492,
          "1": 484,
          "8": 494,
          "5": 503,
          "3": 509,
          "9": 492,
          "6": 471
        }
      }
    },
    "malicious_clients": {},
    "per_round": [
      {
        "round": 1,
        "loss": 2.32591468686113,
        "accuracy": 0.1085,
        "epsilon": 6.869514739225602,
        "trust_scores": {}
      },
      {
        "round": 2,
        "loss": 2.305610210369951,
        "accuracy": 0.1066,
        "epsilon": 7.898113561603722,
        "trust_scores": {}
      },
      {
        "round": 3,
        "loss": 2.3013090660777715,
        "accuracy": 0.1031,
        "epsilon": 8.701828366474922,
        "trust_scores": {}
      },
      {
        "round": 4,
        "loss": 2.2993323734393134,
        "accuracy": 0.1026,
        "epsilon": 9.411711808908908,
        "trust_scores": {}
      },
      {
        "round": 5,
        "loss": 2.297739810456102,
        "accuracy": 0.1007,
        "epsilon": 9.999843042102107,
        "trust_scores": {}
      }
    ]
  }
}