{
  "config": {
    "config_id": 5,
    "dataset": "cifar10",
    "num_clients": 10,
    "num_rounds": 5,
    "num_byzantine": 2,
    "use_dp": true,
    "epsilon": 1.0,
    "delta": 1e-05,
    "use_fltrust": true,
    "use_topk": false,
    "topk_ratio": 0.1,
    "root_dataset_size": 1000,
    "rescale_to_ref_norm": false,
    "attack_type": "label_flip",
    "attack_scale": 3.0,
    "source_label": 3,
    "target_label": 7
  },
  "results": {
    "elapsed_seconds": 258.71378779411316,
    "noise_multiplier": 1.142578125,
    "confusion_matrix": [
      [
        65,
        13,
        26,
        0,
        2,
        0,
        10,
        26,
        391,
        467
      ],
      [
        2,
        25,
        7,
        1,
        2,
        0,
        23,
        20,
        485,
        435
      ],
      [
        26,
        9,
        36,
        2,
        3,
        0,
        28,
        41,
        407,
        448
      ],
      [
        14,
        19,
        14,
        6,
        1,
        0,
        44,
        43,
        447,
        412
      ],
      [
        9,
        21,
        20,
        6,
        8,
        0,
        48,
        48,
        462,
        378
      ],
      [
        10,
        15,
        18,
        6,
        9,
        0,
        41,
        50,
        446,
        405
      ],
      [
        6,
        25,
        20,
        4,
        5,
        0,
        47,
        35,
        413,
        445
      ],
      [
        3,
        25,
        12,
        2,
        6,
        0,
        23,
        51,
        487,
        391
      ],
      [
        11,
        10,
        13,
        0,
        2,
        0,
        10,
        16,
        407,
        531
      ],
      [
        2,
        26,
        4,
        2,
        4,
        0,
        13,
        13,
        462,
        474
      ]
    ],
    "per_class_scores": {
      "0": {
        "precision": 0.4392,
        "recall": 0.065,
        "f1": 0.1132
      },
      "1": {
        "precision": 0.133,
        "recall": 0.025,
        "f1": 0.0421
      },
      "2": {
        "precision": 0.2118,
        "recall": 0.036,
        "f1": 0.0615
      },
      "3": {
        "precision": 0.2069,
        "recall": 0.006,
        "f1": 0.0117
      },
      "4": {
        "precision": 0.1905,
        "recall": 0.008,
        "f1": 0.0154
      },
      "5": {
        "precision": 0.0,
        "recall": 0.0,
        "f1": 0.0
      },
      "6": {
        "precision": 0.1638,
        "recall": 0.047,
        "f1": 0.073
      },
      "7": {
        "precision": 0.1487,
        "recall": 0.051,
        "f1": 0.0759
      },
      "8": {
        "precision": 0.0924,
        "recall": 0.407,
        "f1": 0.1505
      },
      "9": {
        "precision": 0.1081,
        "recall": 0.474,
        "f1": 0.176
      }
    },
    "label_distribution": {
      "root": {
        "7": 100,
        "1": 100,
        "8": 100,
        "4": 100,
        "3": 100,
        "9": 100,
        "5": 100,
        "0": 100,
        "2": 100,
        "6": 100
      },
      "clients": {
        "0": {
          "9": 487,
          "2": 464,
          "8": 510,
          "7": 471,
          "5": 502,
          "0": 491,
          "1": 494,
          "6": 489,
          "4": 514,
          "3": 478
        },
        "1": {
          "2": 515,
          "7": 490,
          "3": 493,
          "1": 486,
          "9": 498,
          "5": 483,
          "0": 489,
          "6": 473,
          "4": 523,
          "8": 450
        },
        "2": {
          "7": 514,
          "9": 493,
          "1": 489,
          "6": 463,
          "5": 467,
          "3": 495,
          "2": 492,
          "0": 493,
          "8": 499,
          "4": 495
        },
        "3": {
          "8": 505,
          "6": 496,
          "9": 472,
          "5": 487,
          "4": 455,
          "3": 485,
          "2": 513,
          "7": 493,
          "0": 493,
          "1": 501
        },
        "4": {
          "6": 524,
          "7": 511,
          "3": 486,
          "4": 466,
          "8": 475,
          "5": 487,
          "2": 510,
          "1": 464,
          "9": 508,
          "0": 469
        },
        "5": {
          "2": 505,
          "5": 506,
          "7": 477,
          "8": 499,
          "9": 487,
          "4": 478,
          "0": 492,
          "6": 477,
          "3": 494,
          "1": 485
        },
        "6": {
          "0": 482,
          "1": 512,
          "6": 498,
          "4": 484,
          "9": 495,
          "3": 504,
          "8": 492,
          "5": 486,
          "7": 470,
          "2": 477
        },
        "7": {
          "8": 450,
          "9": 505,
          "3": 479,
          "7": 489,
          "1": 513,
          "5": 490,
          "0": 540,
          "4": 448,
          "2": 463,
          "6": 523
        },
        "8": {
          "4": 545,
          "6": 486,
          "5": 489,
          "1": 472,
          "9": 463,
          "8": 526,
          "0": 482,
          "7": 489,
          "3": 477,
          "2": 471
        },
        "9": {
          "7": 496,
          "0": 469,
          "2": 490,
          "4": 492,
          "1": 484,
          "8": 494,
          "5": 503,
          "3": 509,
          "9": 492,
          "6": 471
        }
      }
    },
    "malicious_clients": {
      "12583292720673777359": false,
      "5537045330210999099": false,
      "16001601006111966354": true,
      "8015203220782109083": false,
      "8149046657522631103": false,
      "1052251074132161170": false,
      "17661388696540360845": false,
      "9367602801800428695": false,
      "7410352906273512194": true,
      "7563458143246630097": false
    },
    "per_round": [
      {
        "round": 1,
        "loss": 2.3086326343182937,
        "accuracy": 0.1017,
        "epsilon": 0.773382282892005,
        "trust_scores": {
          "12583292720673777359": 0.0397,
          "5537045330210999099": 0.0354,
          "16001601006111966354": 0.0408,
          "8015203220782109083": 0.0404,
          "8149046657522631103": 0.0375,
          "1052251074132161170": 0.0419,
          "17661388696540360845": 0.0391,
          "9367602801800428695": 0.0385,
          "7410352906273512194": 0.0353,
          "7563458143246630097": 0.04
        }
      },
      {
        "round": 2,
        "loss": 2.2978785418854737,
        "accuracy": 0.1019,
        "epsilon": 0.8373338803410417,
        "trust_scores": {
          "12583292720673777359": 0.0053,
          "5537045330210999099": 0.0027,
          "16001601006111966354": 0.0056,
          "8015203220782109083": 0.0063,
          "8149046657522631103": 0.0067,
          "1052251074132161170": 0.0018,
          "17661388696540360845": 0.0039,
          "9367602801800428695": 0.0058,
          "7410352906273512194": 0.0042,
          "7563458143246630097": 0.0052
        }
      },
      {
        "round": 3,
        "loss": 2.2999221874883,
        "accuracy": 0.1106,
        "epsilon": 0.8891420174071852,
        "trust_scores": {
          "12583292720673777359": 0.0,
          "5537045330210999099": 0.0012,
          "16001601006111966354": 0.0052,
          "8015203220782109083": 0.0,
          "8149046657522631103": 0.0032,
          "1052251074132161170": 0.0004,
          "17661388696540360845": 0.0031,
          "9367602801800428695": 0.0008,
          "7410352906273512194": 0.0,
          "7563458143246630097": 0.0026
        }
      },
      {
        "round": 4,
        "loss": 2.294545312278187,
        "accuracy": 0.1108,
        "epsilon": 0.9409501544733287,
        "trust_scores": {
          "12583292720673777359": 0.0008,
          "5537045330210999099": 0.0086,
          "16001601006111966354": 0.0016,
          "8015203220782109083": 0.0026,
          "8149046657522631103": 0.0015,
          "1052251074132161170": 0.0007,