{
  "config": {
    "config_id": 6,
    "dataset": "cifar10",
    "num_clients": 10,
    "num_rounds": 5,
    "num_byzantine": 2,
    "use_dp": true,
    "epsilon": 10.0,
    "delta": 1e-05,
    "use_fltrust": false,
    "use_topk": true,
    "topk_ratio": 0.5,
    "root_dataset_size": 1000,
    "rescale_to_ref_norm": false,
    "attack_type": "label_flip",
    "attack_scale": 3.0,
    "source_label": 3,
    "target_label": 7
  },
  "results": {
    "elapsed_seconds": 259.93242144584656,
    "noise_multiplier": 0.50628662109375,
    "confusion_matrix": [
      [
        59,
        1,
        2,
        0,
        7,
        0,
        1,
        91,
        732,
        107
      ],
      [
        3,
        6,
        0,
        1,
        9,
        0,
        1,
        41,
        875,
        64
      ],
      [
        23,
        5,
        4,
        1,
        17,
        0,
        1,
        103,
        739,
        107
      ],
      [
        14,
        3,
        0,
        5,
        22,
        0,
        8,
        119,
        751,
        78
      ],
      [
        9,
        7,
        1,
        4,
        30,
        0,
        6,
        123,
        753,
        67
      ],
      [
        5,
        6,
        1,
        10,
        24,
        0,
        5,
        131,
        769,
        49
      ],
      [
        6,
        9,
        5,
        4,
        22,
        0,
        8,
        97,
        762,
        87
      ],
      [
        1,
        3,
        1,
        1,
        17,
        0,
        5,
        104,
        829,
        39
      ],
      [
        13,
        6,
        0,
        0,
        10,
        0,
        1,
        45,
        793,
        132
      ],
      [
        3,
        5,
        0,
        0,
        16,
        0,
        1,
        41,
        829,
        105
      ]
    ],
    "per_class_scores": {
      "0": {
        "precision": 0.4338,
        "recall": 0.059,
        "f1": 0.1039
      },
      "1": {
        "precision": 0.1176,
        "recall": 0.006,
        "f1": 0.0114
      },
      "2": {
        "precision": 0.2857,
        "recall": 0.004,
        "f1": 0.0079
      },
      "3": {
        "precision": 0.1923,
        "recall": 0.005,
        "f1": 0.0097
      },
      "4": {
        "precision": 0.1724,
        "recall": 0.03,
        "f1": 0.0511
      },
      "5": {
        "precision": 0.0,
        "recall": 0.0,
        "f1": 0.0
      },
      "6": {
        "precision": 0.2162,
        "recall": 0.008,
        "f1": 0.0154
      },
      "7": {
        "precision": 0.1162,
        "recall": 0.104,
        "f1": 0.1098
      },
      "8": {
        "precision": 0.1013,
        "recall": 0.793,
        "f1": 0.1796
      },
      "9": {
        "precision": 0.1257,
        "recall": 0.105,
        "f1": 0.1144
      }
    },
    "label_distribution": {
      "root": {
        "7": 100,
        "1": 100,
        "8": 100,
        "4": 100,
        "3": 100,
        "9": 100,
        "5": 100,
        "0": 100,
        "2": 100,
        "6": 100
      },
      "clients": {
        "0": {
          "9": 487,
          "2": 464,
          "8": 510,
          "7": 471,
          "5": 502,
          "0": 491,
          "1": 494,
          "6": 489,
          "4": 514,
          "3": 478
        },
        "1": {
          "2": 515,
          "7": 490,
          "3": 493,
          "1": 486,
          "9": 498,
          "5": 483,
          "0": 489,
          "6": 473,
          "4": 523,
          "8": 450
        },
        "2": {
          "7": 514,
          "9": 493,
          "1": 489,
          "6": 463,
          "5": 467,
          "3": 495,
          "2": 492,
          "0": 493,
          "8": 499,
          "4": 495
        },
        "3": {
          "8": 505,
          "6": 496,
          "9": 472,
          "5": 487,
          "4": 455,
          "3": 485,
          "2": 513,
          "7": 493,
          "0": 493,
          "1": 501
        },
        "4": {
          "6": 524,
          "7": 511,
          "3": 486,
          "4": 466,
          "8": 475,
          "5": 487,
          "2": 510,
          "1": 464,
          "9": 508,
          "0": 469
        },
        "5": {
          "2": 505,
          "5": 506,
          "7": 477,
          "8": 499,
          "9": 487,
          "4": 478,
          "0": 492,
          "6": 477,
          "3": 494,
          "1": 485
        },
        "6": {
          "0": 482,
          "1": 512,
          "6": 498,
          "4": 484,
          "9": 495,
          "3": 504,
          "8": 492,
          "5": 486,
          "7": 470,
          "2": 477
        },
        "7": {
          "8": 450,
          "9": 505,
          "3": 479,
          "7": 489,
          "1": 513,
          "5": 490,
          "0": 540,
          "4": 448,
          "2": 463,
          "6": 523
        },
        "8": {
          "4": 545,
          "6": 486,
          "5": 489,
          "1": 472,
          "9": 463,
          "8": 526,
          "0": 482,
          "7": 489,
          "3": 477,
          "2": 471
        },
        "9": {
          "7": 496,
          "0": 469,
          "2": 490,
          "4": 492,
          "1": 484,
          "8": 494,
          "5": 503,
          "3": 509,
          "9": 492,
          "6": 471
        }
      }
    },
    "malicious_clients": {},
    "per_round": [
      {
        "round": 1,
        "loss": 2.3069988896671574,
        "accuracy": 0.1005,
        "epsilon": 6.869514739225602,
        "trust_scores": {}
      },
      {
        "round": 2,
        "loss": 2.298564674755255,
        "accuracy": 0.1,
        "epsilon": 7.898113561603722,
        "trust_scores": {}
      },
      {
        "round": 3,
        "loss": 2.2974105528749216,
        "accuracy": 0.0978,
        "epsilon": 8.701828366474922,
        "trust_scores": {}
      },
      {
        "round": 4,
        "loss": 2.2939359578080833,
        "accuracy": 0.1164,
        "epsilon": 9.411711808908908,
        "trust_scores": {}
      },
      {
        "round": 5,
        "loss": 2.290520338204722,
        "accuracy": 0.1114,
        "epsilon": 9.999843042102107,
        "trust_scores": {}
      }
    ]
  }
}