{
  "config": {
    "config_id": 6,
    "dataset": "cifar10",
    "num_clients": 10,
    "num_rounds": 5,
    "num_byzantine": 2,
    "use_dp": true,
    "epsilon": 1.0,
    "delta": 1e-05,
    "use_fltrust": false,
    "use_topk": true,
    "topk_ratio": 0.1,
    "root_dataset_size": 1000,
    "rescale_to_ref_norm": false,
    "attack_type": "label_flip",
    "attack_scale": 3.0,
    "source_label": 3,
    "target_label": 7
  },
  "results": {
    "elapsed_seconds": 255.9589021205902,
    "noise_multiplier": 1.142578125,
    "confusion_matrix": [
      [
        17,
        0,
        0,
        0,
        12,
        0,
        0,
        22,
        945,
        4
      ],
      [
        2,
        0,
        0,
        1,
        14,
        0,
        0,
        5,
        976,
        2
      ],
      [
        15,
        0,
        5,
        0,
        23,
        0,
        0,
        21,
        924,
        12
      ],
      [
        10,
        0,
        0,
        1,
        28,
        0,
        0,
        14,
        943,
        4
      ],
      [
        7,
        0,
        2,
        1,
        29,
        0,
        0,
        11,
        945,
        5
      ],
      [
        6,
        0,
        0,
        1,
        18,
        0,
        0,
        15,
        957,
        3
      ],
      [
        4,
        0,
        2,
        0,
        32,
        0,
        0,
        13,
        939,
        10
      ],
      [
        1,
        0,
        2,
        0,
        17,
        0,
        0,
        14,
        964,
        2
      ],
      [
        13,
        0,
        1,
        0,
        17,
        0,
        0,
        7,
        953,
        9
      ],
      [
        2,
        0,
        1,
        1,
        22,
        0,
        0,
        7,
        964,
        3
      ]
    ],
    "per_class_scores": {
      "0": {
        "precision": 0.2208,
        "recall": 0.017,
        "f1": 0.0316
      },
      "1": {
        "precision": 0.0,
        "recall": 0.0,
        "f1": 0.0
      },
      "2": {
        "precision": 0.3846,
        "recall": 0.005,
        "f1": 0.0099
      },
      "3": {
        "precision": 0.2,
        "recall": 0.001,
        "f1": 0.002
      },
      "4": {
        "precision": 0.1368,
        "recall": 0.029,
        "f1": 0.0479
      },
      "5": {
        "precision": 0.0,
        "recall": 0.0,
        "f1": 0.0
      },
      "6": {
        "precision": 0.0,
        "recall": 0.0,
        "f1": 0.0
      },
      "7": {
        "precision": 0.1085,
        "recall": 0.014,
        "f1": 0.0248
      },
      "8": {
        "precision": 0.1002,
        "recall": 0.953,
        "f1": 0.1814
      },
      "9": {
        "precision": 0.0556,
        "recall": 0.003,
        "f1": 0.0057
      }
    },
    "label_distribution": {
      "root": {
        "7": 100,
        "1": 100,
        "8": 100,
        "4": 100,
        "3": 100,
        "9": 100,
        "5": 100,
        "0": 100,
        "2": 100,
        "6": 100
      },
      "clients": {
        "0": {
          "9": 487,
          "2": 464,
          "8": 510,
          "7": 471,
          "5": 502,
          "0": 491,
          "1": 494,
          "6": 489,
          "4": 514,
          "3": 478
        },
        "1": {
          "2": 515,
          "7": 490,
          "3": 493,
          "1": 486,
          "9": 498,
          "5": 483,
          "0": 489,
          "6": 473,
          "4": 523,
          "8": 450
        },
        "2": {
          "7": 514,
          "9": 493,
          "1": 489,
          "6": 463,
          "5": 467,
          "3": 495,
          "2": 492,
          "0": 493,
          "8": 499,
          "4": 495
        },
        "3": {
          "8": 505,
          "6": 496,
          "9": 472,
          "5": 487,
          "4": 455,
          "3": 485,
          "2": 513,
          "7": 493,
          "0": 493,
          "1": 501
        },
        "4": {
          "6": 524,
          "7": 511,
          "3": 486,
          "4": 466,
          "8": 475,
          "5": 487,
          "2": 510,
          "1": 464,
          "9": 508,
          "0": 469
        },
        "5": {
          "2": 505,
          "5": 506,
          "7": 477,
          "8": 499,
          "9": 487,
          "4": 478,
          "0": 492,
          "6": 477,
          "3": 494,
          "1": 485
        },
        "6": {
          "0": 482,
          "1": 512,
          "6": 498,
          "4": 484,
          "9": 495,
          "3": 504,
          "8": 492,
          "5": 486,
          "7": 470,
          "2": 477
        },
        "7": {
          "8": 450,
          "9": 505,
          "3": 479,
          "7": 489,
          "1": 513,
          "5": 490,
          "0": 540,
          "4": 448,
          "2": 463,
          "6": 523
        },
        "8": {
          "4": 545,
          "6": 486,
          "5": 489,
          "1": 472,
          "9": 463,
          "8": 526,
          "0": 482,
          "7": 489,
          "3": 477,
          "2": 471
        },
        "9": {
          "7": 496,
          "0": 469,
          "2": 490,
          "4": 492,
          "1": 484,
          "8": 494,
          "5": 503,
          "3": 509,
          "9": 492,
          "6": 471
        }
      }
    },
    "malicious_clients": {},
    "per_round": [
      {
        "round": 1,
        "loss": 2.3419425677948484,
        "accuracy": 0.1035,
        "epsilon": 0.773382282892005,
        "trust_scores": {}
      },
      {
        "round": 2,
        "loss": 2.3103242110901365,
        "accuracy": 0.1082,
        "epsilon": 0.8373338803410417,
        "trust_scores": {}
      },
      {
        "round": 3,
        "loss": 2.3030153242543863,
        "accuracy": 0.1044,
        "epsilon": 0.8891420174071852,
        "trust_scores": {}
      },
      {
        "round": 4,
        "loss": 2.3001283471957565,
        "accuracy": 0.105,
        "epsilon": 0.9409501544733287,
        "trust_scores": {}
      },
      {
        "round": 5,
        "loss": 2.298755567294721,
        "accuracy": 0.1022,
        "epsilon": 0.9927582915394723,
        "trust_scores": {}
      }
    ]
  }
}