{
  "config": {
    "config_id": 6,
    "dataset": "cifar10",
    "num_clients": 10,
    "num_rounds": 5,
    "num_byzantine": 2,
    "use_dp": true,
    "epsilon": 5.0,
    "delta": 1e-05,
    "use_fltrust": false,
    "use_topk": true,
    "topk_ratio": 0.1,
    "root_dataset_size": 1000,
    "rescale_to_ref_norm": false,
    "attack_type": "label_flip",
    "attack_scale": 3.0,
    "source_label": 3,
    "target_label": 7
  },
  "results": {
    "elapsed_seconds": 266.5115065574646,
    "noise_multiplier": 0.63018798828125,
    "confusion_matrix": [
      [
        10,
        0,
        1,
        0,
        8,
        0,
        1,
        37,
        928,
        15
      ],
      [
        1,
        0,
        0,
        1,
        8,
        0,
        0,
        16,
        966,
        8
      ],
      [
        10,
        0,
        7,
        0,
        20,
        0,
        0,
        25,
        915,
        23
      ],
      [
        3,
        0,
        1,
        1,
        17,
        0,
        0,
        27,
        936,
        15
      ],
      [
        5,
        0,
        1,
        1,
        20,
        0,
        0,
        25,
        930,
        18
      ],
      [
        2,
        0,
        2,
        3,
        16,
        0,
        0,
        20,
        948,
        9
      ],
      [
        4,
        0,
        7,
        0,
        19,
        0,
        0,
        20,
        934,
        16
      ],
      [
        1,
        0,
        3,
        0,
        14,
        0,
        0,
        25,
        944,
        13
      ],
      [
        7,
        0,
        3,
        0,
        18,
        0,
        0,
        12,
        933,
        27
      ],
      [
        1,
        0,
        1,
        1,
        21,
        0,
        0,
        12,
        950,
        14
      ]
    ],
    "per_class_scores": {
      "0": {
        "precision": 0.2273,
        "recall": 0.01,
        "f1": 0.0192
      },
      "1": {
        "precision": 0.0,
        "recall": 0.0,
        "f1": 0.0
      },
      "2": {
        "precision": 0.2692,
        "recall": 0.007,
        "f1": 0.0136
      },
      "3": {
        "precision": 0.1429,
        "recall": 0.001,
        "f1": 0.002
      },
      "4": {
        "precision": 0.1242,
        "recall": 0.02,
        "f1": 0.0345
      },
      "5": {
        "precision": 0.0,
        "recall": 0.0,
        "f1": 0.0
      },
      "6": {
        "precision": 0.0,
        "recall": 0.0,
        "f1": 0.0
      },
      "7": {
        "precision": 0.1142,
        "recall": 0.025,
        "f1": 0.041
      },
      "8": {
        "precision": 0.0994,
        "recall": 0.933,
        "f1": 0.1797
      },
      "9": {
        "precision": 0.0886,
        "recall": 0.014,
        "f1": 0.0242
      }
    },
    "label_distribution": {
      "root": {
        "7": 100,
        "1": 100,
        "8": 100,
        "4": 100,
        "3": 100,
        "9": 100,
        "5": 100,
        "0": 100,
        "2": 100,
        "6": 100
      },
      "clients": {
        "0": {
          "9": 487,
          "2": 464,
          "8": 510,
          "7": 471,
          "5": 502,
          "0": 491,
          "1": 494,
          "6": 489,
          "4": 514,
          "3": 478
        },
        "1": {
          "2": 515,
          "7": 490,
          "3": 493,
          "1": 486,
          "9": 498,
          "5": 483,
          "0": 489,
          "6": 473,
          "4": 523,
          "8": 450
        },
        "2": {
          "7": 514,
          "9": 493,
          "1": 489,
          "6": 463,
          "5": 467,
          "3": 495,
          "2": 492,
          "0": 493,
          "8": 499,
          "4": 495
        },
        "3": {
          "8": 505,
          "6": 496,
          "9": 472,
          "5": 487,
          "4": 455,
          "3": 485,
          "2": 513,
          "7": 493,
          "0": 493,
          "1": 501
        },
        "4": {
          "6": 524,
          "7": 511,
          "3": 486,
          "4": 466,
          "8": 475,
          "5": 487,
          "2": 510,
          "1": 464,
          "9": 508,
          "0": 469
        },
        "5": {
          "2": 505,
          "5": 506,
          "7": 477,
          "8": 499,
          "9": 487,
          "4": 478,
          "0": 492,
          "6": 477,
          "3": 494,
          "1": 485
        },
        "6": {
          "0": 482,
          "1": 512,
          "6": 498,
          "4": 484,
          "9": 495,
          "3": 504,
          "8": 492,
          "5": 486,
          "7": 470,
          "2": 477
        },
        "7": {
          "8": 450,
          "9": 505,
          "3": 479,
          "7": 489,
          "1": 513,
          "5": 490,
          "0": 540,
          "4": 448,
          "2": 463,
          "6": 523
        },
        "8": {
          "4": 545,
          "6": 486,
          "5": 489,
          "1": 472,
          "9": 463,
          "8": 526,
          "0": 482,
          "7": 489,
          "3": 477,
          "2": 471
        },
        "9": {
          "7": 496,
          "0": 469,
          "2": 490,
          "4": 492,
          "1": 484,
          "8": 494,
          "5": 503,
          "3": 509,
          "9": 492,
          "6": 471
        }
      }
    },
    "malicious_clients": {},
    "per_round": [
      {
        "round": 1,
        "loss": 2.330157878680732,
        "accuracy": 0.1081,
        "epsilon": 3.6697121844421976,
        "trust_scores": {}
      },
      {
        "round": 2,
        "loss": 2.3067519032536223,
        "accuracy": 0.1085,
        "epsilon": 4.096746859611484,
        "trust_scores": {}
      },
      {
        "round": 3,
        "loss": 2.3015677494743763,
        "accuracy": 0.1034,
        "epsilon": 4.436160747016988,
        "trust_scores": {}
      },
      {
        "round": 4,
        "loss": 2.2994217004258033,
        "accuracy": 0.1032,
        "epsilon": 4.727384929477149,
        "trust_scores": {}
      },
      {
        "round": 5,
        "loss": 2.2976793382114495,
        "accuracy": 0.101,
        "epsilon": 4.993368734658558,
        "trust_scores": {}
      }
    ]
  }
}