{
  "config": {
    "config_id": 2,
    "dataset": "cifar10",
    "num_clients": 10,
    "num_rounds": 5,
    "num_byzantine": 2,
    "use_dp": true,
    "epsilon": 1.0,
    "delta": 1e-05,
    "use_fltrust": false,
    "use_topk": false,
    "topk_ratio": 0.1,
    "root_dataset_size": 1000,
    "rescale_to_ref_norm": false,
    "attack_type": "label_flip",
    "attack_scale": 3.0,
    "source_label": 3,
    "target_label": 7
  },
  "results": {
    "elapsed_seconds": 252.9108169078827,
    "noise_multiplier": 1.142578125,
    "confusion_matrix": [
      [
        77,
        1,
        3,
        0,
        4,
        0,
        1,
        76,
        684,
        154
      ],
      [
        4,
        4,
        0,
        2,
        4,
        0,
        2,
        42,
        851,
        91
      ],
      [
        36,
        2,
        5,
        2,
        12,
        0,
        4,
        95,
        704,
        140
      ],
      [
        9,
        3,
        1,
        6,
        13,
        0,
        11,
        121,
        739,
        97
      ],
      [
        14,
        2,
        1,
        5,
        19,
        0,
        5,
        102,
        740,
        112
      ],
      [
        10,
        5,
        1,
        9,
        13,
        0,
        2,
        118,
        750,
        92
      ],
      [
        8,
        5,
        0,
        2,
        24,
        0,
        9,
        93,
        737,
        122
      ],
      [
        5,
        4,
        1,
        4,
        16,
        0,
        4,
        98,
        785,
        83
      ],
      [
        18,
        1,
        0,
        1,
        2,
        0,
        5,
        30,
        744,
        199
      ],
      [
        4,
        6,
        0,
        1,
        8,
        0,
        2,
        43,
        788,
        148
      ]
    ],
    "per_class_scores": {
      "0": {
        "precision": 0.4162,
        "recall": 0.077,
        "f1": 0.13
      },
      "1": {
        "precision": 0.1212,
        "recall": 0.004,
        "f1": 0.0077
      },
      "2": {
        "precision": 0.4167,
        "recall": 0.005,
        "f1": 0.0099
      },
      "3": {
        "precision": 0.1875,
        "recall": 0.006,
        "f1": 0.0116
      },
      "4": {
        "precision": 0.1652,
        "recall": 0.019,
        "f1": 0.0341
      },
      "5": {
        "precision": 0.0,
        "recall": 0.0,
        "f1": 0.0
      },
      "6": {
        "precision": 0.2,
        "recall": 0.009,
        "f1": 0.0172
      },
      "7": {
        "precision": 0.1198,
        "recall": 0.098,
        "f1": 0.1078
      },
      "8": {
        "precision": 0.0989,
        "recall": 0.744,
        "f1": 0.1746
      },
      "9": {
        "precision": 0.1195,
        "recall": 0.148,
        "f1": 0.1323
      }
    },
    "label_distribution": {
      "root": {
        "7": 100,
        "1": 100,
        "8": 100,
        "4": 100,
        "3": 100,
        "9": 100,
        "5": 100,
        "0": 100,
        "2": 100,
        "6": 100
      },
      "clients": {
        "0": {
          "9": 487,
          "2": 464,
          "8": 510,
          "7": 471,
          "5": 502,
          "0": 491,
          "1": 494,
          "6": 489,
          "4": 514,
          "3": 478
        },
        "1": {
          "2": 515,
          "7": 490,
          "3": 493,
          "1": 486,
          "9": 498,
          "5": 483,
          "0": 489,
          "6": 473,
          "4": 523,
          "8": 450
        },
        "2": {
          "7": 514,
          "9": 493,
          "1": 489,
          "6": 463,
          "5": 467,
          "3": 495,
          "2": 492,
          "0": 493,
          "8": 499,
          "4": 495
        },
        "3": {
          "8": 505,
          "6": 496,
          "9": 472,
          "5": 487,
          "4": 455,
          "3": 485,
          "2": 513,
          "7": 493,
          "0": 493,
          "1": 501
        },
        "4": {
          "6": 524,
          "7": 511,
          "3": 486,
          "4": 466,
          "8": 475,
          "5": 487,
          "2": 510,
          "1": 464,
          "9": 508,
          "0": 469
        },
        "5": {
          "2": 505,
          "5": 506,
          "7": 477,
          "8": 499,
          "9": 487,
          "4": 478,
          "0": 492,
          "6": 477,
          "3": 494,
          "1": 485
        },
        "6": {
          "0": 482,
          "1": 512,
          "6": 498,
          "4": 484,
          "9": 495,
          "3": 504,
          "8": 492,
          "5": 486,
          "7": 470,
          "2": 477
        },
        "7": {
          "8": 450,
          "9": 505,
          "3": 479,
          "7": 489,
          "1": 513,
          "5": 490,
          "0": 540,
          "4": 448,
          "2": 463,
          "6": 523
        },
        "8": {
          "4": 545,
          "6": 486,
          "5": 489,
          "1": 472,
          "9": 463,
          "8": 526,
          "0": 482,
          "7": 489,
          "3": 477,
          "2": 471
        },
        "9": {
          "7": 496,
          "0": 469,
          "2": 490,
          "4": 492,
          "1": 484,
          "8": 494,
          "5": 503,
          "3": 509,
          "9": 492,
          "6": 471
        }
      }
    },
    "malicious_clients": {},
    "per_round": [
      {
        "round": 1,
        "loss": 2.3086610457386834,
        "accuracy": 0.1006,
        "epsilon": 0.773382282892005,
        "trust_scores": {}
      },
      {
        "round": 2,
        "loss": 2.2981666589316467,
        "accuracy": 0.1,
        "epsilon": 0.8373338803410417,
        "trust_scores": {}
      },
      {
        "round": 3,
        "loss": 2.2977889726718015,
        "accuracy": 0.0997,
        "epsilon": 0.8891420174071852,
        "trust_scores": {}
      },
      {
        "round": 4,
        "loss": 2.294419740335629,
        "accuracy": 0.1167,
        "epsilon": 0.9409501544733287,
        "trust_scores": {}
      },
      {
        "round": 5,
        "loss": 2.290161178515742,
        "accuracy": 0.111,
        "epsilon": 0.9927582915394723,
        "trust_scores": {}
      }
    ]
  }
}