{
  "config": {
    "config_id": 6,
    "dataset": "cifar10",
    "num_clients": 10,
    "num_rounds": 5,
    "num_byzantine": 2,
    "use_dp": true,
    "epsilon": 1.0,
    "delta": 1e-05,
    "use_fltrust": false,
    "use_topk": true,
    "topk_ratio": 0.5,
    "root_dataset_size": 1000,
    "rescale_to_ref_norm": false,
    "attack_type": "label_flip",
    "attack_scale": 3.0,
    "source_label": 3,
    "target_label": 7
  },
  "results": {
    "elapsed_seconds": 257.4768478870392,
    "noise_multiplier": 1.142578125,
    "confusion_matrix": [
      [
        89,
        1,
        2,
        0,
        6,
        0,
        2,
        75,
        690,
        135
      ],
      [
        3,
        2,
        0,
        2,
        6,
        0,
        1,
        40,
        876,
        70
      ],
      [
        37,
        2,
        6,
        1,
        13,
        0,
        6,
        83,
        723,
        129
      ],
      [
        15,
        3,
        0,
        7,
        15,
        0,
        11,
        113,
        753,
        83
      ],
      [
        14,
        8,
        2,
        9,
        27,
        0,
        8,
        99,
        749,
        84
      ],
      [
        13,
        4,
        1,
        12,
        18,
        0,
        5,
        118,
        762,
        67
      ],
      [
        10,
        2,
        3,
        2,
        26,
        0,
        10,
        85,
        759,
        103
      ],
      [
        8,
        3,
        1,
        2,
        15,
        0,
        2,
        85,
        821,
        63
      ],
      [
        25,
        2,
        0,
        0,
        8,
        0,
        2,
        30,
        780,
        153
      ],
      [
        5,
        9,
        0,
        1,
        10,
        0,
        4,
        37,
        822,
        112
      ]
    ],
    "per_class_scores": {
      "0": {
        "precision": 0.4064,
        "recall": 0.089,
        "f1": 0.146
      },
      "1": {
        "precision": 0.0556,
        "recall": 0.002,
        "f1": 0.0039
      },
      "2": {
        "precision": 0.4,
        "recall": 0.006,
        "f1": 0.0118
      },
      "3": {
        "precision": 0.1944,
        "recall": 0.007,
        "f1": 0.0135
      },
      "4": {
        "precision": 0.1875,
        "recall": 0.027,
        "f1": 0.0472
      },
      "5": {
        "precision": 0.0,
        "recall": 0.0,
        "f1": 0.0
      },
      "6": {
        "precision": 0.1961,
        "recall": 0.01,
        "f1": 0.019
      },
      "7": {
        "precision": 0.1111,
        "recall": 0.085,
        "f1": 0.0963
      },
      "8": {
        "precision": 0.1008,
        "recall": 0.78,
        "f1": 0.1786
      },
      "9": {
        "precision": 0.1121,
        "recall": 0.112,
        "f1": 0.1121
      }
    },
    "label_distribution": {
      "root": {
        "7": 100,
        "1": 100,
        "8": 100,
        "4": 100,
        "3": 100,
        "9": 100,
        "5": 100,
        "0": 100,
        "2": 100,
        "6": 100
      },
      "clients": {
        "0": {
          "9": 487,
          "2": 464,
          "8": 510,
          "7": 471,
          "5": 502,
          "0": 491,
          "1": 494,
          "6": 489,
          "4": 514,
          "3": 478
        },
        "1": {
          "2": 515,
          "7": 490,
          "3": 493,
          "1": 486,
          "9": 498,
          "5": 483,
          "0": 489,
          "6": 473,
          "4": 523,
          "8": 450
        },
        "2": {
          "7": 514,
          "9": 493,
          "1": 489,
          "6": 463,
          "5": 467,
          "3": 495,
          "2": 492,
          "0": 493,
          "8": 499,
          "4": 495
        },
        "3": {
          "8": 505,
          "6": 496,
          "9": 472,
          "5": 487,
          "4": 455,
          "3": 485,
          "2": 513,
          "7": 493,
          "0": 493,
          "1": 501
        },
        "4": {
          "6": 524,
          "7": 511,
          "3": 486,
          "4": 466,
          "8": 475,
          "5": 487,
          "2": 510,
          "1": 464,
          "9": 508,
          "0": 469
        },
        "5": {
          "2": 505,
          "5": 506,
          "7": 477,
          "8": 499,
          "9": 487,
          "4": 478,
          "0": 492,
          "6": 477,
          "3": 494,
          "1": 485
        },
        "6": {
          "0": 482,
          "1": 512,
          "6": 498,
          "4": 484,
          "9": 495,
          "3": 504,
          "8": 492,
          "5": 486,
          "7": 470,
          "2": 477
        },
        "7": {
          "8": 450,
          "9": 505,
          "3": 479,
          "7": 489,
          "1": 513,
          "5": 490,
          "0": 540,
          "4": 448,
          "2": 463,
          "6": 523
        },
        "8": {
          "4": 545,
          "6": 486,
          "5": 489,
          "1": 472,
          "9": 463,
          "8": 526,
          "0": 482,
          "7": 489,
          "3": 477,
          "2": 471
        },
        "9": {
          "7": 496,
          "0": 469,
          "2": 490,
          "4": 492,
          "1": 484,
          "8": 494,
          "5": 503,
          "3": 509,
          "9": 492,
          "6": 471
        }
      }
    },
    "malicious_clients": {},
    "per_round": [
      {
        "round": 1,
        "loss": 2.308044591269935,
        "accuracy": 0.1001,
        "epsilon": 0.773382282892005,
        "trust_scores": {}
      },
      {
        "round": 2,
        "loss": 2.2990730974240043,
        "accuracy": 0.101,
        "epsilon": 0.8373338803410417,
        "trust_scores": {}
      },
      {
        "round": 3,
        "loss": 2.298407694021353,
        "accuracy": 0.0961,
        "epsilon": 0.8891420174071852,
        "trust_scores": {}
      },
      {
        "round": 4,
        "loss": 2.295044115937937,
        "accuracy": 0.1124,
        "epsilon": 0.9409501544733287,
        "trust_scores": {}
      },
      {
        "round": 5,
        "loss": 2.2914870577498365,
        "accuracy": 0.1118,
        "epsilon": 0.9927582915394723,
        "trust_scores": {}
      }
    ]
  }
}