{
  "config": {
    "config_id": 2,
    "dataset": "cifar10",
    "num_clients": 10,
    "num_rounds": 5,
    "num_byzantine": 2,
    "use_dp": true,
    "epsilon": 5.0,
    "delta": 1e-05,
    "use_fltrust": false,
    "use_topk": false,
    "topk_ratio": 0.1,
    "root_dataset_size": 1000,
    "rescale_to_ref_norm": false,
    "attack_type": "label_flip",
    "attack_scale": 3.0,
    "source_label": 3,
    "target_label": 7
  },
  "results": {
    "elapsed_seconds": 256.3303210735321,
    "noise_multiplier": 0.63018798828125,
    "confusion_matrix": [
      [
        62,
        1,
        2,
        1,
        7,
        0,
        1,
        78,
        728,
        120
      ],
      [
        6,
        4,
        0,
        5,
        11,
        0,
        0,
        37,
        865,
        72
      ],
      [
        27,
        6,
        4,
        2,
        14,
        0,
        2,
        93,
        723,
        129
      ],
      [
        13,
        4,
        1,
        4,
        20,
        0,
        7,
        100,
        755,
        96
      ],
      [
        9,
        6,
        1,
        5,
        29,
        0,
        4,
        106,
        754,
        86
      ],
      [
        6,
        3,
        1,
        12,
        20,
        0,
        2,
        111,
        784,
        61
      ],
      [
        4,
        7,
        4,
        6,
        23,
        0,
        5,
        91,
        764,
        96
      ],
      [
        3,
        3,
        0,
        2,
        14,
        0,
        4,
        87,
        834,
        53
      ],
      [
        12,
        2,
        1,
        0,
        10,
        0,
        1,
        36,
        775,
        163
      ],
      [
        2,
        5,
        0,
        0,
        11,
        0,
        1,
        35,
        816,
        130
      ]
    ],
    "per_class_scores": {
      "0": {
        "precision": 0.4306,
        "recall": 0.062,
        "f1": 0.1084
      },
      "1": {
        "precision": 0.0976,
        "recall": 0.004,
        "f1": 0.0077
      },
      "2": {
        "precision": 0.2857,
        "recall": 0.004,
        "f1": 0.0079
      },
      "3": {
        "precision": 0.1081,
        "recall": 0.004,
        "f1": 0.0077
      },
      "4": {
        "precision": 0.1824,
        "recall": 0.029,
        "f1": 0.05
      },
      "5": {
        "precision": 0.0,
        "recall": 0.0,
        "f1": 0.0
      },
      "6": {
        "precision": 0.1852,
        "recall": 0.005,
        "f1": 0.0097
      },
      "7": {
        "precision": 0.1124,
        "recall": 0.087,
        "f1": 0.0981
      },
      "8": {
        "precision": 0.0994,
        "recall": 0.775,
        "f1": 0.1762
      },
      "9": {
        "precision": 0.1292,
        "recall": 0.13,
        "f1": 0.1296
      }
    },
    "label_distribution": {
      "root": {
        "7": 100,
        "1": 100,
        "8": 100,
        "4": 100,
        "3": 100,
        "9": 100,
        "5": 100,
        "0": 100,
        "2": 100,
        "6": 100
      },
      "clients": {
        "0": {
          "9": 487,
          "2": 464,
          "8": 510,
          "7": 471,
          "5": 502,
          "0": 491,
          "1": 494,
          "6": 489,
          "4": 514,
          "3": 478
        },
        "1": {
          "2": 515,
          "7": 490,
          "3": 493,
          "1": 486,
          "9": 498,
          "5": 483,
          "0": 489,
          "6": 473,
          "4": 523,
          "8": 450
        },
        "2": {
          "7": 514,
          "9": 493,
          "1": 489,
          "6": 463,
          "5": 467,
          "3": 495,
          "2": 492,
          "0": 493,
          "8": 499,
          "4": 495
        },
        "3": {
          "8": 505,
          "6": 496,
          "9": 472,
          "5": 487,
          "4": 455,
          "3": 485,
          "2": 513,
          "7": 493,
          "0": 493,
          "1": 501
        },
        "4": {
          "6": 524,
          "7": 511,
          "3": 486,
          "4": 466,
          "8": 475,
          "5": 487,
          "2": 510,
          "1": 464,
          "9": 508,
          "0": 469
        },
        "5": {
          "2": 505,
          "5": 506,
          "7": 477,
          "8": 499,
          "9": 487,
          "4": 478,
          "0": 492,
          "6": 477,
          "3": 494,
          "1": 485
        },
        "6": {
          "0": 482,
          "1": 512,
          "6": 498,
          "4": 484,
          "9": 495,
          "3": 504,
          "8": 492,
          "5": 486,
          "7": 470,
          "2": 477
        },
        "7": {
          "8": 450,
          "9": 505,
          "3": 479,
          "7": 489,
          "1": 513,
          "5": 490,
          "0": 540,
          "4": 448,
          "2": 463,
          "6": 523
        },
        "8": {
          "4": 545,
          "6": 486,
          "5": 489,
          "1": 472,
          "9": 463,
          "8": 526,
          "0": 482,
          "7": 489,
          "3": 477,
          "2": 471
        },
        "9": {
          "7": 496,
          "0": 469,
          "2": 490,
          "4": 492,
          "1": 484,
          "8": 494,
          "5": 503,
          "3": 509,
          "9": 492,
          "6": 471
        }
      }
    },
    "malicious_clients": {},
    "per_round": [
      {
        "round": 1,
        "loss": 2.3081792741537854,
        "accuracy": 0.1001,
        "epsilon": 3.6697121844421976,
        "trust_scores": {}
      },
      {
        "round": 2,
        "loss": 2.2979106506981406,
        "accuracy": 0.0993,
        "epsilon": 4.096746859611484,
        "trust_scores": {}
      },
      {
        "round": 3,
        "loss": 2.2972037853143465,
        "accuracy": 0.098,
        "epsilon": 4.436160747016988,
        "trust_scores": {}
      },
      {
        "round": 4,
        "loss": 2.2932776643064456,
        "accuracy": 0.1196,
        "epsilon": 4.727384929477149,
        "trust_scores": {}
      },
      {
        "round": 5,
        "loss": 2.289474099588851,
        "accuracy": 0.11,
        "epsilon": 4.993368734658558,
        "trust_scores": {}
      }
    ]
  }
}