{
  "config": {
    "config_id": 2,
    "dataset": "cifar10",
    "num_clients": 10,
    "num_rounds": 5,
    "num_byzantine": 2,
    "use_dp": true,
    "epsilon": 10.0,
    "delta": 1e-05,
    "use_fltrust": false,
    "use_topk": false,
    "topk_ratio": 0.1,
    "root_dataset_size": 1000,
    "rescale_to_ref_norm": false,
    "attack_type": "label_flip",
    "attack_scale": 3.0,
    "source_label": 3,
    "target_label": 7
  },
  "results": {
    "elapsed_seconds": 257.61435770988464,
    "noise_multiplier": 0.50628662109375,
    "confusion_matrix": [
      [
        64,
        1,
        2,
        0,
        5,
        0,
        1,
        81,
        726,
        120
      ],
      [
        5,
        4,
        0,
        3,
        7,
        0,
        0,
        40,
        866,
        75
      ],
      [
        29,
        4,
        5,
        1,
        14,
        0,
        4,
        90,
        732,
        121
      ],
      [
        14,
        5,
        1,
        6,
        19,
        0,
        5,
        106,
        749,
        95
      ],
      [
        12,
        9,
        1,
        5,
        28,
        0,
        4,
        99,
        758,
        84
      ],
      [
        5,
        5,
        1,
        14,
        22,
        0,
        2,
        122,
        773,
        56
      ],
      [
        6,
        6,
        2,
        3,
        28,
        0,
        7,
        88,
        769,
        91
      ],
      [
        4,
        2,
        0,
        1,
        19,
        0,
        5,
        89,
        832,
        48
      ],
      [
        12,
        7,
        1,
        0,
        11,
        0,
        1,
        37,
        785,
        146
      ],
      [
        3,
        5,
        0,
        0,
        15,
        0,
        1,
        33,
        810,
        133
      ]
    ],
    "per_class_scores": {
      "0": {
        "precision": 0.4156,
        "recall": 0.064,
        "f1": 0.1109
      },
      "1": {
        "precision": 0.0833,
        "recall": 0.004,
        "f1": 0.0076
      },
      "2": {
        "precision": 0.3846,
        "recall": 0.005,
        "f1": 0.0099
      },
      "3": {
        "precision": 0.1818,
        "recall": 0.006,
        "f1": 0.0116
      },
      "4": {
        "precision": 0.1667,
        "recall": 0.028,
        "f1": 0.0479
      },
      "5": {
        "precision": 0.0,
        "recall": 0.0,
        "f1": 0.0
      },
      "6": {
        "precision": 0.2333,
        "recall": 0.007,
        "f1": 0.0136
      },
      "7": {
        "precision": 0.1134,
        "recall": 0.089,
        "f1": 0.0997
      },
      "8": {
        "precision": 0.1006,
        "recall": 0.785,
        "f1": 0.1784
      },
      "9": {
        "precision": 0.1373,
        "recall": 0.133,
        "f1": 0.1351
      }
    },
    "label_distribution": {
      "root": {
        "7": 100,
        "1": 100,
        "8": 100,
        "4": 100,
        "3": 100,
        "9": 100,
        "5": 100,
        "0": 100,
        "2": 100,
        "6": 100
      },
      "clients": {
        "0": {
          "9": 487,
          "2": 464,
          "8": 510,
          "7": 471,
          "5": 502,
          "0": 491,
          "1": 494,
          "6": 489,
          "4": 514,
          "3": 478
        },
        "1": {
          "2": 515,
          "7": 490,
          "3": 493,
          "1": 486,
          "9": 498,
          "5": 483,
          "0": 489,
          "6": 473,
          "4": 523,
          "8": 450
        },
        "2": {
          "7": 514,
          "9": 493,
          "1": 489,
          "6": 463,
          "5": 467,
          "3": 495,
          "2": 492,
          "0": 493,
          "8": 499,
          "4": 495
        },
        "3": {
          "8": 505,
          "6": 496,
          "9": 472,
          "5": 487,
          "4": 455,
          "3": 485,
          "2": 513,
          "7": 493,
          "0": 493,
          "1": 501
        },
        "4": {
          "6": 524,
          "7": 511,
          "3": 486,
          "4": 466,
          "8": 475,
          "5": 487,
          "2": 510,
          "1": 464,
          "9": 508,
          "0": 469
        },
        "5": {
          "2": 505,
          "5": 506,
          "7": 477,
          "8": 499,
          "9": 487,
          "4": 478,
          "0": 492,
          "6": 477,
          "3": 494,
          "1": 485
        },
        "6": {
          "0": 482,
          "1": 512,
          "6": 498,
          "4": 484,
          "9": 495,
          "3": 504,
          "8": 492,
          "5": 486,
          "7": 470,
          "2": 477
        },
        "7": {
          "8": 450,
          "9": 505,
          "3": 479,
          "7": 489,
          "1": 513,
          "5": 490,
          "0": 540,
          "4": 448,
          "2": 463,
          "6": 523
        },
        "8": {
          "4": 545,
          "6": 486,
          "5": 489,
          "1": 472,
          "9": 463,
          "8": 526,
          "0": 482,
          "7": 489,
          "3": 477,
          "2": 471
        },
        "9": {
          "7": 496,
          "0": 469,
          "2": 490,
          "4": 492,
          "1": 484,
          "8": 494,
          "5": 503,
          "3": 509,
          "9": 492,
          "6": 471
        }
      }
    },
    "malicious_clients": {},
    "per_round": [
      {
        "round": 1,
        "loss": 2.3079972754652127,
        "accuracy": 0.0997,
        "epsilon": 6.869514739225602,
        "trust_scores": {}
      },
      {
        "round": 2,
        "loss": 2.2978028055197135,
        "accuracy": 0.0995,
        "epsilon": 7.898113561603722,
        "trust_scores": {}
      },
      {
        "round": 3,
        "loss": 2.2970315914946244,
        "accuracy": 0.0984,
        "epsilon": 8.701828366474922,
        "trust_scores": {}
      },
      {
        "round": 4,
        "loss": 2.2931059419918367,
        "accuracy": 0.1205,
        "epsilon": 9.411711808908908,
        "trust_scores": {}
      },
      {
        "round": 5,
        "loss": 2.2893519904285955,
        "accuracy": 0.1121,
        "epsilon": 9.999843042102107,
        "trust_scores": {}
      }
    ]
  }
}