{
  "config": {
    "config_id": 5,
    "dataset": "cifar10",
    "num_clients": 10,
    "num_rounds": 5,
    "num_byzantine": 2,
    "use_dp": true,
    "epsilon": 10.0,
    "delta": 1e-05,
    "use_fltrust": true,
    "use_topk": false,
    "topk_ratio": 0.1,
    "root_dataset_size": 1000,
    "rescale_to_ref_norm": false,
    "attack_type": "label_flip",
    "attack_scale": 3.0,
    "source_label": 3,
    "target_label": 7
  },
  "results": {
    "elapsed_seconds": 274.74373054504395,
    "noise_multiplier": 0.50628662109375,
    "confusion_matrix": [
      [
        80,
        5,
        3,
        1,
        9,
        0,
        0,
        63,
        579,
        260
      ],
      [
        7,
        6,
        0,
        4,
        22,
        0,
        2,
        39,
        707,
        213
      ],
      [
        38,
        6,
        11,
        3,
        23,
        0,
        7,
        90,
        572,
        250
      ],
      [
        15,
        11,
        0,
        6,
        34,
        0,
        10,
        109,
        612,
        203
      ],
      [
        19,
        11,
        4,
        4,
        40,
        0,
        8,
        99,
        618,
        197
      ],
      [
        13,
        5,
        4,
        10,
        37,
        0,
        8,
        120,
        633,
        170
      ],
      [
        6,
        9,
        6,
        3,
        47,
        0,
        11,
        81,
        598,
        239
      ],
      [
        9,
        8,
        1,
        3,
        31,
        0,
        4,
        96,
        685,
        163
      ],
      [
        20,
        5,
        0,
        0,
        10,
        0,
        1,
        37,
        607,
        320
      ],
      [
        6,
        7,
        0,
        0,
        21,
        0,
        2,
        29,
        675,
        260
      ]
    ],
    "per_class_scores": {
      "0": {
        "precision": 0.3756,
        "recall": 0.08,
        "f1": 0.1319
      },
      "1": {
        "precision": 0.0822,
        "recall": 0.006,
        "f1": 0.0112
      },
      "2": {
        "precision": 0.3793,
        "recall": 0.011,
        "f1": 0.0214
      },
      "3": {
        "precision": 0.1765,
        "recall": 0.006,
        "f1": 0.0116
      },
      "4": {
        "precision": 0.146,
        "recall": 0.04,
        "f1": 0.0628
      },
      "5": {
        "precision": 0.0,
        "recall": 0.0,
        "f1": 0.0
      },
      "6": {
        "precision": 0.2075,
        "recall": 0.011,
        "f1": 0.0209
      },
      "7": {
        "precision": 0.1258,
        "recall": 0.096,
        "f1": 0.1089
      },
      "8": {
        "precision": 0.0966,
        "recall": 0.607,
        "f1": 0.1666
      },
      "9": {
        "precision": 0.1143,
        "recall": 0.26,
        "f1": 0.1588
      }
    },
    "label_distribution": {
      "root": {
        "7": 100,
        "1": 100,
        "8": 100,
        "4": 100,
        "3": 100,
        "9": 100,
        "5": 100,
        "0": 100,
        "2": 100,
        "6": 100
      },
      "clients": {
        "0": {
          "9": 487,
          "2": 464,
          "8": 510,
          "7": 471,
          "5": 502,
          "0": 491,
          "1": 494,
          "6": 489,
          "4": 514,
          "3": 478
        },
        "1": {
          "2": 515,
          "7": 490,
          "3": 493,
          "1": 486,
          "9": 498,
          "5": 483,
          "0": 489,
          "6": 473,
          "4": 523,
          "8": 450
        },
        "2": {
          "7": 514,
          "9": 493,
          "1": 489,
          "6": 463,
          "5": 467,
          "3": 495,
          "2": 492,
          "0": 493,
          "8": 499,
          "4": 495
        },
        "3": {
          "8": 505,
          "6": 496,
          "9": 472,
          "5": 487,
          "4": 455,
          "3": 485,
          "2": 513,
          "7": 493,
          "0": 493,
          "1": 501
        },
        "4": {
          "6": 524,
          "7": 511,
          "3": 486,
          "4": 466,
          "8": 475,
          "5": 487,
          "2": 510,
          "1": 464,
          "9": 508,
          "0": 469
        },
        "5": {
          "2": 505,
          "5": 506,
          "7": 477,
          "8": 499,
          "9": 487,
          "4": 478,
          "0": 492,
          "6": 477,
          "3": 494,
          "1": 485
        },
        "6": {
          "0": 482,
          "1": 512,
          "6": 498,
          "4": 484,
          "9": 495,
          "3": 504,
          "8": 492,
          "5": 486,
          "7": 470,
          "2": 477
        },
        "7": {
          "8": 450,
          "9": 505,
          "3": 479,
          "7": 489,
          "1": 513,
          "5": 490,
          "0": 540,
          "4": 448,
          "2": 463,
          "6": 523
        },
        "8": {
          "4": 545,
          "6": 486,
          "5": 489,
          "1": 472,
          "9": 463,
          "8": 526,
          "0": 482,
          "7": 489,
          "3": 477,
          "2": 471
        },
        "9": {
          "7": 496,
          "0": 469,
          "2": 490,
          "4": 492,
          "1": 484,
          "8": 494,
          "5": 503,
          "3": 509,
          "9": 492,
          "6": 471
        }
      }
    },
    "malicious_clients": {
      "5598011306777410041": true,
      "7980234225803928545": false,
      "15581718322838906264": false,
      "11445880632849511222": true,
      "4834603873352553005": false,
      "6158316438158337350": false,
      "11547198926350259104": false,
      "10819138616101331726": false,
      "4193442762104556947": false,
      "3608449479303266812": false
    },
    "per_round": [
      {
        "round": 1,
        "loss": 2.3079198861655335,
        "accuracy": 0.0996,
        "epsilon": 6.869514739225602,
        "trust_scores": {
          "5598011306777410041": 0.0797,
          "7980234225803928545": 0.0887,
          "15581718322838906264": 0.0813,
          "11445880632849511222": 0.0902,
          "4834603873352553005": 0.0913,
          "6158316438158337350": 0.0887,
          "11547198926350259104": 0.0864,
          "10819138616101331726": 0.0818,
          "4193442762104556947": 0.0893,
          "3608449479303266812": 0.0898
        }
      },
      {
        "round": 2,
        "loss": 2.297423269802008,
        "accuracy": 0.104,
        "epsilon": 7.898113561603722,
        "trust_scores": {
          "5598011306777410041": 0.0097,
          "7980234225803928545": 0.0108,
          "15581718322838906264": 0.0059,
          "11445880632849511222": 0.0106,
          "4834603873352553005": 0.008,
          "6158316438158337350": 0.0088,
          "11547198926350259104": 0.0089,
          "10819138616101331726": 0.0097,
          "4193442762104556947": 0.0064,
          "3608449479303266812": 0.0113
        }
      },
      {
        "round": 3,
        "loss": 2.2969338017911576,
        "accuracy": 0.1105,
        "epsilon": 8.701828366474922,
        "trust_scores": {
          "5598011306777410041": 0.0014,
          "7980234225803928545": 0.0006,
          "15581718322838906264": 0.0025,
          "11445880632849511222": 0.0086,
          "4834603873352553005": 0.0036,
          "6158316438158337350": 0.0048,
          "11547198926350259104": 0.004,
          "10819138616101331726": 0.0028,
          "4193442762104556947": 0.0036,
          "3608449479303266812": 0.01
        }
      },
      {
        "round": 4,
        "loss": 2.293010828213189,
        "accuracy": 0.1207,
        "epsilon": 9.411711808908908,
        "trust_scores": {
          "5598011306777410041": 0.0048,
          "7980234225803928545": 0.0024,
          "15581718322838906264": 0.0115,
          "11445880632849511222": 0.0059,
          "4834603873352553005": 0.0063,
          "6158316438158337350": 0.0076,