{
  "config": {
    "config_id": 5,
    "num_clients": 3,
    "num_rounds": 3,
    "num_byzantine": 1,
    "use_dp": true,
    "epsilon": 5.0,
    "delta": 1e-05,
    "use_fltrust": true,
    "use_topk": false,
    "topk_ratio": 0.1,
    "root_dataset_size": 2000,
    "rescale_to_ref_norm": false
  },
  "results": {
    "elapsed_seconds": 234.05892539024353,
    "per_round": [
      {
        "round": 1,
        "loss": 2.250344135509893,
        "accuracy": 0.2597,
        "epsilon": 4.061494619980378
      },
      {
        "round": 2,
        "loss": 2.1509268230523544,
        "accuracy": 0.3105,
        "epsilon": 4.061494619980378
      },
      {
        "round": 3,
        "loss": 1.9309634994774962,
        "accuracy": 0.5093,
        "epsilon": 4.061494619980378
      }
    ]
  }
}