{
  "config": {
    "config_id": 5,
    "num_clients": 3,
    "num_rounds": 3,
    "num_byzantine": 1,
    "use_dp": true,
    "epsilon": 1.0,
    "delta": 1e-05,
    "use_fltrust": true,
    "use_topk": false,
    "topk_ratio": 0.1,
    "root_dataset_size": 2000,
    "rescale_to_ref_norm": false
  },
  "results": {
    "elapsed_seconds": 195.37268114089966,
    "per_round": [
      {
        "round": 1,
        "loss": 2.2435659204428187,
        "accuracy": 0.1136,
        "epsilon": 0.7320701824773727
      },
      {
        "round": 2,
        "loss": 2.1101334117852844,
        "accuracy": 0.3384,
        "epsilon": 0.7320701824773727
      },
      {
        "round": 3,
        "loss": 1.8755591220368208,
        "accuracy": 0.4861,
        "epsilon": 0.7320701824773727
      }
    ]
  }
}