{
  "config": {
    "config_id": 5,
    "num_clients": 3,
    "num_rounds": 3,
    "num_byzantine": 1,
    "use_dp": true,
    "epsilon": 10.0,
    "delta": 1e-05,
    "use_fltrust": true,
    "use_topk": false,
    "topk_ratio": 0.1,
    "root_dataset_size": 2000,
    "rescale_to_ref_norm": false
  },
  "results": {
    "elapsed_seconds": 246.22688579559326,
    "per_round": [
      {
        "round": 1,
        "loss": 2.214288809048101,
        "accuracy": 0.2844999999999999,
        "epsilon": 7.656470424840253
      },
      {
        "round": 2,
        "loss": 2.0106440256959712,
        "accuracy": 0.5094,
        "epsilon": 7.656470424840253
      },
      {
        "round": 3,
        "loss": 1.6042832056173502,
        "accuracy": 0.621,
        "epsilon": 7.656470424840253
      }
    ]
  }
}