{
  "config": {
    "config_id": 6,
    "num_clients": 15,
    "num_rounds": 25,
    "num_byzantine": 3,
    "use_dp": true,
    "epsilon": 1.0,
    "delta": 1e-05,
    "use_fltrust": false,
    "use_topk": true,
    "topk_ratio": 0.1,
    "root_dataset_size": 600,
    "rescale_to_ref_norm": false
  },
  "results": {
    "elapsed_seconds": 725.7400209903717,
    "noise_multiplier": 1.982421875,
    "confusion_matrix": [
      [
        859,
        2,
        0,
        118,
        0,
        0,
        1,
        0,
        0,
        0
      ],
      [
        0,
        1100,
        0,
        34,
        0,
        0,
        1,
        0,
        0,
        0
      ],
      [
        56,
        118,
        489,
        299,
        2,
        0,
        68,
        0,
        0,
        0
      ],
      [
        9,
        14,
        7,
        979,
        0,
        0,
        0,
        0,
        1,
        0
      ],
      [
        20,
        96,
        1,
        262,
        519,
        0,
        54,
        0,
        1,
        29
      ],
      [
        70,
        110,
        2,
        678,
        14,
        0,
        15,
        0,
        1,
        2
      ],
      [
        69,
        94,
        0,
        34,
        2,
        0,
        758,
        0,
        1,
        0
      ],
      [
        4,
        44,
        7,
        970,
        3,
        0,
        0,
        0,
        0,
        0
      ],
      [
        72,
        86,
        0,
        726,
        2,
        0,
        14,
        0,
        74,
        0
      ],
      [
        29,
        24,
        1,
        871,
        51,
        0,
        4,
        0,
        0,
        29
      ]
    ],
    "per_class_scores": {
      "0": {
        "precision": 0.7231,
        "recall": 0.8765,
        "f1": 0.7924
      },
      "1": {
        "precision": 0.6517,
        "recall": 0.9692,
        "f1": 0.7793
      },
      "2": {
        "precision": 0.9645,
        "recall": 0.4738,
        "f1": 0.6355
      },
      "3": {
        "precision": 0.1969,
        "recall": 0.9693,
        "f1": 0.3274
      },
      "4": {
        "precision": 0.8752,
        "recall": 0.5285,
        "f1": 0.659
      },
      "5": {
        "precision": 0.0,
        "recall": 0.0,
        "f1": 0.0
      },
      "6": {
        "precision": 0.8284,
        "recall": 0.7912,
        "f1": 0.8094
      },
      "7": {
        "precision": 0.0,
        "recall": 0.0,
        "f1": 0.0
      },
      "8": {
        "precision": 0.9487,
        "recall": 0.076,
        "f1": 0.1407
      },
      "9": {
        "precision": 0.4833,
        "recall": 0.0287,
        "f1": 0.0543
      }
    },
    "per_round": [
      {
        "round": 1,
        "loss": 2.2975496430747424,
        "accuracy": 0.1404,
        "epsilon": 0.2399204018489443
      },
      {
        "round": 2,
        "loss": 2.291978502425904,
        "accuracy": 0.101,
        "epsilon": 0.28773956809916956
      },
      {
        "round": 3,
        "loss": 2.2904987518018047,
        "accuracy": 0.101,
        "epsilon": 0.3355587343493948
      },
      {
        "round": 4,
        "loss": 2.2899909659315605,
        "accuracy": 0.101,
        "epsilon": 0.3816705906689727
      },
      {
        "round": 5,
        "loss": 2.286883747996614,
        "accuracy": 0.101,
        "epsilon": 0.4270887997503888
      },
      {
        "round": 6,
        "loss": 2.2845876887202645,
        "accuracy": 0.101,
        "epsilon": 0.46926850355792377
      },
      {
        "round": 7,
        "loss": 2.281697864349658,
        "accuracy": 0.101,
        "epsilon": 0.5083332137803313
      },
      {
        "round": 8,
        "loss": 2.278615870795692,
        "accuracy": 0.101,
        "epsilon": 0.5450043224560379
      },
      {
        "round": 9,
        "loss": 2.2689452734999,
        "accuracy": 0.101,
        "epsilon": 0.5794526750625927
      },
      {
        "round": 10,
        "loss": 2.258164261095821,
        "accuracy": 0.101,
        "epsilon": 0.6122728287874819
      },
      {
        "round": 11,
        "loss": 2.2461221202874717,
        "accuracy": 0.1012,
        "epsilon": 0.6436367323377149
      },
      {
        "round": 12,
        "loss": 2.233136013293038,
        "accuracy": 0.1023,
        "epsilon": 0.6737183044391256
      },
      {
        "round": 13,
        "loss": 2.2216543800914628,
        "accuracy": 0.1058,
        "epsilon": 0.7027194221469599
      },
      {
        "round": 14,
        "loss": 2.2057952743749647,
        "accuracy": 0.1107,
        "epsilon": 0.7308768245427536
      },
      {
        "round": 15,
        "loss": 2.182738231012997,
        "accuracy": 0.1336,
        "epsilon": 0.7577593096860143
      },
      {
        "round": 16,
        "loss": 2.1659972949530752,
        "accuracy": 0.1586,
        "epsilon": 0.7840605292123233
      },
      {
        "round": 17,
        "loss": 2.1396883360494066,
        "accuracy": 0.2082,
        "epsilon": 0.8096499380885369
      },
      {
        "round": 18,
        "loss": 2.1126260113792297,
        "accuracy": 0.2688,
        "epsilon": 0.8344460180561977
      },
      {
        "round": 19,
        "loss": 2.0839067072914053,
        "accuracy": 0.3185,
        "epsilon": 0.8587496839772941
      },
      {
        "round": 20,
        "loss": 2.0527073868547383,
        "accuracy": 0.3556,
        "epsilon": 0.8824630895488834
      },
      {
        "round": 21,
        "loss": 2.0206530848250224,
        "accuracy": 0.392,
        "epsilon": 0.9054882537403862
      },
      {
        "round": 22,
        "loss": 1.9846151511128336,
        "accuracy": 0.4203,
        "epsilon": 0.9285134179318892
      },
      {
        "round": 23,
        "loss": 1.9484702523904869,
        "accuracy": 0.4502,
        "epsilon": 0.9503883402504228
      },
      {
        "round": 24,
        "loss": 1.906864422578781,
        "accuracy": 0.466,
        "epsilon": 0.9721421538372829
      },
      {
        "round": 25,
        "loss": 1.8630480610143645,
        "accuracy": 0.4807,
        "epsilon": 0.9938959674241429
      }
    ]
  }
}