{
  "config": {
    "config_id": 6,
    "num_clients": 15,
    "num_rounds": 25,
    "num_byzantine": 3,
    "use_dp": true,
    "epsilon": 5.0,
    "delta": 1e-05,
    "use_fltrust": false,
    "use_topk": true,
    "topk_ratio": 0.01,
    "root_dataset_size": 600,
    "rescale_to_ref_norm": false
  },
  "results": {
    "elapsed_seconds": 785.775454044342,
    "noise_multiplier": 0.78369140625,
    "confusion_matrix": [
      [
        530,
        2,
        0,
        447,
        0,
        0,
        1,
        0,
        0,
        0
      ],
      [
        0,
        1072,
        0,
        63,
        0,
        0,
        0,
        0,
        0,
        0
      ],
      [
        12,
        35,
        145,
        815,
        1,
        0,
        24,
        0,
        0,
        0
      ],
      [
        0,
        7,
        0,
        1003,
        0,
        0,
        0,
        0,
        0,
        0
      ],
      [
        4,
        83,
        0,
        854,
        25,
        0,
        16,
        0,
        0,
        0
      ],
      [
        0,
        44,
        0,
        844,
        0,
        0,
        3,
        0,
        1,
        0
      ],
      [
        58,
        84,
        0,
        297,
        0,
        0,
        519,
        0,
        0,
        0
      ],
      [
        0,
        26,
        0,
        1002,
        0,
        0,
        0,
        0,
        0,
        0
      ],
      [
        2,
        43,
        0,
        921,
        0,
        0,
        3,
        0,
        5,
        0
      ],
      [
        2,
        25,
        0,
        982,
        0,
        0,
        0,
        0,
        0,
        0
      ]
    ],
    "per_class_scores": {
      "0": {
        "precision": 0.8717,
        "recall": 0.5408,
        "f1": 0.6675
      },
      "1": {
        "precision": 0.7544,
        "recall": 0.9445,
        "f1": 0.8388
      },
      "2": {
        "precision": 1.0,
        "recall": 0.1405,
        "f1": 0.2464
      },
      "3": {
        "precision": 0.1388,
        "recall": 0.9931,
        "f1": 0.2435
      },
      "4": {
        "precision": 0.9615,
        "recall": 0.0255,
        "f1": 0.0496
      },
      "5": {
        "precision": 0.0,
        "recall": 0.0,
        "f1": 0.0
      },
      "6": {
        "precision": 0.917,
        "recall": 0.5418,
        "f1": 0.6811
      },
      "7": {
        "precision": 0.0,
        "recall": 0.0,
        "f1": 0.0
      },
      "8": {
        "precision": 0.8333,
        "recall": 0.0051,
        "f1": 0.0102
      },
      "9": {
        "precision": 0.0,
        "recall": 0.0,
        "f1": 0.0
      }
    },
    "per_round": [
      {
        "round": 1,
        "loss": 2.2928923715036897,
        "accuracy": 0.0978,
        "epsilon": 2.1363427864562325
      },
      {
        "round": 2,
        "loss": 2.288023714059458,
        "accuracy": 0.0592,
        "epsilon": 2.355867177889068
      },
      {
        "round": 3,
        "loss": 2.2831913472745367,
        "accuracy": 0.148,
        "epsilon": 2.5349251915223845
      },
      {
        "round": 4,
        "loss": 2.2786966962174486,
        "accuracy": 0.1454,
        "epsilon": 2.6948628129261696
      },
      {
        "round": 5,
        "loss": 2.274762372239329,
        "accuracy": 0.123,
        "epsilon": 2.842663649003089
      },
      {
        "round": 6,
        "loss": 2.2707137033200495,
        "accuracy": 0.109,
        "epsilon": 2.9826219732017534
      },
      {
        "round": 7,
        "loss": 2.2663096657957134,
        "accuracy": 0.1121,
        "epsilon": 3.1143254197696115
      },
      {
        "round": 8,
        "loss": 2.262302885421168,
        "accuracy": 0.1058,
        "epsilon": 3.2409755644106735
      },
      {
        "round": 9,
        "loss": 2.2577823160555415,
        "accuracy": 0.1052,
        "epsilon": 3.3645064678595293
      },
      {
        "round": 10,
        "loss": 2.2527491810222786,
        "accuracy": 0.1051,
        "epsilon": 3.4820566839349714
      },
      {
        "round": 11,
        "loss": 2.247398934044396,
        "accuracy": 0.1117,
        "epsilon": 3.598634621120063
      },
      {
        "round": 12,
        "loss": 2.241118962772357,
        "accuracy": 0.13,
        "epsilon": 3.709841073916262
      },
      {
        "round": 13,
        "loss": 2.2345774851667994,
        "accuracy": 0.1338,
        "epsilon": 3.820385437256507
      },
      {
        "round": 14,
        "loss": 2.2266677012458778,
        "accuracy": 0.1485,
        "epsilon": 3.9271251139776058
      },
      {
        "round": 15,
        "loss": 2.217558813552125,
        "accuracy": 0.165,
        "epsilon": 4.032340361371554
      },
      {
        "round": 16,
        "loss": 2.2087050055543456,
        "accuracy": 0.1755,
        "epsilon": 4.1359615558545295
      },
      {
        "round": 17,
        "loss": 2.197695682604854,
        "accuracy": 0.1837,
        "epsilon": 4.236396161557999
      },
      {
        "round": 18,
        "loss": 2.185600061386157,
        "accuracy": 0.1914,
        "epsilon": 4.336830767261469
      },
      {
        "round": 19,
        "loss": 2.1733484397680995,
        "accuracy": 0.1991,
        "epsilon": 4.4340231124070195
      },
      {
        "round": 20,
        "loss": 2.1599035141186214,
        "accuracy": 0.2104,
        "epsilon": 4.530110831568128
      },
      {
        "round": 21,
        "loss": 2.1444885540313234,
        "accuracy": 0.228,
        "epsilon": 4.626198550729237
      },
      {
        "round": 22,
        "loss": 2.12848642497017,
        "accuracy": 0.2507,
        "epsilon": 4.7185196615583695
      },
      {
        "round": 23,
        "loss": 2.11004738800061,
        "accuracy": 0.2779,
        "epsilon": 4.81060876445783
      },
      {
        "round": 24,
        "loss": 2.0906220244142575,
        "accuracy": 0.3041,
        "epsilon": 4.902697867357291
      },
      {
        "round": 25,
        "loss": 2.0696874837905836,
        "accuracy": 0.3299,
        "epsilon": 4.9914239483918355
      }
    ]
  }
}