{
  "config": {
    "config_id": 6,
    "num_clients": 15,
    "num_rounds": 25,
    "num_byzantine": 3,
    "use_dp": true,
    "epsilon": 5.0,
    "delta": 1e-05,
    "use_fltrust": false,
    "use_topk": true,
    "topk_ratio": 0.1,
    "root_dataset_size": 600,
    "rescale_to_ref_norm": false
  },
  "results": {
    "elapsed_seconds": 771.0402443408966,
    "noise_multiplier": 0.78369140625,
    "confusion_matrix": [
      [
        931,
        2,
        18,
        22,
        0,
        1,
        3,
        0,
        2,
        1
      ],
      [
        0,
        1129,
        2,
        3,
        0,
        0,
        1,
        0,
        0,
        0
      ],
      [
        43,
        117,
        803,
        36,
        5,
        0,
        18,
        0,
        6,
        4
      ],
      [
        41,
        65,
        100,
        794,
        0,
        1,
        1,
        0,
        0,
        8
      ],
      [
        25,
        133,
        20,
        2,
        639,
        0,
        19,
        0,
        2,
        142
      ],
      [
        139,
        141,
        59,
        316,
        5,
        170,
        4,
        0,
        15,
        43
      ],
      [
        85,
        60,
        121,
        4,
        3,
        6,
        677,
        0,
        1,
        1
      ],
      [
        14,
        364,
        32,
        65,
        19,
        0,
        0,
        19,
        2,
        513
      ],
      [
        69,
        122,
        90,
        248,
        9,
        0,
        11,
        0,
        343,
        82
      ],
      [
        30,
        107,
        10,
        25,
        16,
        0,
        1,
        0,
        0,
        820
      ]
    ],
    "per_class_scores": {
      "0": {
        "precision": 0.6761,
        "recall": 0.95,
        "f1": 0.79
      },
      "1": {
        "precision": 0.504,
        "recall": 0.9947,
        "f1": 0.669
      },
      "2": {
        "precision": 0.6398,
        "recall": 0.7781,
        "f1": 0.7022
      },
      "3": {
        "precision": 0.5241,
        "recall": 0.7861,
        "f1": 0.6289
      },
      "4": {
        "precision": 0.9181,
        "recall": 0.6507,
        "f1": 0.7616
      },
      "5": {
        "precision": 0.9551,
        "recall": 0.1906,
        "f1": 0.3178
      },
      "6": {
        "precision": 0.9211,
        "recall": 0.7067,
        "f1": 0.7998
      },
      "7": {
        "precision": 1.0,
        "recall": 0.0185,
        "f1": 0.0363
      },
      "8": {
        "precision": 0.9245,
        "recall": 0.3522,
        "f1": 0.51
      },
      "9": {
        "precision": 0.5081,
        "recall": 0.8127,
        "f1": 0.6252
      }
    },
    "per_round": [
      {
        "round": 1,
        "loss": 2.2975781222882743,
        "accuracy": 0.1029,
        "epsilon": 2.1363427864562325
      },
      {
        "round": 2,
        "loss": 2.2907505027783186,
        "accuracy": 0.1029,
        "epsilon": 2.355867177889068
      },
      {
        "round": 3,
        "loss": 2.283917632727577,
        "accuracy": 0.1031,
        "epsilon": 2.5349251915223845
      },
      {
        "round": 4,
        "loss": 2.277348999779064,
        "accuracy": 0.1035,
        "epsilon": 2.6948628129261696
      },
      {
        "round": 5,
        "loss": 2.2703934393751735,
        "accuracy": 0.1231,
        "epsilon": 2.842663649003089
      },
      {
        "round": 6,
        "loss": 2.2634202984575267,
        "accuracy": 0.2046,
        "epsilon": 2.9826219732017534
      },
      {
        "round": 7,
        "loss": 2.2549275932982327,
        "accuracy": 0.26,
        "epsilon": 3.1143254197696115
      },
      {
        "round": 8,
        "loss": 2.2463040610852714,
        "accuracy": 0.3117,
        "epsilon": 3.2409755644106735
      },
      {
        "round": 9,
        "loss": 2.236104543978414,
        "accuracy": 0.3462,
        "epsilon": 3.3645064678595293
      },
      {
        "round": 10,
        "loss": 2.2248639016867444,
        "accuracy": 0.3996,
        "epsilon": 3.4820566839349714
      },
      {
        "round": 11,
        "loss": 2.212190594536047,
        "accuracy": 0.4149,
        "epsilon": 3.598634621120063
      },
      {
        "round": 12,
        "loss": 2.198122582877406,
        "accuracy": 0.4208,
        "epsilon": 3.709841073916262
      },
      {
        "round": 13,
        "loss": 2.182843973080571,
        "accuracy": 0.4357,
        "epsilon": 3.820385437256507
      },
      {
        "round": 14,
        "loss": 2.1656809302564626,
        "accuracy": 0.4529,
        "epsilon": 3.9271251139776058
      },
      {
        "round": 15,
        "loss": 2.146442479599779,
        "accuracy": 0.4765,
        "epsilon": 4.032340361371554
      },
      {
        "round": 16,
        "loss": 2.125001062600376,
        "accuracy": 0.4862,
        "epsilon": 4.1359615558545295
      },
      {
        "round": 17,
        "loss": 2.101950805408124,
        "accuracy": 0.5073,
        "epsilon": 4.236396161557999
      },
      {
        "round": 18,
        "loss": 2.0765498476668287,
        "accuracy": 0.5313,
        "epsilon": 4.336830767261469
      },
      {
        "round": 19,
        "loss": 2.0494228856632124,
        "accuracy": 0.5487,
        "epsilon": 4.4340231124070195
      },
      {
        "round": 20,
        "loss": 2.0196335239532277,
        "accuracy": 0.5638,
        "epsilon": 4.530110831568128
      },
      {
        "round": 21,
        "loss": 1.9872122271754111,
        "accuracy": 0.5838,
        "epsilon": 4.626198550729237
      },
      {
        "round": 22,
        "loss": 1.95202798851001,
        "accuracy": 0.6,
        "epsilon": 4.7185196615583695
      },
      {
        "round": 23,
        "loss": 1.913885951803896,
        "accuracy": 0.6081,
        "epsilon": 4.81060876445783
      },
      {
        "round": 24,
        "loss": 1.8753426608186181,
        "accuracy": 0.6267,
        "epsilon": 4.902697867357291
      },
      {
        "round": 25,
        "loss": 1.8342440890047118,
        "accuracy": 0.6325,
        "epsilon": 4.9914239483918355
      }
    ]
  }
}