{
  "config": {
    "config_id": 2,
    "num_clients": 3,
    "num_rounds": 3,
    "num_byzantine": 1,
    "use_dp": true,
    "epsilon": 10.0,
    "delta": 1e-05,
    "use_fltrust": false,
    "use_topk": false,
    "topk_ratio": 0.1,
    "root_dataset_size": 800,
    "rescale_to_ref_norm": false
  },
  "results": {
    "elapsed_seconds": 168.04786944389343,
    "noise_multiplier": 0.426177978515625,
    "confusion_matrix": [
      [
        934,
        3,
        0,
        21,
        0,
        2,
        8,
        1,
        11,
        0
      ],
      [
        0,
        1118,
        6,
        5,
        0,
        0,
        2,
        0,
        4,
        0
      ],
      [
        71,
        168,
        643,
        76,
        8,
        0,
        29,
        11,
        24,
        2
      ],
      [
        13,
        82,
        17,
        815,
        3,
        0,
        3,
        10,
        64,
        3
      ],
      [
        4,
        39,
        2,
        0,
        770,
        0,
        39,
        48,
        14,
        66
      ],
      [
        67,
        100,
        4,
        245,
        41,
        206,
        14,
        18,
        190,
        7
      ],
      [
        78,
        69,
        7,
        10,
        4,
        17,
        769,
        1,
        3,
        0
      ],
      [
        5,
        114,
        14,
        4,
        11,
        0,
        2,
        805,
        37,
        36
      ],
      [
        33,
        111,
        4,
        122,
        25,
        8,
        4,
        15,
        638,
        14
      ],
      [
        18,
        38,
        1,
        7,
        78,
        0,
        1,
        205,
        30,
        631
      ]
    ],
    "per_class_scores": {
      "0": {
        "precision": 0.7637,
        "recall": 0.9531,
        "f1": 0.8479
      },
      "1": {
        "precision": 0.6069,
        "recall": 0.985,
        "f1": 0.7511
      },
      "2": {
        "precision": 0.9212,
        "recall": 0.6231,
        "f1": 0.7434
      },
      "3": {
        "precision": 0.6245,
        "recall": 0.8069,
        "f1": 0.7041
      },
      "4": {
        "precision": 0.8191,
        "recall": 0.7841,
        "f1": 0.8012
      },
      "5": {
        "precision": 0.8841,
        "recall": 0.2309,
        "f1": 0.3662
      },
      "6": {
        "precision": 0.8829,
        "recall": 0.8027,
        "f1": 0.8409
      },
      "7": {
        "precision": 0.7226,
        "recall": 0.7831,
        "f1": 0.7516
      },
      "8": {
        "precision": 0.6286,
        "recall": 0.655,
        "f1": 0.6415
      },
      "9": {
        "precision": 0.8314,
        "recall": 0.6254,
        "f1": 0.7138
      }
    },
    "per_round": [
      {
        "round": 1,
        "loss": 2.2313828894886347,
        "accuracy": 0.2717,
        "epsilon": 8.046295714789652
      },
      {
        "round": 2,
        "loss": 2.038462999529732,
        "accuracy": 0.6036,
        "epsilon": 9.175524103289053
      },
      {
        "round": 3,
        "loss": 1.6157261898723274,
        "accuracy": 0.7329,
        "epsilon": 9.998739532679375
      }
    ]
  }
}