{
  "config": {
    "config_id": 2,
    "num_clients": 3,
    "num_rounds": 3,
    "num_byzantine": 1,
    "use_dp": true,
    "epsilon": 5.0,
    "delta": 1e-05,
    "use_fltrust": false,
    "use_topk": false,
    "topk_ratio": 0.1,
    "root_dataset_size": 800,
    "rescale_to_ref_norm": false
  },
  "results": {
    "elapsed_seconds": 185.7648491859436,
    "noise_multiplier": 0.5230712890625,
    "confusion_matrix": [
      [
        933,
        10,
        5,
        2,
        0,
        10,
        10,
        2,
        5,
        3
      ],
      [
        0,
        1129,
        2,
        1,
        0,
        0,
        1,
        0,
        1,
        1
      ],
      [
        67,
        188,
        706,
        2,
        33,
        0,
        14,
        13,
        8,
        1
      ],
      [
        46,
        185,
        101,
        553,
        9,
        18,
        3,
        17,
        38,
        40
      ],
      [
        10,
        76,
        2,
        0,
        668,
        0,
        8,
        7,
        2,
        209
      ],
      [
        93,
        171,
        25,
        100,
        53,
        262,
        27,
        54,
        74,
        33
      ],
      [
        165,
        87,
        22,
        0,
        14,
        1,
        665,
        1,
        1,
        2
      ],
      [
        14,
        143,
        9,
        0,
        18,
        0,
        0,
        764,
        13,
        67
      ],
      [
        55,
        203,
        37,
        41,
        34,
        4,
        12,
        29,
        486,
        73
      ],
      [
        28,
        88,
        4,
        3,
        148,
        0,
        0,
        73,
        14,
        651
      ]
    ],
    "per_class_scores": {
      "0": {
        "precision": 0.6612,
        "recall": 0.952,
        "f1": 0.7804
      },
      "1": {
        "precision": 0.4952,
        "recall": 0.9947,
        "f1": 0.6612
      },
      "2": {
        "precision": 0.7733,
        "recall": 0.6841,
        "f1": 0.726
      },
      "3": {
        "precision": 0.7877,
        "recall": 0.5475,
        "f1": 0.646
      },
      "4": {
        "precision": 0.6837,
        "recall": 0.6802,
        "f1": 0.682
      },
      "5": {
        "precision": 0.8881,
        "recall": 0.2937,
        "f1": 0.4414
      },
      "6": {
        "precision": 0.8986,
        "recall": 0.6942,
        "f1": 0.7833
      },
      "7": {
        "precision": 0.7958,
        "recall": 0.7432,
        "f1": 0.7686
      },
      "8": {
        "precision": 0.757,
        "recall": 0.499,
        "f1": 0.6015
      },
      "9": {
        "precision": 0.6028,
        "recall": 0.6452,
        "f1": 0.6233
      }
    },
    "per_round": [
      {
        "round": 1,
        "loss": 2.211730085622769,
        "accuracy": 0.3673,
        "epsilon": 4.27689978733595
      },
      {
        "round": 2,
        "loss": 2.006866448603499,
        "accuracy": 0.6202,
        "epsilon": 4.692217017478094
      },
      {
        "round": 3,
        "loss": 1.6077849842108096,
        "accuracy": 0.6817,
        "epsilon": 4.692217017478094
      }
    ]
  }
}