{
  "config": {
    "config_id": 2,
    "num_clients": 3,
    "num_rounds": 3,
    "num_byzantine": 1,
    "use_dp": true,
    "epsilon": 1.0,
    "delta": 1e-05,
    "use_fltrust": false,
    "use_topk": false,
    "topk_ratio": 0.1,
    "root_dataset_size": 800,
    "rescale_to_ref_norm": false
  },
  "results": {
    "elapsed_seconds": 191.3821153640747,
    "noise_multiplier": 0.90576171875,
    "confusion_matrix": [
      [
        946,
        0,
        0,
        0,
        0,
        0,
        1,
        33,
        0,
        0
      ],
      [
        0,
        0,
        0,
        0,
        0,
        0,
        0,
        1135,
        0,
        0
      ],
      [
        146,
        0,
        346,
        0,
        0,
        0,
        4,
        528,
        8,
        0
      ],
      [
        112,
        0,
        1,
        345,
        0,
        0,
        0,
        549,
        3,
        0
      ],
      [
        75,
        0,
        0,
        1,
        46,
        0,
        10,
        844,
        0,
        6
      ],
      [
        321,
        0,
        0,
        101,
        0,
        0,
        0,
        467,
        1,
        2
      ],
      [
        316,
        0,
        0,
        0,
        0,
        0,
        393,
        249,
        0,
        0
      ],
      [
        11,
        0,
        2,
        0,
        0,
        0,
        0,
        1015,
        0,
        0
      ],
      [
        162,
        0,
        1,
        12,
        0,
        0,
        0,
        701,
        97,
        1
      ],
      [
        63,
        0,
        0,
        1,
        0,
        0,
        1,
        923,
        0,
        21
      ]
    ],
    "per_class_scores": {
      "0": {
        "precision": 0.4396,
        "recall": 0.9653,
        "f1": 0.6041
      },
      "1": {
        "precision": 0.0,
        "recall": 0.0,
        "f1": 0.0
      },
      "2": {
        "precision": 0.9886,
        "recall": 0.3353,
        "f1": 0.5007
      },
      "3": {
        "precision": 0.75,
        "recall": 0.3416,
        "f1": 0.4694
      },
      "4": {
        "precision": 1.0,
        "recall": 0.0468,
        "f1": 0.0895
      },
      "5": {
        "precision": 0.0,
        "recall": 0.0,
        "f1": 0.0
      },
      "6": {
        "precision": 0.9609,
        "recall": 0.4102,
        "f1": 0.575
      },
      "7": {
        "precision": 0.1575,
        "recall": 0.9874,
        "f1": 0.2717
      },
      "8": {
        "precision": 0.8899,
        "recall": 0.0996,
        "f1": 0.1791
      },
      "9": {
        "precision": 0.7,
        "recall": 0.0208,
        "f1": 0.0404
      }
    },
    "per_round": [
      {
        "round": 1,
        "loss": 2.2567320890700855,
        "accuracy": 0.1328,
        "epsilon": 0.9321360657162124
      },
      {
        "round": 2,
        "loss": 2.149072559496846,
        "accuracy": 0.2106,
        "epsilon": 0.9665737687342085
      },
      {
        "round": 3,
        "loss": 1.9652248499111624,
        "accuracy": 0.3209,
        "epsilon": 0.9960602879659481
      }
    ]
  }
}