{
  "config": {
    "config_id": 8,
    "num_clients": 15,
    "num_rounds": 10,
    "num_byzantine": 3,
    "use_dp": true,
    "epsilon": 5.0,
    "delta": 1e-05,
    "use_fltrust": true,
    "use_topk": true,
    "topk_ratio": 0.1,
    "root_dataset_size": 600,
    "rescale_to_ref_norm": false
  },
  "results": {
    "elapsed_seconds": 359.3989248275757,
    "noise_multiplier": 0.6939697265625,
    "confusion_matrix": [
      [
        203,
        91,
        684,
        0,
        0,
        0,
        0,
        2,
        0,
        0
      ],
      [
        0,
        1132,
        3,
        0,
        0,
        0,
        0,
        0,
        0,
        0
      ],
      [
        0,
        165,
        851,
        0,
        11,
        0,
        0,
        5,
        0,
        0
      ],
      [
        0,
        539,
        372,
        0,
        43,
        0,
        0,
        8,
        48,
        0
      ],
      [
        0,
        69,
        65,
        0,
        848,
        0,
        0,
        0,
        0,
        0
      ],
      [
        0,
        473,
        260,
        0,
        107,
        0,
        0,
        13,
        39,
        0
      ],
      [
        0,
        104,
        838,
        0,
        5,
        0,
        10,
        1,
        0,
        0
      ],
      [
        0,
        484,
        45,
        0,
        194,
        0,
        0,
        305,
        0,
        0
      ],
      [
        0,
        592,
        231,
        0,
        79,
        0,
        0,
        39,
        33,
        0
      ],
      [
        0,
        187,
        52,
        0,
        768,
        0,
        0,
        2,
        0,
        0
      ]
    ],
    "per_class_scores": {
      "0": {
        "precision": 1.0,
        "recall": 0.2071,
        "f1": 0.3432
      },
      "1": {
        "precision": 0.2951,
        "recall": 0.9974,
        "f1": 0.4554
      },
      "2": {
        "precision": 0.2502,
        "recall": 0.8246,
        "f1": 0.3839
      },
      "3": {
        "precision": 0.0,
        "recall": 0.0,
        "f1": 0.0
      },
      "4": {
        "precision": 0.4127,
        "recall": 0.8635,
        "f1": 0.5584
      },
      "5": {
        "precision": 0.0,
        "recall": 0.0,
        "f1": 0.0
      },
      "6": {
        "precision": 1.0,
        "recall": 0.0104,
        "f1": 0.0207
      },
      "7": {
        "precision": 0.8133,
        "recall": 0.2967,
        "f1": 0.4348
      },
      "8": {
        "precision": 0.275,
        "recall": 0.0339,
        "f1": 0.0603
      },
      "9": {
        "precision": 0.0,
        "recall": 0.0,
        "f1": 0.0
      }
    },
    "per_round": [
      {
        "round": 1,
        "loss": 2.304676899133018,
        "accuracy": 0.1111,
        "epsilon": 2.9976138412546462,
        "trust_scores": {
          "16222095200522983848": 0.068,
          "14505183353644893225": 0.0532,
          "8392321113885754818": 0.0737,
          "1791808598488352214": 0.076,
          "14523675589925223837": 0.0747,
          "6418644910684467206": 0.0668,
          "8744371700118880629": 0.074,
          "18336381109941327711": 0.064,
          "6040141805993281168": 0.0708,
          "13541233156767743501": 0.0764,
          "5843405783968764376": 0.0475,
          "3440871794465546307": 0.0658,
          "3896889769029147575": 0.0796,
          "2512971473299062025": 0.0744,
          "6894365931281235044": 0.0774
        }
      },
      {
        "round": 2,
        "loss": 2.293753845623126,
        "accuracy": 0.1201,
        "epsilon": 3.345227874819183,
        "trust_scores": {
          "16222095200522983848": 0.0702,
          "14505183353644893225": 0.044,
          "8392321113885754818": 0.0731,
          "1791808598488352214": 0.0712,
          "14523675589925223837": 0.076,
          "6418644910684467206": 0.0682,
          "8744371700118880629": 0.0701,
          "18336381109941327711": 0.0685,
          "6040141805993281168": 0.0663,
          "13541233156767743501": 0.0698,
          "5843405783968764376": 0.052,
          "3440871794465546307": 0.0755,
          "3896889769029147575": 0.0778,
          "2512971473299062025": 0.0721,
          "6894365931281235044": 0.0789
        }
      },
      {
        "round": 3,
        "loss": 2.2839007194811543,
        "accuracy": 0.198,
        "epsilon": 3.618362533267858,
        "trust_scores": {
          "16222095200522983848": 0.0624,
          "14505183353644893225": 0.0401,
          "8392321113885754818": 0.0663,
          "1791808598488352214": 0.0593,
          "14523675589925223837": 0.0687,
          "6418644910684467206": 0.0619,
          "8744371700118880629": 0.0765,
          "18336381109941327711": 0.0681,
          "6040141805993281168": 0.0687,
          "13541233156767743501": 0.0722,
          "5843405783968764376": 0.0442,
          "3440871794465546307": 0.0671,
          "3896889769029147575": 0.0722,
          "2512971473299062025": 0.0704,
          "6894365931281235044": 0.0699
        }
      },
      {
        "round": 4,
        "loss": 2.2747420883788085,
        "accuracy": 0.2258,
        "epsilon": 3.859694583473307,
        "trust_scores": {
          "16222095200522983848": 0.0581,
          "14505183353644893225": 0.0353,
          "8392321113885754818": 0.0643,
          "1791808598488352214": 0.0668,
          "14523675589925223837": 0.0709,
          "6418644910684467206": 0.0683,
          "8744371700118880629": 0.0621,
          "18336381109941327711": 0.0658,
          "6040141805993281168": 0.066,
          "13541233156767743501": 0.0649,
          "5843405783968764376": 0.0451,
          "3440871794465546307": 0.0756,
          "3896889769029147575": 0.0624,
          "2512971473299062025": 0.0629,
          "6894365931281235044": 0.067
        }
      },
      {
        "round": 5,
        "loss": 2.264670713260151,
        "accuracy": 0.2381,
        "epsilon": 4.079841985923847,
        "trust_scores": {
          "16222095200522983848": 0.0648,
          "14505183353644893225": 0.0461,
          "8392321113885754818": 0.0653,
          "1791808598488352214": 0.0657,
          "14523675589925223837": 0.0668,
          "6418644910684467206": 0.0597,
          "8744371700118880629": 0.0623,
          "18336381109941327711": 0.0732,
          "6040141805993281168": 0.0744,
          "13541233156767743501": 0.0669,
          "5843405783968764376": 0.0423,
          "3440871794465546307": 0.0587,
          "3896889769029147575": 0.0737,
          "2512971473299062025": 0.0614,
          "6894365931281235044": 0.0622
        }
      },
      {
        "round": 6,
        "loss": 2.2534742919019997,
        "accuracy": 0.2495,
        "epsilon": 4.280665673878462,
        "trust_scores": {
          "16222095200522983848": 0.0677,
          "14505183353644893225": 0.0454,
          "8392321113885754818": 0.0706,
          "1791808598488352214": 0.0684,
          "14523675589925223837": 0.0691,
          "6418644910684467206": 0.0596,
          "8744371700118880629": 0.0662,
          "18336381109941327711": 0.0707,
          "6040141805993281168": 0.0667,
          "13541233156767743501": 0.0676,
          "5843405783968764376": 0.0437,
          "3440871794465546307": 0.0703,
          "3896889769029147575": 0.0676,
          "2512971473299062025": 0.0627,
          "6894365931281235044": 0.0694
        }
      },
      {
        "round": 7,
        "loss": 2.2412400870277476,
        "accuracy": 0.2584,
        "epsilon": 4.474382492190578,
        "trust_scores": {
          "16222095200522983848": 0.0701,
          "14505183353644893225": 0.0583,
          "8392321113885754818": 0.073,
          "1791808598488352214": 0.073,
          "14523675589925223837": 0.0685,
          "6418644910684467206": 0.0677,
          "8744371700118880629": 0.0606,
          "18336381109941327711": 0.0678,