{
  "config": {
    "config_id": 8,
    "num_clients": 15,
    "num_rounds": 10,
    "num_byzantine": 3,
    "use_dp": true,
    "epsilon": 1.0,
    "delta": 1e-05,
    "use_fltrust": true,
    "use_topk": true,
    "topk_ratio": 0.1,
    "root_dataset_size": 600,
    "rescale_to_ref_norm": false
  },
  "results": {
    "elapsed_seconds": 373.21073818206787,
    "noise_multiplier": 1.396484375,
    "confusion_matrix": [
      [
        939,
        15,
        3,
        4,
        10,
        0,
        6,
        3,
        0,
        0
      ],
      [
        0,
        1132,
        2,
        0,
        0,
        0,
        1,
        0,
        0,
        0
      ],
      [
        112,
        259,
        562,
        1,
        56,
        0,
        7,
        29,
        6,
        0
      ],
      [
        138,
        288,
        85,
        356,
        34,
        3,
        11,
        88,
        7,
        0
      ],
      [
        4,
        60,
        1,
        0,
        871,
        0,
        8,
        31,
        3,
        4
      ],
      [
        148,
        208,
        2,
        83,
        153,
        184,
        38,
        73,
        0,
        3
      ],
      [
        114,
        158,
        1,
        0,
        145,
        3,
        537,
        0,
        0,
        0
      ],
      [
        5,
        112,
        13,
        0,
        107,
        0,
        0,
        784,
        3,
        4
      ],
      [
        81,
        340,
        39,
        22,
        108,
        1,
        15,
        188,
        179,
        1
      ],
      [
        23,
        76,
        1,
        4,
        747,
        0,
        0,
        147,
        0,
        11
      ]
    ],
    "per_class_scores": {
      "0": {
        "precision": 0.6004,
        "recall": 0.9582,
        "f1": 0.7382
      },
      "1": {
        "precision": 0.4275,
        "recall": 0.9974,
        "f1": 0.5985
      },
      "2": {
        "precision": 0.7927,
        "recall": 0.5446,
        "f1": 0.6456
      },
      "3": {
        "precision": 0.7574,
        "recall": 0.3525,
        "f1": 0.4811
      },
      "4": {
        "precision": 0.3904,
        "recall": 0.887,
        "f1": 0.5422
      },
      "5": {
        "precision": 0.9634,
        "recall": 0.2063,
        "f1": 0.3398
      },
      "6": {
        "precision": 0.862,
        "recall": 0.5605,
        "f1": 0.6793
      },
      "7": {
        "precision": 0.5838,
        "recall": 0.7626,
        "f1": 0.6613
      },
      "8": {
        "precision": 0.904,
        "recall": 0.1838,
        "f1": 0.3055
      },
      "9": {
        "precision": 0.4783,
        "recall": 0.0109,
        "f1": 0.0213
      }
    },
    "per_round": [
      {
        "round": 1,
        "loss": 2.292671220371137,
        "accuracy": 0.1372,
        "epsilon": 0.5075504135873999,
        "trust_scores": {
          "12207230473847042859": 0.0367,
          "13730982309841391407": 0.0387,
          "8940325141743022853": 0.035,
          "9236944178882507336": 0.0365,
          "1558576352877308305": 0.0399,
          "15050864404637850822": 0.0349,
          "4060963070665149194": 0.04,
          "5581340674087020856": 0.0234,
          "8999073822295377324": 0.0373,
          "15460149099642897230": 0.0296,
          "2367112877158448907": 0.0345,
          "13338639725588155983": 0.0343,
          "14351867864949073016": 0.033,
          "3198676848362694057": 0.0384,
          "2069425833006727640": 0.0388
        }
      },
      {
        "round": 2,
        "loss": 2.282302529667132,
        "accuracy": 0.2513,
        "epsilon": 0.5650501994221565,
        "trust_scores": {
          "12207230473847042859": 0.0389,
          "13730982309841391407": 0.038,
          "8940325141743022853": 0.0437,
          "9236944178882507336": 0.0327,
          "1558576352877308305": 0.0381,
          "15050864404637850822": 0.0378,
          "4060963070665149194": 0.0438,
          "5581340674087020856": 0.0278,
          "8999073822295377324": 0.0315,
          "15460149099642897230": 0.0383,
          "2367112877158448907": 0.0393,
          "13338639725588155983": 0.0333,
          "14351867864949073016": 0.0374,
          "3198676848362694057": 0.0322,
          "2069425833006727640": 0.031
        }
      },
      {
        "round": 3,
        "loss": 2.271550330871972,
        "accuracy": 0.335,
        "epsilon": 0.6225499852569131,
        "trust_scores": {
          "12207230473847042859": 0.0408,
          "13730982309841391407": 0.0379,
          "8940325141743022853": 0.0337,
          "9236944178882507336": 0.0364,
          "1558576352877308305": 0.0339,
          "15050864404637850822": 0.0315,
          "4060963070665149194": 0.0439,
          "5581340674087020856": 0.0316,
          "8999073822295377324": 0.0377,
          "15460149099642897230": 0.0375,
          "2367112877158448907": 0.0384,
          "13338639725588155983": 0.0362,
          "14351867864949073016": 0.0359,
          "3198676848362694057": 0.0341,
          "2069425833006727640": 0.0332
        }
      },
      {
        "round": 4,
        "loss": 2.2597495443143023,
        "accuracy": 0.3542,
        "epsilon": 0.6800497710916696,
        "trust_scores": {
          "12207230473847042859": 0.0388,
          "13730982309841391407": 0.0475,
          "8940325141743022853": 0.0386,
          "9236944178882507336": 0.0364,
          "1558576352877308305": 0.0381,
          "15050864404637850822": 0.0368,
          "4060963070665149194": 0.0328,
          "5581340674087020856": 0.0262,
          "8999073822295377324": 0.0424,
          "15460149099642897230": 0.0398,
          "2367112877158448907": 0.0393,
          "13338639725588155983": 0.0374,
          "14351867864949073016": 0.0415,
          "3198676848362694057": 0.0317,
          "2069425833006727640": 0.0423
        }
      },
      {
        "round": 5,
        "loss": 2.245797803988472,
        "accuracy": 0.3752,
        "epsilon": 0.7375495569264262,
        "trust_scores": {
          "12207230473847042859": 0.0458,
          "13730982309841391407": 0.0462,
          "8940325141743022853": 0.0389,
          "9236944178882507336": 0.0451,
          "1558576352877308305": 0.0401,
          "15050864404637850822": 0.0408,
          "4060963070665149194": 0.0467,
          "5581340674087020856": 0.0273,
          "8999073822295377324": 0.0515,
          "15460149099642897230": 0.0417,
          "2367112877158448907": 0.038,
          "13338639725588155983": 0.0403,
          "14351867864949073016": 0.041,
          "3198676848362694057": 0.0387,
          "2069425833006727640": 0.0412
        }
      },
      {
        "round": 6,
        "loss": 2.230645151564869,
        "accuracy": 0.3977,
        "epsilon": 0.7901576289319656,
        "trust_scores": {
          "12207230473847042859": 0.0464,
          "13730982309841391407": 0.0389,
          "8940325141743022853": 0.0493,
          "9236944178882507336": 0.049,
          "1558576352877308305": 0.0383,
          "15050864404637850822": 0.0497,
          "4060963070665149194": 0.0457,
          "5581340674087020856": 0.0281,
          "8999073822295377324": 0.0447,
          "15460149099642897230": 0.0417,
          "2367112877158448907": 0.0416,
          "13338639725588155983": 0.0369,
          "14351867864949073016": 0.0392,
          "3198676848362694057": 0.0403,
          "2069425833006727640": 0.0408
        }
      },
      {
        "round": 7,
        "loss": 2.2135798961590654,
        "accuracy": 0.4356,
        "epsilon": 0.841541002797178,
        "trust_scores": {
          "12207230473847042859": 0.0508,
          "13730982309841391407": 0.0448,
          "8940325141743022853": 0.04,
          "9236944178882507336": 0.0427,
          "1558576352877308305": 0.0434,
          "15050864404637850822": 0.0448,
          "4060963070665149194": 0.0479,