{
  "config": {
    "config_id": 8,
    "num_clients": 15,
    "num_rounds": 10,
    "num_byzantine": 3,
    "use_dp": true,
    "epsilon": 10.0,
    "delta": 1e-05,
    "use_fltrust": true,
    "use_topk": true,
    "topk_ratio": 0.1,
    "root_dataset_size": 600,
    "rescale_to_ref_norm": false
  },
  "results": {
    "elapsed_seconds": 359.94095039367676,
    "noise_multiplier": 0.556793212890625,
    "confusion_matrix": [
      [
        576,
        83,
        8,
        11,
        0,
        0,
        0,
        75,
        40,
        187
      ],
      [
        0,
        1134,
        0,
        0,
        0,
        0,
        0,
        1,
        0,
        0
      ],
      [
        6,
        695,
        172,
        2,
        0,
        0,
        1,
        68,
        4,
        84
      ],
      [
        1,
        666,
        33,
        193,
        0,
        0,
        0,
        38,
        2,
        77
      ],
      [
        0,
        337,
        0,
        0,
        2,
        0,
        0,
        4,
        0,
        639
      ],
      [
        1,
        556,
        23,
        105,
        0,
        0,
        0,
        7,
        13,
        187
      ],
      [
        15,
        643,
        3,
        1,
        2,
        0,
        23,
        54,
        3,
        214
      ],
      [
        0,
        495,
        0,
        0,
        0,
        0,
        0,
        203,
        0,
        330
      ],
      [
        1,
        801,
        15,
        15,
        0,
        0,
        0,
        10,
        74,
        58
      ],
      [
        2,
        303,
        2,
        0,
        0,
        0,
        0,
        6,
        0,
        696
      ]
    ],
    "per_class_scores": {
      "0": {
        "precision": 0.9568,
        "recall": 0.5878,
        "f1": 0.7282
      },
      "1": {
        "precision": 0.1985,
        "recall": 0.9991,
        "f1": 0.3312
      },
      "2": {
        "precision": 0.6719,
        "recall": 0.1667,
        "f1": 0.2671
      },
      "3": {
        "precision": 0.5902,
        "recall": 0.1911,
        "f1": 0.2887
      },
      "4": {
        "precision": 0.5,
        "recall": 0.002,
        "f1": 0.0041
      },
      "5": {
        "precision": 0.0,
        "recall": 0.0,
        "f1": 0.0
      },
      "6": {
        "precision": 0.9583,
        "recall": 0.024,
        "f1": 0.0468
      },
      "7": {
        "precision": 0.4356,
        "recall": 0.1975,
        "f1": 0.2718
      },
      "8": {
        "precision": 0.5441,
        "recall": 0.076,
        "f1": 0.1333
      },
      "9": {
        "precision": 0.2816,
        "recall": 0.6898,
        "f1": 0.3999
      }
    },
    "per_round": [
      {
        "round": 1,
        "loss": 2.29913363822352,
        "accuracy": 0.092,
        "epsilon": 5.570212572405294,
        "trust_scores": {
          "16688458124709813570": 0.0847,
          "9699943662869843510": 0.0937,
          "17706387660095676066": 0.1089,
          "8249142346213061807": 0.078,
          "6906348498614850124": 0.0973,
          "1571831715849469567": 0.1071,
          "11558772028084074405": 0.0734,
          "10534516005504084404": 0.1091,
          "2845360901050693695": 0.082,
          "10939950289328490205": 0.0957,
          "15709184197940023330": 0.1031,
          "10822907836180057377": 0.1082,
          "12126393085647162907": 0.0954,
          "3155669000958757650": 0.0801,
          "16627930611519311465": 0.0981
        }
      },
      {
        "round": 2,
        "loss": 2.289614598971967,
        "accuracy": 0.0872,
        "epsilon": 6.380347775906405,
        "trust_scores": {
          "16688458124709813570": 0.077,
          "9699943662869843510": 0.0853,
          "17706387660095676066": 0.0874,
          "8249142346213061807": 0.0684,
          "6906348498614850124": 0.0858,
          "1571831715849469567": 0.0899,
          "11558772028084074405": 0.073,
          "10534516005504084404": 0.0888,
          "2845360901050693695": 0.0767,
          "10939950289328490205": 0.0867,
          "15709184197940023330": 0.0836,
          "10822907836180057377": 0.0963,
          "12126393085647162907": 0.0878,
          "3155669000958757650": 0.0674,
          "16627930611519311465": 0.0926
        }
      },
      {
        "round": 3,
        "loss": 2.2811625773152606,
        "accuracy": 0.1179,
        "epsilon": 7.007070825275052,
        "trust_scores": {
          "16688458124709813570": 0.0646,
          "9699943662869843510": 0.0847,
          "17706387660095676066": 0.0815,
          "8249142346213061807": 0.0579,
          "6906348498614850124": 0.0842,
          "1571831715849469567": 0.0806,
          "11558772028084074405": 0.0632,
          "10534516005504084404": 0.0768,
          "2845360901050693695": 0.0582,
          "10939950289328490205": 0.0861,
          "15709184197940023330": 0.085,
          "10822907836180057377": 0.0863,
          "12126393085647162907": 0.083,
          "3155669000958757650": 0.0547,
          "16627930611519311465": 0.0781
        }
      },
      {
        "round": 4,
        "loss": 2.273145916362921,
        "accuracy": 0.2006,
        "epsilon": 7.548685712646957,
        "trust_scores": {
          "16688458124709813570": 0.0519,
          "9699943662869843510": 0.0728,
          "17706387660095676066": 0.0788,
          "8249142346213061807": 0.0542,
          "6906348498614850124": 0.0778,
          "1571831715849469567": 0.0796,
          "11558772028084074405": 0.0606,
          "10534516005504084404": 0.0766,
          "2845360901050693695": 0.0615,
          "10939950289328490205": 0.0781,
          "15709184197940023330": 0.0717,
          "10822907836180057377": 0.0725,
          "12126393085647162907": 0.074,
          "3155669000958757650": 0.0572,
          "16627930611519311465": 0.0753
        }
      },
      {
        "round": 5,
        "loss": 2.264079691883855,
        "accuracy": 0.1913,
        "epsilon": 8.01847832685739,
        "trust_scores": {
          "16688458124709813570": 0.0554,
          "9699943662869843510": 0.0816,
          "17706387660095676066": 0.0805,
          "8249142346213061807": 0.05,
          "6906348498614850124": 0.0821,
          "1571831715849469567": 0.0791,
          "11558772028084074405": 0.0606,
          "10534516005504084404": 0.0782,
          "2845360901050693695": 0.0598,
          "10939950289328490205": 0.076,
          "15709184197940023330": 0.0809,
          "10822907836180057377": 0.0751,
          "12126393085647162907": 0.0731,
          "3155669000958757650": 0.0514,
          "16627930611519311465": 0.0713
        }
      },
      {
        "round": 6,
        "loss": 2.2536087211328573,
        "accuracy": 0.1859,
        "epsilon": 8.47709002697614,
        "trust_scores": {
          "16688458124709813570": 0.0658,
          "9699943662869843510": 0.0894,
          "17706387660095676066": 0.0891,
          "8249142346213061807": 0.0618,
          "6906348498614850124": 0.0844,
          "1571831715849469567": 0.0866,
          "11558772028084074405": 0.0618,
          "10534516005504084404": 0.0871,
          "2845360901050693695": 0.0642,
          "10939950289328490205": 0.0794,
          "15709184197940023330": 0.0793,
          "10822907836180057377": 0.0863,
          "12126393085647162907": 0.0863,
          "3155669000958757650": 0.0661,
          "16627930611519311465": 0.0821
        }
      },
      {
        "round": 7,
        "loss": 2.2417864030161603,
        "accuracy": 0.1944,
        "epsilon": 8.874815092070978,
        "trust_scores": {
          "16688458124709813570": 0.0632,
          "9699943662869843510": 0.09,
          "17706387660095676066": 0.0842,
          "8249142346213061807": 0.063,
          "6906348498614850124": 0.0876,
          "1571831715849469567": 0.0913,
          "11558772028084074405": 0.0617,