{
  "config": {
    "config_id": 8,
    "num_clients": 15,
    "num_rounds": 10,
    "num_byzantine": 3,
    "use_dp": true,
    "epsilon": 10.0,
    "delta": 1e-05,
    "use_fltrust": true,
    "use_topk": true,
    "topk_ratio": 0.01,
    "root_dataset_size": 600,
    "rescale_to_ref_norm": false
  },
  "results": {
    "elapsed_seconds": 362.6890754699707,
    "noise_multiplier": 0.556793212890625,
    "confusion_matrix": [
      [
        0,
        699,
        0,
        0,
        0,
        0,
        253,
        21,
        0,
        7
      ],
      [
        0,
        933,
        0,
        0,
        0,
        0,
        20,
        181,
        0,
        1
      ],
      [
        0,
        904,
        0,
        0,
        0,
        0,
        86,
        40,
        0,
        2
      ],
      [
        0,
        466,
        0,
        0,
        0,
        0,
        483,
        40,
        0,
        21
      ],
      [
        0,
        396,
        0,
        0,
        1,
        0,
        16,
        568,
        0,
        1
      ],
      [
        0,
        547,
        0,
        0,
        0,
        0,
        252,
        84,
        0,
        9
      ],
      [
        0,
        177,
        0,
        0,
        0,
        0,
        655,
        123,
        0,
        3
      ],
      [
        0,
        509,
        0,
        0,
        0,
        0,
        22,
        495,
        0,
        2
      ],
      [
        0,
        366,
        0,
        0,
        0,
        0,
        380,
        217,
        0,
        11
      ],
      [
        0,
        260,
        0,
        0,
        0,
        0,
        29,
        718,
        0,
        2
      ]
    ],
    "per_class_scores": {
      "0": {
        "precision": 0.0,
        "recall": 0.0,
        "f1": 0.0
      },
      "1": {
        "precision": 0.1775,
        "recall": 0.822,
        "f1": 0.2919
      },
      "2": {
        "precision": 0.0,
        "recall": 0.0,
        "f1": 0.0
      },
      "3": {
        "precision": 0.0,
        "recall": 0.0,
        "f1": 0.0
      },
      "4": {
        "precision": 1.0,
        "recall": 0.001,
        "f1": 0.002
      },
      "5": {
        "precision": 0.0,
        "recall": 0.0,
        "f1": 0.0
      },
      "6": {
        "precision": 0.2983,
        "recall": 0.6837,
        "f1": 0.4153
      },
      "7": {
        "precision": 0.199,
        "recall": 0.4815,
        "f1": 0.2817
      },
      "8": {
        "precision": 0.0,
        "recall": 0.0,
        "f1": 0.0
      },
      "9": {
        "precision": 0.0339,
        "recall": 0.002,
        "f1": 0.0037
      }
    },
    "per_round": [
      {
        "round": 1,
        "loss": 2.304013496008925,
        "accuracy": 0.0867,
        "epsilon": 5.570212572405294,
        "trust_scores": {
          "5004787545090289492": 0.0409,
          "16899005765699478051": 0.0341,
          "13824861361565921484": 0.0424,
          "14763105071758901962": 0.0316,
          "884126108947456475": 0.0371,
          "2887619631331175004": 0.0358,
          "9777356263594886381": 0.0405,
          "8912667673766203463": 0.0361,
          "778843383620973386": 0.0322,
          "12999367609206825138": 0.0341,
          "10877900222803939893": 0.0369,
          "6783752810014365306": 0.0319,
          "17135100849612089613": 0.0322,
          "4784023337582717201": 0.0288,
          "10737347943233454910": 0.0409
        }
      },
      {
        "round": 2,
        "loss": 2.3025217680885386,
        "accuracy": 0.0988,
        "epsilon": 6.380347775906405,
        "trust_scores": {
          "5004787545090289492": 0.0226,
          "16899005765699478051": 0.0353,
          "13824861361565921484": 0.0407,
          "14763105071758901962": 0.0288,
          "884126108947456475": 0.0327,
          "2887619631331175004": 0.0376,
          "9777356263594886381": 0.0429,
          "8912667673766203463": 0.0348,
          "778843383620973386": 0.0407,
          "12999367609206825138": 0.0384,
          "10877900222803939893": 0.0345,
          "6783752810014365306": 0.0391,
          "17135100849612089613": 0.0445,
          "4784023337582717201": 0.0428,
          "10737347943233454910": 0.0405
        }
      },
      {
        "round": 3,
        "loss": 2.301050162543885,
        "accuracy": 0.1125,
        "epsilon": 7.007070825275052,
        "trust_scores": {
          "5004787545090289492": 0.0324,
          "16899005765699478051": 0.0363,
          "13824861361565921484": 0.0337,
          "14763105071758901962": 0.0375,
          "884126108947456475": 0.0336,
          "2887619631331175004": 0.0352,
          "9777356263594886381": 0.0369,
          "8912667673766203463": 0.033,
          "778843383620973386": 0.0324,
          "12999367609206825138": 0.0315,
          "10877900222803939893": 0.032,
          "6783752810014365306": 0.0351,
          "17135100849612089613": 0.0384,
          "4784023337582717201": 0.036,
          "10737347943233454910": 0.0315
        }
      },
      {
        "round": 4,
        "loss": 2.2996847461968564,
        "accuracy": 0.127,
        "epsilon": 7.548685712646957,
        "trust_scores": {
          "5004787545090289492": 0.0354,
          "16899005765699478051": 0.035,
          "13824861361565921484": 0.0347,
          "14763105071758901962": 0.0325,
          "884126108947456475": 0.0353,
          "2887619631331175004": 0.0356,
          "9777356263594886381": 0.0389,
          "8912667673766203463": 0.0277,
          "778843383620973386": 0.0395,
          "12999367609206825138": 0.0306,
          "10877900222803939893": 0.0294,
          "6783752810014365306": 0.0403,
          "17135100849612089613": 0.0342,
          "4784023337582717201": 0.0372,
          "10737347943233454910": 0.0341
        }
      },
      {
        "round": 5,
        "loss": 2.2982637866998252,
        "accuracy": 0.1406,
        "epsilon": 8.01847832685739,
        "trust_scores": {
          "5004787545090289492": 0.0302,
          "16899005765699478051": 0.0321,
          "13824861361565921484": 0.0334,
          "14763105071758901962": 0.0343,
          "884126108947456475": 0.0372,
          "2887619631331175004": 0.0328,
          "9777356263594886381": 0.0374,
          "8912667673766203463": 0.0345,
          "778843383620973386": 0.0432,
          "12999367609206825138": 0.037,
          "10877900222803939893": 0.027,
          "6783752810014365306": 0.0377,
          "17135100849612089613": 0.0258,
          "4784023337582717201": 0.0322,
          "10737347943233454910": 0.0414
        }
      },
      {
        "round": 6,
        "loss": 2.2969936699912954,
        "accuracy": 0.1581,
        "epsilon": 8.47709002697614,
        "trust_scores": {
          "5004787545090289492": 0.0273,
          "16899005765699478051": 0.0402,
          "13824861361565921484": 0.0358,
          "14763105071758901962": 0.0332,
          "884126108947456475": 0.0388,
          "2887619631331175004": 0.0368,
          "9777356263594886381": 0.0277,
          "8912667673766203463": 0.0283,
          "778843383620973386": 0.0367,
          "12999367609206825138": 0.0241,
          "10877900222803939893": 0.0324,
          "6783752810014365306": 0.0254,
          "17135100849612089613": 0.029,
          "4784023337582717201": 0.0302,
          "10737347943233454910": 0.0309
        }
      },
      {
        "round": 7,
        "loss": 2.295662939358062,
        "accuracy": 0.179,
        "epsilon": 8.874815092070978,
        "trust_scores": {
          "5004787545090289492": 0.0277,
          "16899005765699478051": 0.037,
          "13824861361565921484": 0.0282,
          "14763105071758901962": 0.0346,
          "884126108947456475": 0.0394,
          "2887619631331175004": 0.0298,
          "9777356263594886381": 0.033,
          "8912667673766203463": 0.0255,