{
  "config": {
    "config_id": 8,
    "num_clients": 15,
    "num_rounds": 10,
    "num_byzantine": 3,
    "use_dp": true,
    "epsilon": 1.0,
    "delta": 1e-05,
    "use_fltrust": true,
    "use_topk": true,
    "topk_ratio": 0.01,
    "root_dataset_size": 600,
    "rescale_to_ref_norm": false
  },
  "results": {
    "elapsed_seconds": 368.1045606136322,
    "noise_multiplier": 1.396484375,
    "confusion_matrix": [
      [
        0,
        489,
        0,
        0,
        37,
        0,
        0,
        0,
        37,
        417
      ],
      [
        0,
        895,
        0,
        0,
        0,
        0,
        0,
        0,
        22,
        218
      ],
      [
        0,
        670,
        51,
        0,
        4,
        0,
        0,
        0,
        38,
        269
      ],
      [
        0,
        420,
        0,
        0,
        0,
        0,
        0,
        0,
        25,
        565
      ],
      [
        0,
        494,
        0,
        0,
        61,
        0,
        0,
        0,
        13,
        414
      ],
      [
        0,
        355,
        0,
        0,
        3,
        0,
        0,
        0,
        45,
        489
      ],
      [
        0,
        579,
        41,
        0,
        141,
        0,
        0,
        0,
        90,
        107
      ],
      [
        0,
        447,
        9,
        0,
        1,
        0,
        0,
        1,
        12,
        558
      ],
      [
        0,
        338,
        0,
        0,
        1,
        0,
        0,
        0,
        53,
        582
      ],
      [
        0,
        227,
        9,
        0,
        34,
        0,
        0,
        0,
        14,
        725
      ]
    ],
    "per_class_scores": {
      "0": {
        "precision": 0.0,
        "recall": 0.0,
        "f1": 0.0
      },
      "1": {
        "precision": 0.1821,
        "recall": 0.7885,
        "f1": 0.2959
      },
      "2": {
        "precision": 0.4636,
        "recall": 0.0494,
        "f1": 0.0893
      },
      "3": {
        "precision": 0.0,
        "recall": 0.0,
        "f1": 0.0
      },
      "4": {
        "precision": 0.2163,
        "recall": 0.0621,
        "f1": 0.0965
      },
      "5": {
        "precision": 0.0,
        "recall": 0.0,
        "f1": 0.0
      },
      "6": {
        "precision": 0.0,
        "recall": 0.0,
        "f1": 0.0
      },
      "7": {
        "precision": 1.0,
        "recall": 0.001,
        "f1": 0.0019
      },
      "8": {
        "precision": 0.1519,
        "recall": 0.0544,
        "f1": 0.0801
      },
      "9": {
        "precision": 0.1669,
        "recall": 0.7185,
        "f1": 0.2709
      }
    },
    "per_round": [
      {
        "round": 1,
        "loss": 2.3009003183712213,
        "accuracy": 0.1021,
        "epsilon": 0.5075504135873999,
        "trust_scores": {
          "6960288893142242862": 0.0079,
          "9550492010625515186": 0.0115,
          "3853461521420939574": 0.0143,
          "10320406237918344288": 0.0099,
          "16171477295157569294": 0.0144,
          "15682454802944359877": 0.013,
          "16224797992140674561": 0.0066,
          "14828029359712773393": 0.0059,
          "17037883345342163358": 0.0066,
          "5651605774510614117": 0.0157,
          "5666024113146754299": 0.0062,
          "2435361323028688704": 0.0069,
          "15539520981322900898": 0.0045,
          "4807094078405524175": 0.0116,
          "17210765150937625788": 0.0066
        }
      },
      {
        "round": 2,
        "loss": 2.2992431111990834,
        "accuracy": 0.1053,
        "epsilon": 0.5650501994221565,
        "trust_scores": {
          "6960288893142242862": 0.0146,
          "9550492010625515186": 0.0219,
          "3853461521420939574": 0.0115,
          "10320406237918344288": 0.0085,
          "16171477295157569294": 0.0114,
          "15682454802944359877": 0.0103,
          "16224797992140674561": 0.0125,
          "14828029359712773393": 0.0138,
          "17037883345342163358": 0.0179,
          "5651605774510614117": 0.0101,
          "5666024113146754299": 0.0071,
          "2435361323028688704": 0.0151,
          "15539520981322900898": 0.0095,
          "4807094078405524175": 0.0102,
          "17210765150937625788": 0.0129
        }
      },
      {
        "round": 3,
        "loss": 2.2977225209196535,
        "accuracy": 0.1073,
        "epsilon": 0.6225499852569131,
        "trust_scores": {
          "6960288893142242862": 0.0064,
          "9550492010625515186": 0.0169,
          "3853461521420939574": 0.0106,
          "10320406237918344288": 0.0101,
          "16171477295157569294": 0.0123,
          "15682454802944359877": 0.0102,
          "16224797992140674561": 0.0092,
          "14828029359712773393": 0.0078,
          "17037883345342163358": 0.013,
          "5651605774510614117": 0.0127,
          "5666024113146754299": 0.0106,
          "2435361323028688704": 0.0058,
          "15539520981322900898": 0.0079,
          "4807094078405524175": 0.0132,
          "17210765150937625788": 0.0059
        }
      },
      {
        "round": 4,
        "loss": 2.2961464872756325,
        "accuracy": 0.1124,
        "epsilon": 0.6800497710916696,
        "trust_scores": {
          "6960288893142242862": 0.0127,
          "9550492010625515186": 0.0066,
          "3853461521420939574": 0.0157,
          "10320406237918344288": 0.0123,
          "16171477295157569294": 0.0101,
          "15682454802944359877": 0.011,
          "16224797992140674561": 0.0114,
          "14828029359712773393": 0.007,
          "17037883345342163358": 0.0142,
          "5651605774510614117": 0.0113,
          "5666024113146754299": 0.008,
          "2435361323028688704": 0.019,
          "15539520981322900898": 0.0089,
          "4807094078405524175": 0.0034,
          "17210765150937625788": 0.0095
        }
      },
      {
        "round": 5,
        "loss": 2.294827321086067,
        "accuracy": 0.1158,
        "epsilon": 0.7375495569264262,
        "trust_scores": {
          "6960288893142242862": 0.0103,
          "9550492010625515186": 0.0125,
          "3853461521420939574": 0.0124,
          "10320406237918344288": 0.0117,
          "16171477295157569294": 0.0069,
          "15682454802944359877": 0.0075,
          "16224797992140674561": 0.0087,
          "14828029359712773393": 0.0098,
          "17037883345342163358": 0.0079,
          "5651605774510614117": 0.013,
          "5666024113146754299": 0.0085,
          "2435361323028688704": 0.0109,
          "15539520981322900898": 0.0116,
          "4807094078405524175": 0.0086,
          "17210765150937625788": 0.0065
        }
      },
      {
        "round": 6,
        "loss": 2.2932935058118438,
        "accuracy": 0.1189,
        "epsilon": 0.7901576289319656,
        "trust_scores": {
          "6960288893142242862": 0.0084,
          "9550492010625515186": 0.0124,
          "3853461521420939574": 0.0087,
          "10320406237918344288": 0.0133,
          "16171477295157569294": 0.0104,
          "15682454802944359877": 0.0062,
          "16224797992140674561": 0.0124,
          "14828029359712773393": 0.0166,
          "17037883345342163358": 0.0125,
          "5651605774510614117": 0.0075,
          "5666024113146754299": 0.0087,
          "2435361323028688704": 0.0112,
          "15539520981322900898": 0.0098,
          "4807094078405524175": 0.0158,
          "17210765150937625788": 0.0146
        }
      },
      {
        "round": 7,
        "loss": 2.291593608764795,
        "accuracy": 0.128,
        "epsilon": 0.841541002797178,
        "trust_scores": {
          "6960288893142242862": 0.0153,
          "9550492010625515186": 0.017,
          "3853461521420939574": 0.0145,
          "10320406237918344288": 0.0128,
          "16171477295157569294": 0.013,
          "15682454802944359877": 0.0094,
          "16224797992140674561": 0.0128,