{
  "config": {
    "config_id": 8,
    "num_clients": 15,
    "num_rounds": 10,
    "num_byzantine": 3,
    "use_dp": true,
    "epsilon": 5.0,
    "delta": 1e-05,
    "use_fltrust": true,
    "use_topk": true,
    "topk_ratio": 0.01,
    "root_dataset_size": 600,
    "rescale_to_ref_norm": false
  },
  "results": {
    "elapsed_seconds": 381.24560141563416,
    "noise_multiplier": 0.6939697265625,
    "confusion_matrix": [
      [
        3,
        977,
        0,
        0,
        0,
        0,
        0,
        0,
        0,
        0
      ],
      [
        0,
        1135,
        0,
        0,
        0,
        0,
        0,
        0,
        0,
        0
      ],
      [
        0,
        1032,
        0,
        0,
        0,
        0,
        0,
        0,
        0,
        0
      ],
      [
        3,
        1007,
        0,
        0,
        0,
        0,
        0,
        0,
        0,
        0
      ],
      [
        0,
        982,
        0,
        0,
        0,
        0,
        0,
        0,
        0,
        0
      ],
      [
        0,
        892,
        0,
        0,
        0,
        0,
        0,
        0,
        0,
        0
      ],
      [
        0,
        958,
        0,
        0,
        0,
        0,
        0,
        0,
        0,
        0
      ],
      [
        1,
        1027,
        0,
        0,
        0,
        0,
        0,
        0,
        0,
        0
      ],
      [
        0,
        974,
        0,
        0,
        0,
        0,
        0,
        0,
        0,
        0
      ],
      [
        0,
        1009,
        0,
        0,
        0,
        0,
        0,
        0,
        0,
        0
      ]
    ],
    "per_class_scores": {
      "0": {
        "precision": 0.4286,
        "recall": 0.0031,
        "f1": 0.0061
      },
      "1": {
        "precision": 0.1136,
        "recall": 1.0,
        "f1": 0.204
      },
      "2": {
        "precision": 0.0,
        "recall": 0.0,
        "f1": 0.0
      },
      "3": {
        "precision": 0.0,
        "recall": 0.0,
        "f1": 0.0
      },
      "4": {
        "precision": 0.0,
        "recall": 0.0,
        "f1": 0.0
      },
      "5": {
        "precision": 0.0,
        "recall": 0.0,
        "f1": 0.0
      },
      "6": {
        "precision": 0.0,
        "recall": 0.0,
        "f1": 0.0
      },
      "7": {
        "precision": 0.0,
        "recall": 0.0,
        "f1": 0.0
      },
      "8": {
        "precision": 0.0,
        "recall": 0.0,
        "f1": 0.0
      },
      "9": {
        "precision": 0.0,
        "recall": 0.0,
        "f1": 0.0
      }
    },
    "per_round": [
      {
        "round": 1,
        "loss": 2.303584322000083,
        "accuracy": 0.1135,
        "epsilon": 2.9976138412546462,
        "trust_scores": {
          "7938004177336763695": 0.0169,
          "9119974668664212069": 0.0179,
          "4321211897700237560": 0.0237,
          "18199165790851921109": 0.0237,
          "11126564695051865411": 0.0122,
          "3042519124887709970": 0.0212,
          "9290050973999143171": 0.0109,
          "17115051556899120512": 0.0073,
          "2976763478443647577": 0.0221,
          "6980940049803545411": 0.015,
          "12751613247199743917": 0.0154,
          "5745715345176156336": 0.0107,
          "8433786634197620237": 0.0103,
          "1148900978089395983": 0.0226,
          "7520155365927456571": 0.0191
        }
      },
      {
        "round": 2,
        "loss": 2.3025106469663186,
        "accuracy": 0.1135,
        "epsilon": 3.345227874819183,
        "trust_scores": {
          "7938004177336763695": 0.0162,
          "9119974668664212069": 0.0144,
          "4321211897700237560": 0.0184,
          "18199165790851921109": 0.0215,
          "11126564695051865411": 0.0168,
          "3042519124887709970": 0.0192,
          "9290050973999143171": 0.0165,
          "17115051556899120512": 0.0148,
          "2976763478443647577": 0.0112,
          "6980940049803545411": 0.0116,
          "12751613247199743917": 0.0081,
          "5745715345176156336": 0.0212,
          "8433786634197620237": 0.0094,
          "1148900978089395983": 0.0153,
          "7520155365927456571": 0.012
        }
      },
      {
        "round": 3,
        "loss": 2.301375446989894,
        "accuracy": 0.1135,
        "epsilon": 3.618362533267858,
        "trust_scores": {
          "7938004177336763695": 0.0225,
          "9119974668664212069": 0.0169,
          "4321211897700237560": 0.0209,
          "18199165790851921109": 0.0205,
          "11126564695051865411": 0.0127,
          "3042519124887709970": 0.0235,
          "9290050973999143171": 0.009,
          "17115051556899120512": 0.0136,
          "2976763478443647577": 0.0171,
          "6980940049803545411": 0.0201,
          "12751613247199743917": 0.0151,
          "5745715345176156336": 0.0224,
          "8433786634197620237": 0.0178,
          "1148900978089395983": 0.0171,
          "7520155365927456571": 0.0114
        }
      },
      {
        "round": 4,
        "loss": 2.3002669156168976,
        "accuracy": 0.1135,
        "epsilon": 3.859694583473307,
        "trust_scores": {
          "7938004177336763695": 0.0175,
          "9119974668664212069": 0.0212,
          "4321211897700237560": 0.0167,
          "18199165790851921109": 0.0193,
          "11126564695051865411": 0.0219,
          "3042519124887709970": 0.0211,
          "9290050973999143171": 0.0155,
          "17115051556899120512": 0.0098,
          "2976763478443647577": 0.0202,
          "6980940049803545411": 0.0224,
          "12751613247199743917": 0.0131,
          "5745715345176156336": 0.0134,
          "8433786634197620237": 0.0101,
          "1148900978089395983": 0.013,
          "7520155365927456571": 0.0137
        }
      },
      {
        "round": 5,
        "loss": 2.2991504463524866,
        "accuracy": 0.1135,
        "epsilon": 4.079841985923847,
        "trust_scores": {
          "7938004177336763695": 0.0134,
          "9119974668664212069": 0.0207,
          "4321211897700237560": 0.0194,
          "18199165790851921109": 0.0209,
          "11126564695051865411": 0.0198,
          "3042519124887709970": 0.0226,
          "9290050973999143171": 0.0063,
          "17115051556899120512": 0.0124,
          "2976763478443647577": 0.019,
          "6980940049803545411": 0.0204,
          "12751613247199743917": 0.0147,
          "5745715345176156336": 0.0222,
          "8433786634197620237": 0.016,
          "1148900978089395983": 0.0201,
          "7520155365927456571": 0.0132
        }
      },
      {
        "round": 6,
        "loss": 2.2981617603058253,
        "accuracy": 0.1135,
        "epsilon": 4.280665673878462,
        "trust_scores": {
          "7938004177336763695": 0.0175,
          "9119974668664212069": 0.0169,
          "4321211897700237560": 0.0182,
          "18199165790851921109": 0.0147,
          "11126564695051865411": 0.0182,
          "3042519124887709970": 0.0178,
          "9290050973999143171": 0.0154,
          "17115051556899120512": 0.0184,
          "2976763478443647577": 0.0164,
          "6980940049803545411": 0.0179,
          "12751613247199743917": 0.0098,
          "5745715345176156336": 0.0149,
          "8433786634197620237": 0.0063,
          "1148900978089395983": 0.0196,
          "7520155365927456571": 0.008
        }
      },
      {
        "round": 7,
        "loss": 2.297027928379778,
        "accuracy": 0.1135,
        "epsilon": 4.474382492190578,
        "trust_scores": {
          "7938004177336763695": 0.0164,
          "9119974668664212069": 0.0221,
          "4321211897700237560": 0.0213,
          "18199165790851921109": 0.0166,
          "11126564695051865411": 0.02,
          "3042519124887709970": 0.0185,
          "9290050973999143171": 0.0117,
          "17115051556899120512": 0.0083,
          "2976763478443647577": 0.0151,
          "6980940049803545411": 0.0166,