{
  "config": {
    "config_id": 5,
    "num_clients": 15,
    "num_rounds": 10,
    "num_byzantine": 3,
    "use_dp": true,
    "epsilon": 10.0,
    "delta": 1e-05,
    "use_fltrust": true,
    "use_topk": false,
    "topk_ratio": 0.1,
    "root_dataset_size": 600,
    "rescale_to_ref_norm": false
  },
  "results": {
    "elapsed_seconds": 382.81239652633667,
    "noise_multiplier": 0.556182861328125,
    "confusion_matrix": [
      [
        930,
        7,
        0,
        0,
        0,
        0,
        1,
        2,
        5,
        35
      ],
      [
        0,
        1127,
        0,
        0,
        0,
        0,
        3,
        4,
        0,
        1
      ],
      [
        64,
        248,
        414,
        2,
        3,
        0,
        133,
        71,
        19,
        78
      ],
      [
        259,
        170,
        5,
        234,
        0,
        0,
        11,
        124,
        4,
        203
      ],
      [
        5,
        118,
        0,
        0,
        44,
        0,
        10,
        0,
        1,
        804
      ],
      [
        308,
        146,
        0,
        11,
        0,
        0,
        13,
        16,
        0,
        398
      ],
      [
        68,
        85,
        0,
        0,
        4,
        0,
        725,
        3,
        2,
        71
      ],
      [
        8,
        245,
        4,
        11,
        0,
        0,
        0,
        240,
        0,
        520
      ],
      [
        101,
        252,
        1,
        1,
        0,
        0,
        17,
        7,
        93,
        502
      ],
      [
        19,
        86,
        1,
        1,
        0,
        0,
        0,
        0,
        0,
        902
      ]
    ],
    "per_class_scores": {
      "0": {
        "precision": 0.5278,
        "recall": 0.949,
        "f1": 0.6783
      },
      "1": {
        "precision": 0.4537,
        "recall": 0.993,
        "f1": 0.6228
      },
      "2": {
        "precision": 0.9741,
        "recall": 0.4012,
        "f1": 0.5683
      },
      "3": {
        "precision": 0.9,
        "recall": 0.2317,
        "f1": 0.3685
      },
      "4": {
        "precision": 0.8627,
        "recall": 0.0448,
        "f1": 0.0852
      },
      "5": {
        "precision": 0.0,
        "recall": 0.0,
        "f1": 0.0
      },
      "6": {
        "precision": 0.7941,
        "recall": 0.7568,
        "f1": 0.775
      },
      "7": {
        "precision": 0.5139,
        "recall": 0.2335,
        "f1": 0.3211
      },
      "8": {
        "precision": 0.75,
        "recall": 0.0955,
        "f1": 0.1694
      },
      "9": {
        "precision": 0.2567,
        "recall": 0.894,
        "f1": 0.3989
      }
    },
    "per_round": [
      {
        "round": 1,
        "loss": 2.2944497490843263,
        "accuracy": 0.1028,
        "epsilon": 5.574378297681859
      },
      {
        "round": 2,
        "loss": 2.2818740716757486,
        "accuracy": 0.1427,
        "epsilon": 6.383423231278275
      },
      {
        "round": 3,
        "loss": 2.2670486354218506,
        "accuracy": 0.2737,
        "epsilon": 7.009829344500931
      },
      {
        "round": 4,
        "loss": 2.248223284182077,
        "accuracy": 0.2829,
        "epsilon": 7.552363738281465
      },
      {
        "round": 5,
        "loss": 2.223445274578497,
        "accuracy": 0.3172,
        "epsilon": 8.021129255957344
      },
      {
        "round": 6,
        "loss": 2.1916488199569164,
        "accuracy": 0.3303,
        "epsilon": 8.48027114189609
      },
      {
        "round": 7,
        "loss": 2.151033396918934,
        "accuracy": 0.3516,
        "epsilon": 8.87678996784471
      },
      {
        "round": 8,
        "loss": 2.101689817425542,
        "accuracy": 0.3932,
        "epsilon": 9.27163482801073
      },
      {
        "round": 9,
        "loss": 2.043643171414019,
        "accuracy": 0.4284,
        "epsilon": 9.64977898437331
      },
      {
        "round": 10,
        "loss": 1.9763414558892054,
        "accuracy": 0.4709,
        "epsilon": 9.993799145789078
      }
    ]
  }
}