{
  "config": {
    "config_id": 5,
    "num_clients": 15,
    "num_rounds": 10,
    "num_byzantine": 3,
    "use_dp": true,
    "epsilon": 1.0,
    "delta": 1e-05,
    "use_fltrust": true,
    "use_topk": false,
    "topk_ratio": 0.1,
    "root_dataset_size": 600,
    "rescale_to_ref_norm": false
  },
  "results": {
    "elapsed_seconds": 364.026570558548,
    "noise_multiplier": 1.396484375,
    "confusion_matrix": [
      [
        599,
        35,
        0,
        328,
        1,
        0,
        0,
        0,
        0,
        17
      ],
      [
        0,
        1129,
        0,
        6,
        0,
        0,
        0,
        0,
        0,
        0
      ],
      [
        10,
        329,
        101,
        569,
        14,
        0,
        0,
        0,
        1,
        8
      ],
      [
        0,
        111,
        0,
        895,
        1,
        0,
        0,
        0,
        0,
        3
      ],
      [
        0,
        356,
        0,
        24,
        370,
        0,
        0,
        0,
        0,
        232
      ],
      [
        1,
        186,
        0,
        689,
        2,
        0,
        0,
        0,
        0,
        14
      ],
      [
        1,
        355,
        0,
        457,
        3,
        0,
        132,
        0,
        0,
        10
      ],
      [
        4,
        550,
        0,
        41,
        4,
        0,
        0,
        0,
        5,
        424
      ],
      [
        1,
        222,
        0,
        690,
        1,
        0,
        0,
        0,
        31,
        29
      ],
      [
        3,
        284,
        0,
        53,
        5,
        0,
        0,
        0,
        0,
        664
      ]
    ],
    "per_class_scores": {
      "0": {
        "precision": 0.9677,
        "recall": 0.6112,
        "f1": 0.7492
      },
      "1": {
        "precision": 0.3174,
        "recall": 0.9947,
        "f1": 0.4812
      },
      "2": {
        "precision": 1.0,
        "recall": 0.0979,
        "f1": 0.1783
      },
      "3": {
        "precision": 0.2385,
        "recall": 0.8861,
        "f1": 0.3759
      },
      "4": {
        "precision": 0.9227,
        "recall": 0.3768,
        "f1": 0.5351
      },
      "5": {
        "precision": 0.0,
        "recall": 0.0,
        "f1": 0.0
      },
      "6": {
        "precision": 1.0,
        "recall": 0.1378,
        "f1": 0.2422
      },
      "7": {
        "precision": 0.0,
        "recall": 0.0,
        "f1": 0.0
      },
      "8": {
        "precision": 0.8378,
        "recall": 0.0318,
        "f1": 0.0613
      },
      "9": {
        "precision": 0.4739,
        "recall": 0.6581,
        "f1": 0.551
      }
    },
    "per_round": [
      {
        "round": 1,
        "loss": 2.293801392990941,
        "accuracy": 0.1003,
        "epsilon": 0.5067171071032929
      },
      {
        "round": 2,
        "loss": 2.2844727275470573,
        "accuracy": 0.1797,
        "epsilon": 0.5633835864539423
      },
      {
        "round": 3,
        "loss": 2.2733151905072004,
        "accuracy": 0.1536,
        "epsilon": 0.620050065804592
      },
      {
        "round": 4,
        "loss": 2.259519205306665,
        "accuracy": 0.1621,
        "epsilon": 0.6767165451552415
      },
      {
        "round": 5,
        "loss": 2.2425538891801438,
        "accuracy": 0.1842,
        "epsilon": 0.7333830245058909
      },
      {
        "round": 6,
        "loss": 2.222656742833293,
        "accuracy": 0.216,
        "epsilon": 0.7873328361216625
      },
      {
        "round": 7,
        "loss": 2.1969586332766013,
        "accuracy": 0.2756,
        "epsilon": 0.8382454111851578
      },
      {
        "round": 8,
        "loss": 2.165593218879578,
        "accuracy": 0.3307,
        "epsilon": 0.8891579862486529
      },
      {
        "round": 9,
        "loss": 2.1289698643425403,
        "accuracy": 0.3454,
        "epsilon": 0.9400705613121483
      },
      {
        "round": 10,
        "loss": 2.0851779204968826,
        "accuracy": 0.3921,
        "epsilon": 0.9909831363756436
      }
    ]
  }
}