{
  "config": {
    "config_id": 5,
    "num_clients": 15,
    "num_rounds": 10,
    "num_byzantine": 3,
    "use_dp": true,
    "epsilon": 5.0,
    "delta": 1e-05,
    "use_fltrust": true,
    "use_topk": false,
    "topk_ratio": 0.1,
    "root_dataset_size": 600,
    "rescale_to_ref_norm": false
  },
  "results": {
    "elapsed_seconds": 372.9750270843506,
    "noise_multiplier": 0.693359375,
    "confusion_matrix": [
      [
        872,
        100,
        3,
        1,
        0,
        0,
        1,
        2,
        1,
        0
      ],
      [
        0,
        1133,
        2,
        0,
        0,
        0,
        0,
        0,
        0,
        0
      ],
      [
        34,
        541,
        436,
        3,
        0,
        0,
        8,
        10,
        0,
        0
      ],
      [
        19,
        690,
        15,
        282,
        1,
        0,
        0,
        2,
        1,
        0
      ],
      [
        5,
        612,
        4,
        0,
        162,
        0,
        16,
        3,
        0,
        180
      ],
      [
        159,
        629,
        8,
        80,
        2,
        0,
        3,
        2,
        1,
        8
      ],
      [
        102,
        285,
        117,
        4,
        1,
        0,
        441,
        8,
        0,
        0
      ],
      [
        7,
        799,
        0,
        27,
        1,
        0,
        0,
        182,
        0,
        12
      ],
      [
        69,
        790,
        7,
        16,
        1,
        0,
        5,
        7,
        67,
        12
      ],
      [
        31,
        581,
        0,
        6,
        3,
        0,
        6,
        10,
        1,
        371
      ]
    ],
    "per_class_scores": {
      "0": {
        "precision": 0.6718,
        "recall": 0.8898,
        "f1": 0.7656
      },
      "1": {
        "precision": 0.1839,
        "recall": 0.9982,
        "f1": 0.3106
      },
      "2": {
        "precision": 0.7365,
        "recall": 0.4225,
        "f1": 0.5369
      },
      "3": {
        "precision": 0.673,
        "recall": 0.2792,
        "f1": 0.3947
      },
      "4": {
        "precision": 0.9474,
        "recall": 0.165,
        "f1": 0.281
      },
      "5": {
        "precision": 0.0,
        "recall": 0.0,
        "f1": 0.0
      },
      "6": {
        "precision": 0.9187,
        "recall": 0.4603,
        "f1": 0.6134
      },
      "7": {
        "precision": 0.8053,
        "recall": 0.177,
        "f1": 0.2903
      },
      "8": {
        "precision": 0.9437,
        "recall": 0.0688,
        "f1": 0.1282
      },
      "9": {
        "precision": 0.6364,
        "recall": 0.3677,
        "f1": 0.4661
      }
    },
    "per_round": [
      {
        "round": 1,
        "loss": 2.2960145701996435,
        "accuracy": 0.1164,
        "epsilon": 2.9968724168250436
      },
      {
        "round": 2,
        "loss": 2.2893895920092304,
        "accuracy": 0.1135,
        "epsilon": 3.343615342843941
      },
      {
        "round": 3,
        "loss": 2.2829789787816543,
        "accuracy": 0.1135,
        "epsilon": 3.6160001498246954
      },
      {
        "round": 4,
        "loss": 2.275201373206922,
        "accuracy": 0.1135,
        "epsilon": 3.8566718150141326
      },
      {
        "round": 5,
        "loss": 2.266614600873222,
        "accuracy": 0.1149,
        "epsilon": 4.076063525349878
      },
      {
        "round": 6,
        "loss": 2.256498946168552,
        "accuracy": 0.1438,
        "epsilon": 4.276356027841497
      },
      {
        "round": 7,
        "loss": 2.2449837332716385,
        "accuracy": 0.1688,
        "epsilon": 4.469628158872887
      },
      {
        "round": 8,
        "loss": 2.2308778785669006,
        "accuracy": 0.2222,
        "epsilon": 4.650374149794657
      },
      {
        "round": 9,
        "loss": 2.2146443574192425,
        "accuracy": 0.2966,
        "epsilon": 4.826567260145952
      },
      {
        "round": 10,
        "loss": 2.1960256541498935,
        "accuracy": 0.3946,
        "epsilon": 4.992897916848891
      }
    ]
  }
}