{
  "config": {
    "config_id": 2,
    "num_clients": 5,
    "num_rounds": 5,
    "num_byzantine": 1,
    "use_dp": true,
    "epsilon": 10.0,
    "delta": 1e-05,
    "use_fltrust": false,
    "use_topk": false,
    "topk_ratio": 0.1,
    "root_dataset_size": 2000,
    "rescale_to_ref_norm": false
  },
  "results": {
    "elapsed_seconds": 192.88880825042725,
    "noise_multiplier": 0.4627227783203125,
    "confusion_matrix": [
      [
        947,
        0,
        7,
        3,
        0,
        0,
        3,
        18,
        2,
        0
      ],
      [
        0,
        0,
        2,
        2,
        0,
        0,
        9,
        1098,
        24,
        0
      ],
      [
        34,
        0,
        806,
        13,
        32,
        0,
        35,
        92,
        20,
        0
      ],
      [
        73,
        0,
        85,
        623,
        5,
        0,
        5,
        208,
        11,
        0
      ],
      [
        8,
        0,
        15,
        0,
        683,
        0,
        23,
        251,
        0,
        2
      ],
      [
        291,
        0,
        69,
        98,
        24,
        9,
        32,
        355,
        13,
        1
      ],
      [
        43,
        0,
        145,
        0,
        16,
        1,
        725,
        25,
        3,
        0
      ],
      [
        4,
        0,
        9,
        0,
        9,
        0,
        0,
        1001,
        5,
        0
      ],
      [
        75,
        0,
        85,
        49,
        20,
        0,
        26,
        352,
        367,
        0
      ],
      [
        35,
        0,
        5,
        4,
        193,
        0,
        0,
        751,
        0,
        21
      ]
    ],
    "per_class_scores": {
      "0": {
        "precision": 0.6272,
        "recall": 0.9663,
        "f1": 0.7606
      },
      "1": {
        "precision": 0.0,
        "recall": 0.0,
        "f1": 0.0
      },
      "2": {
        "precision": 0.6564,
        "recall": 0.781,
        "f1": 0.7133
      },
      "3": {
        "precision": 0.7866,
        "recall": 0.6168,
        "f1": 0.6915
      },
      "4": {
        "precision": 0.6955,
        "recall": 0.6955,
        "f1": 0.6955
      },
      "5": {
        "precision": 0.9,
        "recall": 0.0101,
        "f1": 0.02
      },
      "6": {
        "precision": 0.845,
        "recall": 0.7568,
        "f1": 0.7985
      },
      "7": {
        "precision": 0.2411,
        "recall": 0.9737,
        "f1": 0.3866
      },
      "8": {
        "precision": 0.8247,
        "recall": 0.3768,
        "f1": 0.5173
      },
      "9": {
        "precision": 0.875,
        "recall": 0.0208,
        "f1": 0.0407
      }
    },
    "per_round": [
      {
        "round": 1,
        "loss": 2.277923906953952,
        "accuracy": 0.1037,
        "epsilon": 7.084260874884943
      },
      {
        "round": 2,
        "loss": 2.2222617898886194,
        "accuracy": 0.1612,
        "epsilon": 8.051659993292283
      },
      {
        "round": 3,
        "loss": 2.1167201835888263,
        "accuracy": 0.2798,
        "epsilon": 8.800691224122728
      },
      {
        "round": 4,
        "loss": 1.9319242494174849,
        "accuracy": 0.4457,
        "epsilon": 9.408415160575956
      },
      {
        "round": 5,
        "loss": 1.6871949228615806,
        "accuracy": 0.5182,
        "epsilon": 9.995722231685914
      }
    ]
  }
}