{
  "config": {
    "config_id": 2,
    "num_clients": 5,
    "num_rounds": 5,
    "num_byzantine": 1,
    "use_dp": true,
    "epsilon": 5.0,
    "delta": 1e-05,
    "use_fltrust": false,
    "use_topk": false,
    "topk_ratio": 0.1,
    "root_dataset_size": 2000,
    "rescale_to_ref_norm": false
  },
  "results": {
    "elapsed_seconds": 186.0425910949707,
    "noise_multiplier": 0.56640625,
    "confusion_matrix": [
      [
        922,
        11,
        1,
        6,
        4,
        0,
        23,
        2,
        11,
        0
      ],
      [
        0,
        1127,
        0,
        4,
        0,
        0,
        3,
        0,
        0,
        1
      ],
      [
        70,
        110,
        705,
        26,
        17,
        0,
        48,
        18,
        32,
        6
      ],
      [
        33,
        104,
        22,
        803,
        1,
        0,
        8,
        16,
        15,
        8
      ],
      [
        1,
        63,
        1,
        0,
        770,
        0,
        34,
        7,
        0,
        106
      ],
      [
        135,
        183,
        4,
        201,
        42,
        246,
        38,
        30,
        11,
        2
      ],
      [
        42,
        71,
        4,
        0,
        19,
        7,
        811,
        0,
        4,
        0
      ],
      [
        3,
        140,
        12,
        0,
        16,
        0,
        3,
        816,
        7,
        31
      ],
      [
        70,
        205,
        18,
        81,
        23,
        4,
        50,
        44,
        468,
        11
      ],
      [
        23,
        89,
        1,
        9,
        243,
        0,
        10,
        165,
        6,
        463
      ]
    ],
    "per_class_scores": {
      "0": {
        "precision": 0.7098,
        "recall": 0.9408,
        "f1": 0.8091
      },
      "1": {
        "precision": 0.5359,
        "recall": 0.993,
        "f1": 0.6961
      },
      "2": {
        "precision": 0.918,
        "recall": 0.6831,
        "f1": 0.7833
      },
      "3": {
        "precision": 0.7106,
        "recall": 0.795,
        "f1": 0.7505
      },
      "4": {
        "precision": 0.6784,
        "recall": 0.7841,
        "f1": 0.7274
      },
      "5": {
        "precision": 0.9572,
        "recall": 0.2758,
        "f1": 0.4282
      },
      "6": {
        "precision": 0.7889,
        "recall": 0.8466,
        "f1": 0.8167
      },
      "7": {
        "precision": 0.7432,
        "recall": 0.7938,
        "f1": 0.7676
      },
      "8": {
        "precision": 0.8448,
        "recall": 0.4805,
        "f1": 0.6126
      },
      "9": {
        "precision": 0.7373,
        "recall": 0.4589,
        "f1": 0.5657
      }
    },
    "per_round": [
      {
        "round": 1,
        "loss": 2.2539591073228147,
        "accuracy": 0.2764,
        "epsilon": 3.8564623105695257
      },
      {
        "round": 2,
        "loss": 2.1668885013165946,
        "accuracy": 0.323,
        "epsilon": 4.2338277193122105
      },
      {
        "round": 3,
        "loss": 1.9933577322731382,
        "accuracy": 0.6015,
        "epsilon": 4.527969567381442
      },
      {
        "round": 4,
        "loss": 1.710673724500516,
        "accuracy": 0.7025,
        "epsilon": 4.781428502519012
      },
      {
        "round": 5,
        "loss": 1.3693459098712326,
        "accuracy": 0.7131,
        "epsilon": 4.999347363133417
      }
    ]
  }
}