{
  "config": {
    "config_id": 2,
    "num_clients": 5,
    "num_rounds": 5,
    "num_byzantine": 1,
    "use_dp": true,
    "epsilon": 1.0,
    "delta": 1e-05,
    "use_fltrust": false,
    "use_topk": false,
    "topk_ratio": 0.1,
    "root_dataset_size": 2000,
    "rescale_to_ref_norm": false
  },
  "results": {
    "elapsed_seconds": 196.2821958065033,
    "noise_multiplier": 0.986328125,
    "confusion_matrix": [
      [
        946,
        0,
        1,
        1,
        1,
        0,
        12,
        13,
        6,
        0
      ],
      [
        0,
        622,
        1,
        4,
        0,
        0,
        5,
        503,
        0,
        0
      ],
      [
        87,
        1,
        590,
        168,
        24,
        0,
        36,
        112,
        14,
        0
      ],
      [
        47,
        0,
        17,
        766,
        0,
        0,
        13,
        118,
        48,
        1
      ],
      [
        10,
        0,
        1,
        0,
        585,
        0,
        13,
        320,
        2,
        51
      ],
      [
        216,
        2,
        1,
        242,
        29,
        34,
        52,
        202,
        110,
        4
      ],
      [
        179,
        10,
        20,
        8,
        12,
        0,
        674,
        49,
        6,
        0
      ],
      [
        10,
        0,
        8,
        0,
        12,
        0,
        0,
        977,
        2,
        19
      ],
      [
        76,
        0,
        14,
        107,
        8,
        0,
        17,
        289,
        461,
        2
      ],
      [
        26,
        0,
        10,
        5,
        102,
        0,
        1,
        522,
        9,
        334
      ]
    ],
    "per_class_scores": {
      "0": {
        "precision": 0.5924,
        "recall": 0.9653,
        "f1": 0.7342
      },
      "1": {
        "precision": 0.9795,
        "recall": 0.548,
        "f1": 0.7028
      },
      "2": {
        "precision": 0.8899,
        "recall": 0.5717,
        "f1": 0.6962
      },
      "3": {
        "precision": 0.5888,
        "recall": 0.7584,
        "f1": 0.6629
      },
      "4": {
        "precision": 0.7568,
        "recall": 0.5957,
        "f1": 0.6667
      },
      "5": {
        "precision": 1.0,
        "recall": 0.0381,
        "f1": 0.0734
      },
      "6": {
        "precision": 0.819,
        "recall": 0.7035,
        "f1": 0.7569
      },
      "7": {
        "precision": 0.3147,
        "recall": 0.9504,
        "f1": 0.4728
      },
      "8": {
        "precision": 0.7006,
        "recall": 0.4733,
        "f1": 0.565
      },
      "9": {
        "precision": 0.8127,
        "recall": 0.331,
        "f1": 0.4704
      }
    },
    "per_round": [
      {
        "round": 1,
        "loss": 2.2662363181860683,
        "accuracy": 0.1197,
        "epsilon": 0.858460537381761
      },
      {
        "round": 2,
        "loss": 2.19933357330176,
        "accuracy": 0.2969,
        "epsilon": 0.8915165133494769
      },
      {
        "round": 3,
        "loss": 2.083326195375607,
        "accuracy": 0.3882,
        "epsilon": 0.9245724893171927
      },
      {
        "round": 4,
        "loss": 1.8958931742384795,
        "accuracy": 0.445,
        "epsilon": 0.9576284652849087
      },
      {
        "round": 5,
        "loss": 1.6449523551014664,
        "accuracy": 0.5989,
        "epsilon": 0.9900027595213688
      }
    ]
  }
}