{
  "config": {
    "config_id": 2,
    "num_clients": 15,
    "num_rounds": 12,
    "num_byzantine": 3,
    "use_dp": true,
    "epsilon": 1.0,
    "delta": 1e-05,
    "use_fltrust": false,
    "use_topk": false,
    "topk_ratio": 0.1,
    "root_dataset_size": 600,
    "rescale_to_ref_norm": false
  },
  "results": {
    "elapsed_seconds": 309.20082426071167,
    "noise_multiplier": 1.484375,
    "confusion_matrix": [
      [
        912,
        10,
        46,
        1,
        1,
        0,
        6,
        2,
        2,
        0
      ],
      [
        0,
        1122,
        11,
        2,
        0,
        0,
        0,
        0,
        0,
        0
      ],
      [
        49,
        96,
        866,
        4,
        7,
        0,
        0,
        9,
        1,
        0
      ],
      [
        97,
        136,
        287,
        386,
        2,
        1,
        6,
        38,
        57,
        0
      ],
      [
        16,
        169,
        115,
        0,
        636,
        0,
        27,
        10,
        9,
        0
      ],
      [
        210,
        173,
        211,
        88,
        49,
        69,
        3,
        31,
        56,
        2
      ],
      [
        40,
        84,
        213,
        0,
        5,
        0,
        616,
        0,
        0,
        0
      ],
      [
        12,
        288,
        39,
        1,
        18,
        0,
        0,
        654,
        7,
        9
      ],
      [
        87,
        152,
        224,
        12,
        26,
        0,
        4,
        26,
        443,
        0
      ],
      [
        31,
        196,
        73,
        5,
        371,
        0,
        1,
        207,
        28,
        97
      ]
    ],
    "per_class_scores": {
      "0": {
        "precision": 0.6272,
        "recall": 0.9306,
        "f1": 0.7494
      },
      "1": {
        "precision": 0.4625,
        "recall": 0.9885,
        "f1": 0.6302
      },
      "2": {
        "precision": 0.4153,
        "recall": 0.8391,
        "f1": 0.5557
      },
      "3": {
        "precision": 0.7735,
        "recall": 0.3822,
        "f1": 0.5116
      },
      "4": {
        "precision": 0.5704,
        "recall": 0.6477,
        "f1": 0.6066
      },
      "5": {
        "precision": 0.9857,
        "recall": 0.0774,
        "f1": 0.1435
      },
      "6": {
        "precision": 0.9291,
        "recall": 0.643,
        "f1": 0.76
      },
      "7": {
        "precision": 0.6694,
        "recall": 0.6362,
        "f1": 0.6524
      },
      "8": {
        "precision": 0.7347,
        "recall": 0.4548,
        "f1": 0.5618
      },
      "9": {
        "precision": 0.8981,
        "recall": 0.0961,
        "f1": 0.1737
      }
    },
    "per_round": [
      {
        "round": 1,
        "loss": 2.28430245402522,
        "accuracy": 0.1777,
        "epsilon": 0.4491259143909839,
        "trust_scores": {}
      },
      {
        "round": 2,
        "loss": 2.2698031271608494,
        "accuracy": 0.1508,
        "epsilon": 0.501271797305506,
        "trust_scores": {}
      },
      {
        "round": 3,
        "loss": 2.253200246884038,
        "accuracy": 0.1459,
        "epsilon": 0.5534176802200279,
        "trust_scores": {}
      },
      {
        "round": 4,
        "loss": 2.2349386710328414,
        "accuracy": 0.2441,
        "epsilon": 0.60556356313455,
        "trust_scores": {}
      },
      {
        "round": 5,
        "loss": 2.2138130017362845,
        "accuracy": 0.2727,
        "epsilon": 0.657709446049072,
        "trust_scores": {}
      },
      {
        "round": 6,
        "loss": 2.188232314472381,
        "accuracy": 0.3199,
        "epsilon": 0.709855328963594,
        "trust_scores": {}
      },
      {
        "round": 7,
        "loss": 2.158309952519572,
        "accuracy": 0.3521,
        "epsilon": 0.7620012118781158,
        "trust_scores": {}
      },
      {
        "round": 8,
        "loss": 2.123268722345273,
        "accuracy": 0.4149,
        "epsilon": 0.8124938187916655,
        "trust_scores": {}
      },
      {
        "round": 9,
        "loss": 2.0839970363214757,
        "accuracy": 0.4571,
        "epsilon": 0.861310570425771,
        "trust_scores": {}
      },
      {
        "round": 10,
        "loss": 2.039111395232594,
        "accuracy": 0.509,
        "epsilon": 0.9092362161954402,
        "trust_scores": {}
      },
      {
        "round": 11,
        "loss": 1.9874427509003174,
        "accuracy": 0.5414,
        "epsilon": 0.9551547750397197,
        "trust_scores": {}
      },
      {
        "round": 12,
        "loss": 1.9336412779439371,
        "accuracy": 0.5801,
        "epsilon": 0.9987586063236098,
        "trust_scores": {}
      }
    ]
  }
}