{
  "config": {
    "config_id": 8,
    "num_clients": 15,
    "num_rounds": 12,
    "num_byzantine": 3,
    "use_dp": true,
    "epsilon": 5.0,
    "delta": 1e-05,
    "use_fltrust": true,
    "use_topk": true,
    "topk_ratio": 0.1,
    "root_dataset_size": 600,
    "rescale_to_ref_norm": false
  },
  "results": {
    "elapsed_seconds": 313.60226678848267,
    "noise_multiplier": 0.7086181640625,
    "confusion_matrix": [
      [
        404,
        0,
        576,
        0,
        0,
        0,
        0,
        0,
        0,
        0
      ],
      [
        0,
        1006,
        129,
        0,
        0,
        0,
        0,
        0,
        0,
        0
      ],
      [
        1,
        2,
        1027,
        0,
        0,
        0,
        0,
        2,
        0,
        0
      ],
      [
        2,
        14,
        979,
        0,
        0,
        0,
        0,
        13,
        2,
        0
      ],
      [
        0,
        29,
        936,
        0,
        2,
        0,
        0,
        14,
        1,
        0
      ],
      [
        9,
        21,
        836,
        0,
        0,
        0,
        0,
        22,
        4,
        0
      ],
      [
        0,
        5,
        953,
        0,
        0,
        0,
        0,
        0,
        0,
        0
      ],
      [
        0,
        77,
        293,
        0,
        0,
        0,
        0,
        658,
        0,
        0
      ],
      [
        8,
        9,
        901,
        0,
        0,
        0,
        0,
        9,
        47,
        0
      ],
      [
        3,
        36,
        729,
        0,
        0,
        0,
        0,
        223,
        18,
        0
      ]
    ],
    "per_class_scores": {
      "0": {
        "precision": 0.9461,
        "recall": 0.4122,
        "f1": 0.5743
      },
      "1": {
        "precision": 0.839,
        "recall": 0.8863,
        "f1": 0.862
      },
      "2": {
        "precision": 0.1396,
        "recall": 0.9952,
        "f1": 0.2448
      },
      "3": {
        "precision": 0.0,
        "recall": 0.0,
        "f1": 0.0
      },
      "4": {
        "precision": 1.0,
        "recall": 0.002,
        "f1": 0.0041
      },
      "5": {
        "precision": 0.0,
        "recall": 0.0,
        "f1": 0.0
      },
      "6": {
        "precision": 0.0,
        "recall": 0.0,
        "f1": 0.0
      },
      "7": {
        "precision": 0.6993,
        "recall": 0.6401,
        "f1": 0.6684
      },
      "8": {
        "precision": 0.6528,
        "recall": 0.0483,
        "f1": 0.0899
      },
      "9": {
        "precision": 0.0,
        "recall": 0.0,
        "f1": 0.0
      }
    },
    "per_round": [
      {
        "round": 1,
        "loss": 2.293106202500316,
        "accuracy": 0.1252,
        "epsilon": 2.82708634320505,
        "trust_scores": {
          "8511469510765952513": 0.0469,
          "1644290771414433144": 0.0584,
          "9215874173390423968": 0.0493,
          "14785144711920071473": 0.0477,
          "4512672607084362912": 0.0448,
          "17039422500028974312": 0.0526,
          "10988783375175756943": 0.0535,
          "5413196885127176628": 0.0413,
          "10238448413449999866": 0.0489,
          "16899590018101293871": 0.0675,
          "8558854410681539329": 0.0489,
          "2181158076585233885": 0.0488,
          "8574409247194021588": 0.0527,
          "10816604051809646111": 0.0501,
          "3239042662874419727": 0.0527
        }
      },
      {
        "round": 2,
        "loss": 2.2848085123129165,
        "accuracy": 0.1849,
        "epsilon": 3.147392923456329,
        "trust_scores": {
          "8511469510765952513": 0.0434,
          "1644290771414433144": 0.0493,
          "9215874173390423968": 0.0466,
          "14785144711920071473": 0.0467,
          "4512672607084362912": 0.0362,
          "17039422500028974312": 0.0386,
          "10988783375175756943": 0.0419,
          "5413196885127176628": 0.0477,
          "10238448413449999866": 0.0508,
          "16899590018101293871": 0.0527,
          "8558854410681539329": 0.0542,
          "2181158076585233885": 0.0434,
          "8574409247194021588": 0.0519,
          "10816604051809646111": 0.0528,
          "3239042662874419727": 0.0491
        }
      },
      {
        "round": 3,
        "loss": 2.277468052154151,
        "accuracy": 0.1845,
        "epsilon": 3.4020994232272677,
        "trust_scores": {
          "8511469510765952513": 0.037,
          "1644290771414433144": 0.0492,
          "9215874173390423968": 0.044,
          "14785144711920071473": 0.0415,
          "4512672607084362912": 0.0367,
          "17039422500028974312": 0.0419,
          "10988783375175756943": 0.0422,
          "5413196885127176628": 0.0402,
          "10238448413449999866": 0.0543,
          "16899590018101293871": 0.0477,
          "8558854410681539329": 0.0503,
          "2181158076585233885": 0.0481,
          "8574409247194021588": 0.0554,
          "10816604051809646111": 0.042,
          "3239042662874419727": 0.049
        }
      },
      {
        "round": 4,
        "loss": 2.270476078453917,
        "accuracy": 0.179,
        "epsilon": 3.626115828275045,
        "trust_scores": {
          "8511469510765952513": 0.0318,
          "1644290771414433144": 0.0441,
          "9215874173390423968": 0.0456,
          "14785144711920071473": 0.0487,
          "4512672607084362912": 0.0351,
          "17039422500028974312": 0.045,
          "10988783375175756943": 0.0436,
          "5413196885127176628": 0.0376,
          "10238448413449999866": 0.0469,
          "16899590018101293871": 0.0543,
          "8558854410681539329": 0.0429,
          "2181158076585233885": 0.0468,
          "8574409247194021588": 0.0441,
          "10816604051809646111": 0.0437,
          "3239042662874419727": 0.0423
        }
      },
      {
        "round": 5,
        "loss": 2.263065722803719,
        "accuracy": 0.1685,
        "epsilon": 3.8314708960090167,
        "trust_scores": {
          "8511469510765952513": 0.0378,
          "1644290771414433144": 0.0449,
          "9215874173390423968": 0.0485,
          "14785144711920071473": 0.0449,
          "4512672607084362912": 0.0354,
          "17039422500028974312": 0.0394,
          "10988783375175756943": 0.0472,
          "5413196885127176628": 0.0432,
          "10238448413449999866": 0.0454,
          "16899590018101293871": 0.0414,
          "8558854410681539329": 0.0492,
          "2181158076585233885": 0.0479,
          "8574409247194021588": 0.0376,
          "10816604051809646111": 0.0502,
          "3239042662874419727": 0.047
        }
      },
      {
        "round": 6,
        "loss": 2.2550018420234657,
        "accuracy": 0.1816,
        "epsilon": 4.022286759577492,
        "trust_scores": {
          "8511469510765952513": 0.0314,
          "1644290771414433144": 0.0486,
          "9215874173390423968": 0.042,
          "14785144711920071473": 0.0398,
          "4512672607084362912": 0.0366,
          "17039422500028974312": 0.0439,
          "10988783375175756943": 0.0488,
          "5413196885127176628": 0.038,
          "10238448413449999866": 0.0512,
          "16899590018101293871": 0.0465,
          "8558854410681539329": 0.0493,
          "2181158076585233885": 0.045,
          "8574409247194021588": 0.0482,
          "10816604051809646111": 0.0455,
          "3239042662874419727": 0.0499
        }
      },
      {
        "round": 7,
        "loss": 2.246612059041715,
        "accuracy": 0.1947,
        "epsilon": 4.200177163561311,
        "trust_scores": {
          "8511469510765952513": 0.0369,
          "1644290771414433144": 0.0506,
          "9215874173390423968": 0.0478,
          "14785144711920071473": 0.0499,
          "4512672607084362912": 0.0345,
          "17039422500028974312": 0.0434,
          "10988783375175756943": 0.0523,
          "5413196885127176628": 0.0402,