{
  "config": {
    "config_id": 5,
    "num_clients": 15,
    "num_rounds": 12,
    "num_byzantine": 3,
    "use_dp": true,
    "epsilon": 5.0,
    "delta": 1e-05,
    "use_fltrust": true,
    "use_topk": false,
    "topk_ratio": 0.1,
    "root_dataset_size": 600,
    "rescale_to_ref_norm": false
  },
  "results": {
    "elapsed_seconds": 319.20288348197937,
    "noise_multiplier": 0.7086181640625,
    "confusion_matrix": [
      [
        899,
        10,
        61,
        1,
        1,
        0,
        4,
        2,
        2,
        0
      ],
      [
        0,
        1123,
        10,
        2,
        0,
        0,
        0,
        0,
        0,
        0
      ],
      [
        47,
        85,
        875,
        3,
        9,
        0,
        0,
        12,
        1,
        0
      ],
      [
        86,
        120,
        294,
        412,
        3,
        0,
        2,
        43,
        50,
        0
      ],
      [
        15,
        158,
        106,
        0,
        654,
        0,
        27,
        12,
        10,
        0
      ],
      [
        198,
        165,
        234,
        93,
        49,
        44,
        2,
        45,
        60,
        2
      ],
      [
        45,
        80,
        245,
        0,
        6,
        0,
        582,
        0,
        0,
        0
      ],
      [
        9,
        245,
        40,
        1,
        14,
        0,
        0,
        708,
        6,
        5
      ],
      [
        85,
        139,
        226,
        16,
        24,
        0,
        4,
        29,
        451,
        0
      ],
      [
        30,
        166,
        71,
        5,
        359,
        0,
        1,
        251,
        29,
        97
      ]
    ],
    "per_class_scores": {
      "0": {
        "precision": 0.6358,
        "recall": 0.9173,
        "f1": 0.751
      },
      "1": {
        "precision": 0.4902,
        "recall": 0.9894,
        "f1": 0.6556
      },
      "2": {
        "precision": 0.4047,
        "recall": 0.8479,
        "f1": 0.5479
      },
      "3": {
        "precision": 0.773,
        "recall": 0.4079,
        "f1": 0.534
      },
      "4": {
        "precision": 0.5845,
        "recall": 0.666,
        "f1": 0.6226
      },
      "5": {
        "precision": 1.0,
        "recall": 0.0493,
        "f1": 0.094
      },
      "6": {
        "precision": 0.9357,
        "recall": 0.6075,
        "f1": 0.7367
      },
      "7": {
        "precision": 0.6425,
        "recall": 0.6887,
        "f1": 0.6648
      },
      "8": {
        "precision": 0.7406,
        "recall": 0.463,
        "f1": 0.5698
      },
      "9": {
        "precision": 0.9327,
        "recall": 0.0961,
        "f1": 0.1743
      }
    },
    "per_round": [
      {
        "round": 1,
        "loss": 2.2836163188702763,
        "accuracy": 0.1781,
        "epsilon": 2.82708634320505,
        "trust_scores": {
          "10169449194614304584": 0.0695,
          "10092668096165889701": 0.0658,
          "4299799976947692472": 0.0712,
          "11249100416612140600": 0.0643,
          "12773686994998928147": 0.0724,
          "4077037484834140761": 0.0803,
          "4411314037924925632": 0.0731,
          "16368835305442882011": 0.0727,
          "10782633821572405763": 0.0688,
          "15118465550016518169": 0.0737,
          "7206334952335987486": 0.0651,
          "3165145079902333254": 0.0736,
          "6304916310506148416": 0.0782,
          "10422302251530006349": 0.0875,
          "7225331544065358093": 0.0793
        }
      },
      {
        "round": 2,
        "loss": 2.2687250486197184,
        "accuracy": 0.1512,
        "epsilon": 3.147392923456329,
        "trust_scores": {
          "10169449194614304584": 0.0596,
          "10092668096165889701": 0.057,
          "4299799976947692472": 0.0725,
          "11249100416612140600": 0.0561,
          "12773686994998928147": 0.0651,
          "4077037484834140761": 0.0705,
          "4411314037924925632": 0.0609,
          "16368835305442882011": 0.0655,
          "10782633821572405763": 0.0549,
          "15118465550016518169": 0.0662,
          "7206334952335987486": 0.0487,
          "3165145079902333254": 0.0736,
          "6304916310506148416": 0.0738,
          "10422302251530006349": 0.0633,
          "7225331544065358093": 0.0704
        }
      },
      {
        "round": 3,
        "loss": 2.2522474066517986,
        "accuracy": 0.1572,
        "epsilon": 3.4020994232272677,
        "trust_scores": {
          "10169449194614304584": 0.0677,
          "10092668096165889701": 0.0544,
          "4299799976947692472": 0.0629,
          "11249100416612140600": 0.049,
          "12773686994998928147": 0.0716,
          "4077037484834140761": 0.0645,
          "4411314037924925632": 0.0648,
          "16368835305442882011": 0.0643,
          "10782633821572405763": 0.0567,
          "15118465550016518169": 0.0659,
          "7206334952335987486": 0.0468,
          "3165145079902333254": 0.067,
          "6304916310506148416": 0.0748,
          "10422302251530006349": 0.0665,
          "7225331544065358093": 0.0698
        }
      },
      {
        "round": 4,
        "loss": 2.2326357258013645,
        "accuracy": 0.2364,
        "epsilon": 3.626115828275045,
        "trust_scores": {
          "10169449194614304584": 0.0728,
          "10092668096165889701": 0.0487,
          "4299799976947692472": 0.0716,
          "11249100416612140600": 0.0486,
          "12773686994998928147": 0.0699,
          "4077037484834140761": 0.0719,
          "4411314037924925632": 0.0712,
          "16368835305442882011": 0.0687,
          "10782633821572405763": 0.0641,
          "15118465550016518169": 0.0739,
          "7206334952335987486": 0.057,
          "3165145079902333254": 0.0638,
          "6304916310506148416": 0.0688,
          "10422302251530006349": 0.0705,
          "7225331544065358093": 0.0673
        }
      },
      {
        "round": 5,
        "loss": 2.2104911865136874,
        "accuracy": 0.2701,
        "epsilon": 3.8314708960090167,
        "trust_scores": {
          "10169449194614304584": 0.0734,
          "10092668096165889701": 0.054,
          "4299799976947692472": 0.0725,
          "11249100416612140600": 0.0623,
          "12773686994998928147": 0.0658,
          "4077037484834140761": 0.0746,
          "4411314037924925632": 0.0754,
          "16368835305442882011": 0.076,
          "10782633821572405763": 0.0663,
          "15118465550016518169": 0.072,
          "7206334952335987486": 0.0572,
          "3165145079902333254": 0.0735,
          "6304916310506148416": 0.0757,
          "10422302251530006349": 0.0697,
          "7225331544065358093": 0.0765
        }
      },
      {
        "round": 6,
        "loss": 2.1838984877918475,
        "accuracy": 0.3243,
        "epsilon": 4.022286759577492,
        "trust_scores": {
          "10169449194614304584": 0.0755,
          "10092668096165889701": 0.0538,
          "4299799976947692472": 0.0752,
          "11249100416612140600": 0.0605,
          "12773686994998928147": 0.0742,
          "4077037484834140761": 0.0748,
          "4411314037924925632": 0.0775,
          "16368835305442882011": 0.0763,
          "10782633821572405763": 0.0722,
          "15118465550016518169": 0.0683,
          "7206334952335987486": 0.0643,
          "3165145079902333254": 0.0813,
          "6304916310506148416": 0.0785,
          "10422302251530006349": 0.0741,
          "7225331544065358093": 0.079
        }
      },
      {
        "round": 7,
        "loss": 2.153022487323505,
        "accuracy": 0.3575,
        "epsilon": 4.200177163561311,
        "trust_scores": {
          "10169449194614304584": 0.0785,
          "10092668096165889701": 0.0648,
          "4299799976947692472": 0.075,
          "11249100416612140600": 0.0631,
          "12773686994998928147": 0.0808,
          "4077037484834140761": 0.085,