{
  "config": {
    "config_id": 5,
    "num_clients": 15,
    "num_rounds": 12,
    "num_byzantine": 3,
    "use_dp": true,
    "epsilon": 10.0,
    "delta": 1e-05,
    "use_fltrust": true,
    "use_topk": false,
    "topk_ratio": 0.1,
    "root_dataset_size": 600,
    "rescale_to_ref_norm": false
  },
  "results": {
    "elapsed_seconds": 323.25418043136597,
    "noise_multiplier": 0.5682373046875,
    "confusion_matrix": [
      [
        905,
        10,
        55,
        0,
        1,
        0,
        5,
        2,
        2,
        0
      ],
      [
        0,
        1123,
        10,
        2,
        0,
        0,
        0,
        0,
        0,
        0
      ],
      [
        48,
        84,
        874,
        3,
        9,
        0,
        0,
        13,
        1,
        0
      ],
      [
        91,
        118,
        293,
        406,
        3,
        1,
        2,
        51,
        45,
        0
      ],
      [
        15,
        154,
        105,
        0,
        655,
        0,
        29,
        14,
        10,
        0
      ],
      [
        200,
        164,
        232,
        93,
        44,
        50,
        2,
        49,
        56,
        2
      ],
      [
        47,
        79,
        239,
        0,
        7,
        0,
        586,
        0,
        0,
        0
      ],
      [
        9,
        238,
        41,
        1,
        12,
        0,
        0,
        717,
        7,
        3
      ],
      [
        87,
        136,
        228,
        12,
        25,
        0,
        4,
        34,
        448,
        0
      ],
      [
        33,
        165,
        70,
        5,
        361,
        0,
        1,
        266,
        30,
        78
      ]
    ],
    "per_class_scores": {
      "0": {
        "precision": 0.6307,
        "recall": 0.9235,
        "f1": 0.7495
      },
      "1": {
        "precision": 0.4945,
        "recall": 0.9894,
        "f1": 0.6594
      },
      "2": {
        "precision": 0.4071,
        "recall": 0.8469,
        "f1": 0.5499
      },
      "3": {
        "precision": 0.7778,
        "recall": 0.402,
        "f1": 0.53
      },
      "4": {
        "precision": 0.5864,
        "recall": 0.667,
        "f1": 0.6241
      },
      "5": {
        "precision": 0.9804,
        "recall": 0.0561,
        "f1": 0.106
      },
      "6": {
        "precision": 0.9316,
        "recall": 0.6117,
        "f1": 0.7385
      },
      "7": {
        "precision": 0.6257,
        "recall": 0.6975,
        "f1": 0.6596
      },
      "8": {
        "precision": 0.7479,
        "recall": 0.46,
        "f1": 0.5696
      },
      "9": {
        "precision": 0.9398,
        "recall": 0.0773,
        "f1": 0.1429
      }
    },
    "per_round": [
      {
        "round": 1,
        "loss": 2.283485685293667,
        "accuracy": 0.1797,
        "epsilon": 5.258096331621245,
        "trust_scores": {
          "11716738771392967985": 0.0813,
          "12891219786268063596": 0.0904,
          "14198861499847157142": 0.0897,
          "9357127827341786237": 0.0927,
          "14756863133684226065": 0.0909,
          "17183055927740737797": 0.0987,
          "2027789501419137102": 0.097,
          "13909849517060282191": 0.0997,
          "8097947153615307516": 0.0794,
          "2063050444811294536": 0.0875,
          "10294280842434499196": 0.1099,
          "16926754806858327942": 0.0917,
          "7045560980644709393": 0.0858,
          "15178999170389421862": 0.0888,
          "3806144371029452149": 0.081
        }
      },
      {
        "round": 2,
        "loss": 2.2686263448514117,
        "accuracy": 0.1513,
        "epsilon": 6.007846217697197,
        "trust_scores": {
          "11716738771392967985": 0.0598,
          "12891219786268063596": 0.0805,
          "14198861499847157142": 0.0754,
          "9357127827341786237": 0.0814,
          "14756863133684226065": 0.0798,
          "17183055927740737797": 0.0875,
          "2027789501419137102": 0.0914,
          "13909849517060282191": 0.0873,
          "8097947153615307516": 0.069,
          "2063050444811294536": 0.0736,
          "10294280842434499196": 0.0779,
          "16926754806858327942": 0.0901,
          "7045560980644709393": 0.0674,
          "15178999170389421862": 0.0891,
          "3806144371029452149": 0.0702
        }
      },
      {
        "round": 3,
        "loss": 2.252204060173644,
        "accuracy": 0.1579,
        "epsilon": 6.587152442726105,
        "trust_scores": {
          "11716738771392967985": 0.0591,
          "12891219786268063596": 0.08,
          "14198861499847157142": 0.0805,
          "9357127827341786237": 0.0826,
          "14756863133684226065": 0.0873,
          "17183055927740737797": 0.0867,
          "2027789501419137102": 0.0912,
          "13909849517060282191": 0.0806,
          "8097947153615307516": 0.0618,
          "2063050444811294536": 0.084,
          "10294280842434499196": 0.0828,
          "16926754806858327942": 0.0831,
          "7045560980644709393": 0.0715,
          "15178999170389421862": 0.0782,
          "3806144371029452149": 0.0679
        }
      },
      {
        "round": 4,
        "loss": 2.2325643365756394,
        "accuracy": 0.2349,
        "epsilon": 7.090802079526081,
        "trust_scores": {
          "11716738771392967985": 0.0714,
          "12891219786268063596": 0.0852,
          "14198861499847157142": 0.0873,
          "9357127827341786237": 0.0908,
          "14756863133684226065": 0.0876,
          "17183055927740737797": 0.0846,
          "2027789501419137102": 0.0861,
          "13909849517060282191": 0.0895,
          "8097947153615307516": 0.0616,
          "2063050444811294536": 0.0905,
          "10294280842434499196": 0.0873,
          "16926754806858327942": 0.081,
          "7045560980644709393": 0.0803,
          "15178999170389421862": 0.089,
          "3806144371029452149": 0.0613
        }
      },
      {
        "round": 5,
        "loss": 2.2104339058787676,
        "accuracy": 0.2692,
        "epsilon": 7.525381621866999,
        "trust_scores": {
          "11716738771392967985": 0.0716,
          "12891219786268063596": 0.0944,
          "14198861499847157142": 0.0933,
          "9357127827341786237": 0.0906,
          "14756863133684226065": 0.0832,
          "17183055927740737797": 0.094,
          "2027789501419137102": 0.0942,
          "13909849517060282191": 0.0926,
          "8097947153615307516": 0.0761,
          "2063050444811294536": 0.0918,
          "10294280842434499196": 0.0881,
          "16926754806858327942": 0.0916,
          "7045560980644709393": 0.0833,
          "15178999170389421862": 0.0895,
          "3806144371029452149": 0.0673
        }
      },
      {
        "round": 6,
        "loss": 2.1837880261028157,
        "accuracy": 0.3243,
        "epsilon": 7.9485969878444225,
        "trust_scores": {
          "11716738771392967985": 0.0793,
          "12891219786268063596": 0.095,
          "14198861499847157142": 0.0964,
          "9357127827341786237": 0.0871,
          "14756863133684226065": 0.0922,
          "17183055927740737797": 0.098,
          "2027789501419137102": 0.0981,
          "13909849517060282191": 0.0941,
          "8097947153615307516": 0.0756,
          "2063050444811294536": 0.0928,
          "10294280842434499196": 0.0926,
          "16926754806858327942": 0.1001,
          "7045560980644709393": 0.0899,
          "15178999170389421862": 0.0942,
          "3806144371029452149": 0.0676
        }
      },
      {
        "round": 7,
        "loss": 2.1529204350310014,
        "accuracy": 0.3587,
        "epsilon": 8.319126514774556,
        "trust_scores": {
          "11716738771392967985": 0.0768,
          "12891219786268063596": 0.098,
          "14198861499847157142": 0.1092,
          "9357127827341786237": 0.1017,
          "14756863133684226065": 0.1007,
          "17183055927740737797": 0.1019,