{
  "config": {
    "config_id": 8,
    "num_clients": 15,
    "num_rounds": 12,
    "num_byzantine": 3,
    "use_dp": true,
    "epsilon": 1.0,
    "delta": 1e-05,
    "use_fltrust": true,
    "use_topk": true,
    "topk_ratio": 0.01,
    "root_dataset_size": 600,
    "rescale_to_ref_norm": false
  },
  "results": {
    "elapsed_seconds": 309.3577356338501,
    "noise_multiplier": 1.484375,
    "confusion_matrix": [
      [
        0,
        0,
        918,
        0,
        0,
        0,
        0,
        50,
        12,
        0
      ],
      [
        0,
        6,
        11,
        0,
        0,
        0,
        0,
        1117,
        1,
        0
      ],
      [
        0,
        0,
        846,
        1,
        0,
        0,
        0,
        185,
        0,
        0
      ],
      [
        0,
        0,
        669,
        12,
        0,
        0,
        0,
        276,
        53,
        0
      ],
      [
        0,
        0,
        312,
        0,
        0,
        0,
        0,
        669,
        1,
        0
      ],
      [
        0,
        1,
        511,
        17,
        0,
        0,
        0,
        332,
        31,
        0
      ],
      [
        0,
        0,
        707,
        0,
        0,
        0,
        0,
        249,
        2,
        0
      ],
      [
        0,
        1,
        43,
        0,
        0,
        0,
        0,
        983,
        1,
        0
      ],
      [
        0,
        0,
        421,
        0,
        0,
        0,
        0,
        481,
        72,
        0
      ],
      [
        0,
        0,
        152,
        0,
        0,
        0,
        0,
        852,
        5,
        0
      ]
    ],
    "per_class_scores": {
      "0": {
        "precision": 0.0,
        "recall": 0.0,
        "f1": 0.0
      },
      "1": {
        "precision": 0.75,
        "recall": 0.0053,
        "f1": 0.0105
      },
      "2": {
        "precision": 0.1843,
        "recall": 0.8198,
        "f1": 0.301
      },
      "3": {
        "precision": 0.4,
        "recall": 0.0119,
        "f1": 0.0231
      },
      "4": {
        "precision": 0.0,
        "recall": 0.0,
        "f1": 0.0
      },
      "5": {
        "precision": 0.0,
        "recall": 0.0,
        "f1": 0.0
      },
      "6": {
        "precision": 0.0,
        "recall": 0.0,
        "f1": 0.0
      },
      "7": {
        "precision": 0.1893,
        "recall": 0.9562,
        "f1": 0.316
      },
      "8": {
        "precision": 0.4045,
        "recall": 0.0739,
        "f1": 0.125
      },
      "9": {
        "precision": 0.0,
        "recall": 0.0,
        "f1": 0.0
      }
    },
    "per_round": [
      {
        "round": 1,
        "loss": 2.3015576612454254,
        "accuracy": 0.1052,
        "epsilon": 0.4491259143909839,
        "trust_scores": {
          "11533835634022170016": 0.0133,
          "17747758802887748897": 0.0167,
          "13079552144254104779": 0.0095,
          "7119873582851164803": 0.0091,
          "2546585772229171220": 0.0061,
          "18400542731520599902": 0.012,
          "12111684832501135250": 0.0163,
          "18260559366690471226": 0.0093,
          "13440526534666904970": 0.0122,
          "18429730701290029139": 0.0053,
          "11549385506683798422": 0.0061,
          "6492198103240151301": 0.0074,
          "7777035112580475284": 0.0067,
          "7514312505084407525": 0.0107,
          "10895557538788325816": 0.0079
        }
      },
      {
        "round": 2,
        "loss": 2.2994356163012717,
        "accuracy": 0.1069,
        "epsilon": 0.501271797305506,
        "trust_scores": {
          "11533835634022170016": 0.0088,
          "17747758802887748897": 0.015,
          "13079552144254104779": 0.0051,
          "7119873582851164803": 0.0122,
          "2546585772229171220": 0.0059,
          "18400542731520599902": 0.0039,
          "12111684832501135250": 0.0102,
          "18260559366690471226": 0.0159,
          "13440526534666904970": 0.0094,
          "18429730701290029139": 0.0078,
          "11549385506683798422": 0.0091,
          "6492198103240151301": 0.0151,
          "7777035112580475284": 0.0043,
          "7514312505084407525": 0.0152,
          "10895557538788325816": 0.003
        }
      },
      {
        "round": 3,
        "loss": 2.297531941447395,
        "accuracy": 0.109,
        "epsilon": 0.5534176802200279,
        "trust_scores": {
          "11533835634022170016": 0.0089,
          "17747758802887748897": 0.0118,
          "13079552144254104779": 0.0098,
          "7119873582851164803": 0.0092,
          "2546585772229171220": 0.0085,
          "18400542731520599902": 0.006,
          "12111684832501135250": 0.0056,
          "18260559366690471226": 0.0112,
          "13440526534666904970": 0.0087,
          "18429730701290029139": 0.0145,
          "11549385506683798422": 0.007,
          "6492198103240151301": 0.0137,
          "7777035112580475284": 0.0019,
          "7514312505084407525": 0.0098,
          "10895557538788325816": 0.013
        }
      },
      {
        "round": 4,
        "loss": 2.2956258504154583,
        "accuracy": 0.1125,
        "epsilon": 0.60556356313455,
        "trust_scores": {
          "11533835634022170016": 0.0083,
          "17747758802887748897": 0.0086,
          "13079552144254104779": 0.0077,
          "7119873582851164803": 0.0103,
          "2546585772229171220": 0.0004,
          "18400542731520599902": 0.0061,
          "12111684832501135250": 0.0061,
          "18260559366690471226": 0.0094,
          "13440526534666904970": 0.0156,
          "18429730701290029139": 0.012,
          "11549385506683798422": 0.014,
          "6492198103240151301": 0.0137,
          "7777035112580475284": 0.0132,
          "7514312505084407525": 0.0122,
          "10895557538788325816": 0.0116
        }
      },
      {
        "round": 5,
        "loss": 2.29374884416501,
        "accuracy": 0.1189,
        "epsilon": 0.657709446049072,
        "trust_scores": {
          "11533835634022170016": 0.0058,
          "17747758802887748897": 0.0128,
          "13079552144254104779": 0.0115,
          "7119873582851164803": 0.0176,
          "2546585772229171220": 0.0067,
          "18400542731520599902": 0.0062,
          "12111684832501135250": 0.0114,
          "18260559366690471226": 0.0126,
          "13440526534666904970": 0.0074,
          "18429730701290029139": 0.011,
          "11549385506683798422": 0.0082,
          "6492198103240151301": 0.0099,
          "7777035112580475284": 0.0112,
          "7514312505084407525": 0.0065,
          "10895557538788325816": 0.0065
        }
      },
      {
        "round": 6,
        "loss": 2.2920398178953714,
        "accuracy": 0.1262,
        "epsilon": 0.709855328963594,
        "trust_scores": {
          "11533835634022170016": 0.0092,
          "17747758802887748897": 0.0092,
          "13079552144254104779": 0.0157,
          "7119873582851164803": 0.0073,
          "2546585772229171220": 0.0095,
          "18400542731520599902": 0.0125,
          "12111684832501135250": 0.011,
          "18260559366690471226": 0.0079,
          "13440526534666904970": 0.0069,
          "18429730701290029139": 0.0126,
          "11549385506683798422": 0.0074,
          "6492198103240151301": 0.0133,
          "7777035112580475284": 0.0068,
          "7514312505084407525": 0.0085,
          "10895557538788325816": 0.0088
        }
      },
      {
        "round": 7,
        "loss": 2.2902190014958,
        "accuracy": 0.1413,
        "epsilon": 0.7620012118781158,
        "trust_scores": {
          "11533835634022170016": 0.0096,
          "17747758802887748897": 0.0106,
          "13079552144254104779": 0.0134,
          "7119873582851164803": 0.0098,
          "2546585772229171220": 0.014,
          "18400542731520599902": 0.0125,
          "12111684832501135250": 0.0103,
          "18260559366690471226": 0.0068,