{
  "config": {
    "config_id": 8,
    "num_clients": 15,
    "num_rounds": 12,
    "num_byzantine": 3,
    "use_dp": true,
    "epsilon": 1.0,
    "delta": 1e-05,
    "use_fltrust": true,
    "use_topk": true,
    "topk_ratio": 0.1,
    "root_dataset_size": 600,
    "rescale_to_ref_norm": false
  },
  "results": {
    "elapsed_seconds": 315.1801257133484,
    "noise_multiplier": 1.484375,
    "confusion_matrix": [
      [
        395,
        0,
        585,
        0,
        0,
        0,
        0,
        0,
        0,
        0
      ],
      [
        0,
        1021,
        114,
        0,
        0,
        0,
        0,
        0,
        0,
        0
      ],
      [
        1,
        2,
        1027,
        0,
        0,
        0,
        0,
        2,
        0,
        0
      ],
      [
        3,
        16,
        953,
        1,
        0,
        0,
        0,
        18,
        19,
        0
      ],
      [
        0,
        40,
        916,
        0,
        4,
        0,
        0,
        19,
        3,
        0
      ],
      [
        10,
        29,
        807,
        1,
        0,
        0,
        0,
        26,
        19,
        0
      ],
      [
        0,
        7,
        951,
        0,
        0,
        0,
        0,
        0,
        0,
        0
      ],
      [
        0,
        91,
        246,
        0,
        1,
        0,
        0,
        686,
        4,
        0
      ],
      [
        10,
        18,
        820,
        0,
        0,
        0,
        0,
        9,
        117,
        0
      ],
      [
        3,
        45,
        649,
        0,
        0,
        0,
        0,
        263,
        49,
        0
      ]
    ],
    "per_class_scores": {
      "0": {
        "precision": 0.936,
        "recall": 0.4031,
        "f1": 0.5635
      },
      "1": {
        "precision": 0.8046,
        "recall": 0.8996,
        "f1": 0.8494
      },
      "2": {
        "precision": 0.1453,
        "recall": 0.9952,
        "f1": 0.2536
      },
      "3": {
        "precision": 0.5,
        "recall": 0.001,
        "f1": 0.002
      },
      "4": {
        "precision": 0.8,
        "recall": 0.0041,
        "f1": 0.0081
      },
      "5": {
        "precision": 0.0,
        "recall": 0.0,
        "f1": 0.0
      },
      "6": {
        "precision": 0.0,
        "recall": 0.0,
        "f1": 0.0
      },
      "7": {
        "precision": 0.6706,
        "recall": 0.6673,
        "f1": 0.6689
      },
      "8": {
        "precision": 0.5545,
        "recall": 0.1201,
        "f1": 0.1975
      },
      "9": {
        "precision": 0.0,
        "recall": 0.0,
        "f1": 0.0
      }
    },
    "per_round": [
      {
        "round": 1,
        "loss": 2.293770083223288,
        "accuracy": 0.1165,
        "epsilon": 0.4491259143909839,
        "trust_scores": {
          "1435157104446762303": 0.0187,
          "538429685751225404": 0.0307,
          "6969432676627047528": 0.0212,
          "16105989215724904718": 0.0228,
          "5683138206446501291": 0.0279,
          "11078748085077598689": 0.0193,
          "6223541433207980677": 0.0246,
          "1753159888020575329": 0.0165,
          "6025537654514344266": 0.0235,
          "6144259387940033173": 0.0188,
          "15473853877052417342": 0.0226,
          "16112062295888226244": 0.0299,
          "4395844459730558251": 0.021,
          "6816989357507184641": 0.0228,
          "17404157783600137840": 0.0226
        }
      },
      {
        "round": 2,
        "loss": 2.285916114386659,
        "accuracy": 0.1814,
        "epsilon": 0.501271797305506,
        "trust_scores": {
          "1435157104446762303": 0.0163,
          "538429685751225404": 0.0238,
          "6969432676627047528": 0.0188,
          "16105989215724904718": 0.0207,
          "5683138206446501291": 0.0194,
          "11078748085077598689": 0.0213,
          "6223541433207980677": 0.0163,
          "1753159888020575329": 0.0204,
          "6025537654514344266": 0.0224,
          "6144259387940033173": 0.022,
          "15473853877052417342": 0.0268,
          "16112062295888226244": 0.0187,
          "4395844459730558251": 0.0174,
          "6816989357507184641": 0.0289,
          "17404157783600137840": 0.0188
        }
      },
      {
        "round": 3,
        "loss": 2.2788968573743924,
        "accuracy": 0.1937,
        "epsilon": 0.5534176802200279,
        "trust_scores": {
          "1435157104446762303": 0.0157,
          "538429685751225404": 0.0212,
          "6969432676627047528": 0.0225,
          "16105989215724904718": 0.0216,
          "5683138206446501291": 0.0223,
          "11078748085077598689": 0.0179,
          "6223541433207980677": 0.0194,
          "1753159888020575329": 0.0171,
          "6025537654514344266": 0.0278,
          "6144259387940033173": 0.0263,
          "15473853877052417342": 0.018,
          "16112062295888226244": 0.0194,
          "4395844459730558251": 0.0148,
          "6816989357507184641": 0.0215,
          "17404157783600137840": 0.0192
        }
      },
      {
        "round": 4,
        "loss": 2.2717514578907636,
        "accuracy": 0.1933,
        "epsilon": 0.60556356313455,
        "trust_scores": {
          "1435157104446762303": 0.0138,
          "538429685751225404": 0.0288,
          "6969432676627047528": 0.0217,
          "16105989215724904718": 0.0134,
          "5683138206446501291": 0.0218,
          "11078748085077598689": 0.0187,
          "6223541433207980677": 0.0223,
          "1753159888020575329": 0.0242,
          "6025537654514344266": 0.0209,
          "6144259387940033173": 0.0223,
          "15473853877052417342": 0.019,
          "16112062295888226244": 0.0208,
          "4395844459730558251": 0.0135,
          "6816989357507184641": 0.0207,
          "17404157783600137840": 0.0221
        }
      },
      {
        "round": 5,
        "loss": 2.2643194861305407,
        "accuracy": 0.181,
        "epsilon": 0.657709446049072,
        "trust_scores": {
          "1435157104446762303": 0.0138,
          "538429685751225404": 0.017,
          "6969432676627047528": 0.0226,
          "16105989215724904718": 0.0235,
          "5683138206446501291": 0.0209,
          "11078748085077598689": 0.0213,
          "6223541433207980677": 0.0172,
          "1753159888020575329": 0.0213,
          "6025537654514344266": 0.0145,
          "6144259387940033173": 0.0218,
          "15473853877052417342": 0.0263,
          "16112062295888226244": 0.0205,
          "4395844459730558251": 0.0187,
          "6816989357507184641": 0.0217,
          "17404157783600137840": 0.0258
        }
      },
      {
        "round": 6,
        "loss": 2.2569404379628337,
        "accuracy": 0.2158,
        "epsilon": 0.709855328963594,
        "trust_scores": {
          "1435157104446762303": 0.0147,
          "538429685751225404": 0.0205,
          "6969432676627047528": 0.0229,
          "16105989215724904718": 0.0222,
          "5683138206446501291": 0.0219,
          "11078748085077598689": 0.0166,
          "6223541433207980677": 0.0188,
          "1753159888020575329": 0.0163,
          "6025537654514344266": 0.0218,
          "6144259387940033173": 0.023,
          "15473853877052417342": 0.0211,
          "16112062295888226244": 0.0233,
          "4395844459730558251": 0.0148,
          "6816989357507184641": 0.0234,
          "17404157783600137840": 0.0189
        }
      },
      {
        "round": 7,
        "loss": 2.2491340728613514,
        "accuracy": 0.201,
        "epsilon": 0.7620012118781158,
        "trust_scores": {
          "1435157104446762303": 0.0154,
          "538429685751225404": 0.021,
          "6969432676627047528": 0.0184,
          "16105989215724904718": 0.0232,
          "5683138206446501291": 0.0251,
          "11078748085077598689": 0.0189,
          "6223541433207980677": 0.0158,
          "1753159888020575329": 0.0232,