{
  "config": {
    "config_id": 8,
    "num_clients": 15,
    "num_rounds": 12,
    "num_byzantine": 3,
    "use_dp": true,
    "epsilon": 10.0,
    "delta": 1e-05,
    "use_fltrust": true,
    "use_topk": true,
    "topk_ratio": 0.1,
    "root_dataset_size": 600,
    "rescale_to_ref_norm": false
  },
  "results": {
    "elapsed_seconds": 316.27567315101624,
    "noise_multiplier": 0.5682373046875,
    "confusion_matrix": [
      [
        408,
        0,
        572,
        0,
        0,
        0,
        0,
        0,
        0,
        0
      ],
      [
        0,
        1013,
        122,
        0,
        0,
        0,
        0,
        0,
        0,
        0
      ],
      [
        1,
        2,
        1026,
        0,
        0,
        0,
        0,
        3,
        0,
        0
      ],
      [
        1,
        14,
        978,
        0,
        0,
        0,
        0,
        15,
        2,
        0
      ],
      [
        0,
        34,
        924,
        0,
        4,
        0,
        0,
        19,
        1,
        0
      ],
      [
        9,
        25,
        831,
        0,
        0,
        0,
        0,
        25,
        2,
        0
      ],
      [
        0,
        7,
        951,
        0,
        0,
        0,
        0,
        0,
        0,
        0
      ],
      [
        0,
        82,
        272,
        0,
        0,
        0,
        0,
        674,
        0,
        0
      ],
      [
        8,
        12,
        899,
        0,
        0,
        0,
        0,
        9,
        46,
        0
      ],
      [
        3,
        37,
        705,
        0,
        0,
        0,
        0,
        245,
        19,
        0
      ]
    ],
    "per_class_scores": {
      "0": {
        "precision": 0.9488,
        "recall": 0.4163,
        "f1": 0.5787
      },
      "1": {
        "precision": 0.8263,
        "recall": 0.8925,
        "f1": 0.8581
      },
      "2": {
        "precision": 0.1409,
        "recall": 0.9942,
        "f1": 0.2469
      },
      "3": {
        "precision": 0.0,
        "recall": 0.0,
        "f1": 0.0
      },
      "4": {
        "precision": 1.0,
        "recall": 0.0041,
        "f1": 0.0081
      },
      "5": {
        "precision": 0.0,
        "recall": 0.0,
        "f1": 0.0
      },
      "6": {
        "precision": 0.0,
        "recall": 0.0,
        "f1": 0.0
      },
      "7": {
        "precision": 0.6808,
        "recall": 0.6556,
        "f1": 0.668
      },
      "8": {
        "precision": 0.6571,
        "recall": 0.0472,
        "f1": 0.0881
      },
      "9": {
        "precision": 0.0,
        "recall": 0.0,
        "f1": 0.0
      }
    },
    "per_round": [
      {
        "round": 1,
        "loss": 2.292836967748575,
        "accuracy": 0.1302,
        "epsilon": 5.258096331621245,
        "trust_scores": {
          "12338864049495455045": 0.0631,
          "18096844144773617109": 0.0857,
          "8123470295373504784": 0.0654,
          "244798404687742763": 0.0649,
          "3824439621353950198": 0.0642,
          "17377542150514966035": 0.0629,
          "12383833543776855105": 0.059,
          "5089333929173487931": 0.0686,
          "99477276020971463": 0.0628,
          "12267762836752350344": 0.0633,
          "2984980745906758194": 0.0749,
          "9547135627692299385": 0.0525,
          "10358142278885320115": 0.0592,
          "3236216366763566931": 0.0654,
          "12158589473353976405": 0.0623
        }
      },
      {
        "round": 2,
        "loss": 2.284365286080601,
        "accuracy": 0.1861,
        "epsilon": 6.007846217697197,
        "trust_scores": {
          "12338864049495455045": 0.0597,
          "18096844144773617109": 0.0668,
          "8123470295373504784": 0.0656,
          "244798404687742763": 0.0493,
          "3824439621353950198": 0.0653,
          "17377542150514966035": 0.0673,
          "12383833543776855105": 0.0552,
          "5089333929173487931": 0.064,
          "99477276020971463": 0.0583,
          "12267762836752350344": 0.0686,
          "2984980745906758194": 0.0635,
          "9547135627692299385": 0.0583,
          "10358142278885320115": 0.0452,
          "3236216366763566931": 0.0544,
          "12158589473353976405": 0.0596
        }
      },
      {
        "round": 3,
        "loss": 2.27687799359282,
        "accuracy": 0.1827,
        "epsilon": 6.587152442726105,
        "trust_scores": {
          "12338864049495455045": 0.0558,
          "18096844144773617109": 0.0599,
          "8123470295373504784": 0.0662,
          "244798404687742763": 0.0543,
          "3824439621353950198": 0.0683,
          "17377542150514966035": 0.0538,
          "12383833543776855105": 0.0485,
          "5089333929173487931": 0.0619,
          "99477276020971463": 0.0626,
          "12267762836752350344": 0.0646,
          "2984980745906758194": 0.0618,
          "9547135627692299385": 0.0518,
          "10358142278885320115": 0.0453,
          "3236216366763566931": 0.053,
          "12158589473353976405": 0.0539
        }
      },
      {
        "round": 4,
        "loss": 2.269807605316845,
        "accuracy": 0.1759,
        "epsilon": 7.090802079526081,
        "trust_scores": {
          "12338864049495455045": 0.0565,
          "18096844144773617109": 0.0667,
          "8123470295373504784": 0.0563,
          "244798404687742763": 0.0572,
          "3824439621353950198": 0.0574,
          "17377542150514966035": 0.0541,
          "12383833543776855105": 0.0396,
          "5089333929173487931": 0.0538,
          "99477276020971463": 0.06,
          "12267762836752350344": 0.0543,
          "2984980745906758194": 0.0566,
          "9547135627692299385": 0.0484,
          "10358142278885320115": 0.0458,
          "3236216366763566931": 0.0557,
          "12158589473353976405": 0.0607
        }
      },
      {
        "round": 5,
        "loss": 2.262136863062557,
        "accuracy": 0.1651,
        "epsilon": 7.525381621866999,
        "trust_scores": {
          "12338864049495455045": 0.0605,
          "18096844144773617109": 0.0557,
          "8123470295373504784": 0.0514,
          "244798404687742763": 0.0519,
          "3824439621353950198": 0.0592,
          "17377542150514966035": 0.0635,
          "12383833543776855105": 0.0466,
          "5089333929173487931": 0.0601,
          "99477276020971463": 0.062,
          "12267762836752350344": 0.0629,
          "2984980745906758194": 0.0579,
          "9547135627692299385": 0.0532,
          "10358142278885320115": 0.0477,
          "3236216366763566931": 0.0587,
          "12158589473353976405": 0.0564
        }
      },
      {
        "round": 6,
        "loss": 2.2539346949361003,
        "accuracy": 0.1826,
        "epsilon": 7.9485969878444225,
        "trust_scores": {
          "12338864049495455045": 0.0541,
          "18096844144773617109": 0.0579,
          "8123470295373504784": 0.0599,
          "244798404687742763": 0.0537,
          "3824439621353950198": 0.0641,
          "17377542150514966035": 0.0593,
          "12383833543776855105": 0.0394,
          "5089333929173487931": 0.0648,
          "99477276020971463": 0.0563,
          "12267762836752350344": 0.0628,
          "2984980745906758194": 0.0606,
          "9547135627692299385": 0.0479,
          "10358142278885320115": 0.0476,
          "3236216366763566931": 0.0616,
          "12158589473353976405": 0.0521
        }
      },
      {
        "round": 7,
        "loss": 2.245367581851947,
        "accuracy": 0.1937,
        "epsilon": 8.319126514774556,
        "trust_scores": {
          "12338864049495455045": 0.06,
          "18096844144773617109": 0.0571,
          "8123470295373504784": 0.0618,
          "244798404687742763": 0.0569,
          "3824439621353950198": 0.0608,
          "17377542150514966035": 0.0571,
          "12383833543776855105": 0.0483,
          "5089333929173487931": 0.0637,
          "99477276020971463": 0.0561,