{
  "config": {
    "config_id": 5,
    "num_clients": 15,
    "num_rounds": 12,
    "num_byzantine": 3,
    "use_dp": true,
    "epsilon": 1.0,
    "delta": 1e-05,
    "use_fltrust": true,
    "use_topk": false,
    "topk_ratio": 0.1,
    "root_dataset_size": 600,
    "rescale_to_ref_norm": false
  },
  "results": {
    "elapsed_seconds": 309.8898546695709,
    "noise_multiplier": 1.484375,
    "confusion_matrix": [
      [
        913,
        10,
        46,
        1,
        1,
        0,
        5,
        2,
        2,
        0
      ],
      [
        0,
        1123,
        10,
        2,
        0,
        0,
        0,
        0,
        0,
        0
      ],
      [
        50,
        96,
        863,
        3,
        7,
        0,
        0,
        12,
        1,
        0
      ],
      [
        97,
        135,
        262,
        417,
        3,
        1,
        6,
        39,
        50,
        0
      ],
      [
        16,
        168,
        107,
        0,
        643,
        0,
        27,
        12,
        9,
        0
      ],
      [
        213,
        173,
        191,
        89,
        48,
        79,
        4,
        39,
        54,
        2
      ],
      [
        43,
        85,
        201,
        0,
        5,
        0,
        624,
        0,
        0,
        0
      ],
      [
        11,
        266,
        37,
        1,
        14,
        0,
        0,
        686,
        6,
        7
      ],
      [
        96,
        158,
        211,
        14,
        27,
        0,
        4,
        27,
        436,
        1
      ],
      [
        32,
        186,
        65,
        5,
        359,
        0,
        1,
        236,
        27,
        98
      ]
    ],
    "per_class_scores": {
      "0": {
        "precision": 0.6207,
        "recall": 0.9316,
        "f1": 0.745
      },
      "1": {
        "precision": 0.4679,
        "recall": 0.9894,
        "f1": 0.6354
      },
      "2": {
        "precision": 0.433,
        "recall": 0.8362,
        "f1": 0.5706
      },
      "3": {
        "precision": 0.7838,
        "recall": 0.4129,
        "f1": 0.5409
      },
      "4": {
        "precision": 0.5808,
        "recall": 0.6548,
        "f1": 0.6156
      },
      "5": {
        "precision": 0.9875,
        "recall": 0.0886,
        "f1": 0.1626
      },
      "6": {
        "precision": 0.93,
        "recall": 0.6514,
        "f1": 0.7661
      },
      "7": {
        "precision": 0.6515,
        "recall": 0.6673,
        "f1": 0.6593
      },
      "8": {
        "precision": 0.7453,
        "recall": 0.4476,
        "f1": 0.5593
      },
      "9": {
        "precision": 0.9074,
        "recall": 0.0971,
        "f1": 0.1755
      }
    },
    "per_round": [
      {
        "round": 1,
        "loss": 2.28417557420822,
        "accuracy": 0.1786,
        "epsilon": 0.4491259143909839,
        "trust_scores": {
          "2651579151488746933": 0.0311,
          "313026640230729053": 0.0307,
          "113544153985555357": 0.0374,
          "10742860747223717468": 0.0397,
          "16586567358636527168": 0.0322,
          "9253540804686774435": 0.0343,
          "8199695198536375002": 0.0339,
          "18175667396167019301": 0.032,
          "8645626802930862668": 0.0383,
          "14714585495182515271": 0.0325,
          "659807567902862508": 0.0338,
          "10577498908205106428": 0.0384,
          "12668749187408168479": 0.0312,
          "4146113343928082637": 0.0395,
          "1582928475373464706": 0.0307
        }
      },
      {
        "round": 2,
        "loss": 2.269406118332007,
        "accuracy": 0.1568,
        "epsilon": 0.501271797305506,
        "trust_scores": {
          "2651579151488746933": 0.0323,
          "313026640230729053": 0.0269,
          "113544153985555357": 0.027,
          "10742860747223717468": 0.0329,
          "16586567358636527168": 0.0281,
          "9253540804686774435": 0.0372,
          "8199695198536375002": 0.0317,
          "18175667396167019301": 0.0234,
          "8645626802930862668": 0.0309,
          "14714585495182515271": 0.0306,
          "659807567902862508": 0.0367,
          "10577498908205106428": 0.0352,
          "12668749187408168479": 0.0261,
          "4146113343928082637": 0.0287,
          "1582928475373464706": 0.0227
        }
      },
      {
        "round": 3,
        "loss": 2.252363458609048,
        "accuracy": 0.1673,
        "epsilon": 0.5534176802200279,
        "trust_scores": {
          "2651579151488746933": 0.031,
          "313026640230729053": 0.0326,
          "113544153985555357": 0.0306,
          "10742860747223717468": 0.0296,
          "16586567358636527168": 0.026,
          "9253540804686774435": 0.0322,
          "8199695198536375002": 0.0319,
          "18175667396167019301": 0.0259,
          "8645626802930862668": 0.0326,
          "14714585495182515271": 0.037,
          "659807567902862508": 0.0327,
          "10577498908205106428": 0.0389,
          "12668749187408168479": 0.0221,
          "4146113343928082637": 0.033,
          "1582928475373464706": 0.0209
        }
      },
      {
        "round": 4,
        "loss": 2.2335059574236884,
        "accuracy": 0.257,
        "epsilon": 0.60556356313455,
        "trust_scores": {
          "2651579151488746933": 0.0376,
          "313026640230729053": 0.0341,
          "113544153985555357": 0.0361,
          "10742860747223717468": 0.0334,
          "16586567358636527168": 0.0215,
          "9253540804686774435": 0.0269,
          "8199695198536375002": 0.0332,
          "18175667396167019301": 0.0273,
          "8645626802930862668": 0.0289,
          "14714585495182515271": 0.032,
          "659807567902862508": 0.0337,
          "10577498908205106428": 0.0309,
          "12668749187408168479": 0.0207,
          "4146113343928082637": 0.0335,
          "1582928475373464706": 0.0267
        }
      },
      {
        "round": 5,
        "loss": 2.21165357763394,
        "accuracy": 0.2826,
        "epsilon": 0.657709446049072,
        "trust_scores": {
          "2651579151488746933": 0.0323,
          "313026640230729053": 0.0347,
          "113544153985555357": 0.0375,
          "10742860747223717468": 0.0363,
          "16586567358636527168": 0.0255,
          "9253540804686774435": 0.035,
          "8199695198536375002": 0.037,
          "18175667396167019301": 0.0294,
          "8645626802930862668": 0.0395,
          "14714585495182515271": 0.0291,
          "659807567902862508": 0.0357,
          "10577498908205106428": 0.0371,
          "12668749187408168479": 0.0325,
          "4146113343928082637": 0.0304,
          "1582928475373464706": 0.027
        }
      },
      {
        "round": 6,
        "loss": 2.185275256062468,
        "accuracy": 0.3261,
        "epsilon": 0.709855328963594,
        "trust_scores": {
          "2651579151488746933": 0.0277,
          "313026640230729053": 0.0378,
          "113544153985555357": 0.0377,
          "10742860747223717468": 0.0335,
          "16586567358636527168": 0.0246,
          "9253540804686774435": 0.0407,
          "8199695198536375002": 0.0363,
          "18175667396167019301": 0.0343,
          "8645626802930862668": 0.0382,
          "14714585495182515271": 0.0359,
          "659807567902862508": 0.0345,
          "10577498908205106428": 0.0367,
          "12668749187408168479": 0.0277,
          "4146113343928082637": 0.0343,
          "1582928475373464706": 0.0328
        }
      },
      {
        "round": 7,
        "loss": 2.1543906047321357,
        "accuracy": 0.354,
        "epsilon": 0.7620012118781158,
        "trust_scores": {
          "2651579151488746933": 0.0396,
          "313026640230729053": 0.0363,
          "113544153985555357": 0.0434,
          "10742860747223717468": 0.0425,
          "16586567358636527168": 0.0305,
          "9253540804686774435": 0.0422,
          "8199695198536375002": 0.0399,