{
  "config": {
    "config_id": 8,
    "num_clients": 15,
    "num_rounds": 12,
    "num_byzantine": 3,
    "use_dp": true,
    "epsilon": 5.0,
    "delta": 1e-05,
    "use_fltrust": true,
    "use_topk": true,
    "topk_ratio": 0.01,
    "root_dataset_size": 600,
    "rescale_to_ref_norm": false
  },
  "results": {
    "elapsed_seconds": 315.8003945350647,
    "noise_multiplier": 0.7086181640625,
    "confusion_matrix": [
      [
        0,
        0,
        959,
        0,
        0,
        0,
        0,
        14,
        7,
        0
      ],
      [
        0,
        21,
        41,
        0,
        0,
        0,
        0,
        1070,
        3,
        0
      ],
      [
        0,
        1,
        929,
        0,
        0,
        0,
        0,
        102,
        0,
        0
      ],
      [
        0,
        1,
        822,
        4,
        0,
        0,
        0,
        155,
        28,
        0
      ],
      [
        0,
        0,
        528,
        0,
        0,
        0,
        0,
        450,
        4,
        0
      ],
      [
        0,
        1,
        649,
        5,
        0,
        0,
        0,
        226,
        11,
        0
      ],
      [
        0,
        0,
        832,
        0,
        0,
        0,
        0,
        126,
        0,
        0
      ],
      [
        0,
        2,
        110,
        0,
        0,
        0,
        0,
        916,
        0,
        0
      ],
      [
        0,
        1,
        620,
        0,
        0,
        0,
        0,
        288,
        65,
        0
      ],
      [
        0,
        0,
        289,
        0,
        0,
        0,
        0,
        715,
        5,
        0
      ]
    ],
    "per_class_scores": {
      "0": {
        "precision": 0.0,
        "recall": 0.0,
        "f1": 0.0
      },
      "1": {
        "precision": 0.7778,
        "recall": 0.0185,
        "f1": 0.0361
      },
      "2": {
        "precision": 0.1608,
        "recall": 0.9002,
        "f1": 0.2728
      },
      "3": {
        "precision": 0.4444,
        "recall": 0.004,
        "f1": 0.0079
      },
      "4": {
        "precision": 0.0,
        "recall": 0.0,
        "f1": 0.0
      },
      "5": {
        "precision": 0.0,
        "recall": 0.0,
        "f1": 0.0
      },
      "6": {
        "precision": 0.0,
        "recall": 0.0,
        "f1": 0.0
      },
      "7": {
        "precision": 0.2255,
        "recall": 0.8911,
        "f1": 0.3599
      },
      "8": {
        "precision": 0.5285,
        "recall": 0.0667,
        "f1": 0.1185
      },
      "9": {
        "precision": 0.0,
        "recall": 0.0,
        "f1": 0.0
      }
    },
    "per_round": [
      {
        "round": 1,
        "loss": 2.301359482085743,
        "accuracy": 0.1052,
        "epsilon": 2.82708634320505,
        "trust_scores": {
          "17444982936697201183": 0.0245,
          "8183847563989257782": 0.0184,
          "17754603604653591215": 0.0358,
          "18058748626773290737": 0.018,
          "7781681407247814210": 0.021,
          "13857509657355929943": 0.0232,
          "14328589623232490816": 0.0162,
          "11103314373446500027": 0.0268,
          "4409982275618991957": 0.0218,
          "16335826449589210624": 0.0272,
          "5462324631710648986": 0.0279,
          "15074845381845688373": 0.0341,
          "16917861240364802273": 0.0231,
          "1953734714623904896": 0.0269,
          "906007951528173808": 0.0222
        }
      },
      {
        "round": 2,
        "loss": 2.299085017591239,
        "accuracy": 0.1061,
        "epsilon": 3.147392923456329,
        "trust_scores": {
          "17444982936697201183": 0.0238,
          "8183847563989257782": 0.0179,
          "17754603604653591215": 0.0288,
          "18058748626773290737": 0.0244,
          "7781681407247814210": 0.0281,
          "13857509657355929943": 0.023,
          "14328589623232490816": 0.02,
          "11103314373446500027": 0.0247,
          "4409982275618991957": 0.0152,
          "16335826449589210624": 0.0242,
          "5462324631710648986": 0.0291,
          "15074845381845688373": 0.0322,
          "16917861240364802273": 0.0158,
          "1953734714623904896": 0.0245,
          "906007951528173808": 0.0313
        }
      },
      {
        "round": 3,
        "loss": 2.2970381567653377,
        "accuracy": 0.1087,
        "epsilon": 3.4020994232272677,
        "trust_scores": {
          "17444982936697201183": 0.0209,
          "8183847563989257782": 0.0138,
          "17754603604653591215": 0.0272,
          "18058748626773290737": 0.0269,
          "7781681407247814210": 0.0263,
          "13857509657355929943": 0.0214,
          "14328589623232490816": 0.0194,
          "11103314373446500027": 0.0205,
          "4409982275618991957": 0.0226,
          "16335826449589210624": 0.0191,
          "5462324631710648986": 0.0165,
          "15074845381845688373": 0.0257,
          "16917861240364802273": 0.0161,
          "1953734714623904896": 0.0225,
          "906007951528173808": 0.0258
        }
      },
      {
        "round": 4,
        "loss": 2.2950195321640647,
        "accuracy": 0.1138,
        "epsilon": 3.626115828275045,
        "trust_scores": {
          "17444982936697201183": 0.0133,
          "8183847563989257782": 0.0283,
          "17754603604653591215": 0.0278,
          "18058748626773290737": 0.0265,
          "7781681407247814210": 0.0261,
          "13857509657355929943": 0.0218,
          "14328589623232490816": 0.0229,
          "11103314373446500027": 0.0179,
          "4409982275618991957": 0.0266,
          "16335826449589210624": 0.018,
          "5462324631710648986": 0.025,
          "15074845381845688373": 0.0259,
          "16917861240364802273": 0.0168,
          "1953734714623904896": 0.0291,
          "906007951528173808": 0.0255
        }
      },
      {
        "round": 5,
        "loss": 2.29308848106823,
        "accuracy": 0.1273,
        "epsilon": 3.8314708960090167,
        "trust_scores": {
          "17444982936697201183": 0.0204,
          "8183847563989257782": 0.0205,
          "17754603604653591215": 0.0239,
          "18058748626773290737": 0.0254,
          "7781681407247814210": 0.0237,
          "13857509657355929943": 0.0243,
          "14328589623232490816": 0.0181,
          "11103314373446500027": 0.02,
          "4409982275618991957": 0.0156,
          "16335826449589210624": 0.0288,
          "5462324631710648986": 0.0296,
          "15074845381845688373": 0.0316,
          "16917861240364802273": 0.0159,
          "1953734714623904896": 0.0228,
          "906007951528173808": 0.0225
        }
      },
      {
        "round": 6,
        "loss": 2.2912676250591826,
        "accuracy": 0.1429,
        "epsilon": 4.022286759577492,
        "trust_scores": {
          "17444982936697201183": 0.0252,
          "8183847563989257782": 0.0216,
          "17754603604653591215": 0.0203,
          "18058748626773290737": 0.0279,
          "7781681407247814210": 0.0209,
          "13857509657355929943": 0.0302,
          "14328589623232490816": 0.0154,
          "11103314373446500027": 0.0196,
          "4409982275618991957": 0.0189,
          "16335826449589210624": 0.0216,
          "5462324631710648986": 0.0235,
          "15074845381845688373": 0.0237,
          "16917861240364802273": 0.023,
          "1953734714623904896": 0.02,
          "906007951528173808": 0.0248
        }
      },
      {
        "round": 7,
        "loss": 2.289544117717316,
        "accuracy": 0.1597,
        "epsilon": 4.200177163561311,
        "trust_scores": {
          "17444982936697201183": 0.0246,
          "8183847563989257782": 0.0197,
          "17754603604653591215": 0.0192,
          "18058748626773290737": 0.0236,
          "7781681407247814210": 0.0194,
          "13857509657355929943": 0.0265,
          "14328589623232490816": 0.0164,
          "11103314373446500027": 0.0197,