{
  "config": {
    "config_id": 2,
    "num_clients": 15,
    "num_rounds": 12,
    "num_byzantine": 3,
    "use_dp": true,
    "epsilon": 10.0,
    "delta": 1e-05,
    "use_fltrust": false,
    "use_topk": false,
    "topk_ratio": 0.1,
    "root_dataset_size": 600,
    "rescale_to_ref_norm": false
  },
  "results": {
    "elapsed_seconds": 321.24728059768677,
    "noise_multiplier": 0.5682373046875,
    "confusion_matrix": [
      [
        904,
        9,
        57,
        0,
        1,
        0,
        5,
        2,
        2,
        0
      ],
      [
        0,
        1123,
        10,
        2,
        0,
        0,
        0,
        0,
        0,
        0
      ],
      [
        47,
        84,
        876,
        3,
        9,
        0,
        0,
        12,
        1,
        0
      ],
      [
        95,
        118,
        312,
        383,
        2,
        1,
        2,
        48,
        49,
        0
      ],
      [
        14,
        155,
        107,
        0,
        654,
        0,
        30,
        12,
        10,
        0
      ],
      [
        199,
        163,
        241,
        92,
        44,
        46,
        1,
        43,
        61,
        2
      ],
      [
        46,
        78,
        244,
        0,
        6,
        0,
        584,
        0,
        0,
        0
      ],
      [
        10,
        259,
        42,
        1,
        17,
        0,
        0,
        687,
        8,
        4
      ],
      [
        86,
        136,
        228,
        11,
        23,
        0,
        4,
        32,
        454,
        0
      ],
      [
        33,
        170,
        74,
        5,
        360,
        0,
        0,
        242,
        35,
        90
      ]
    ],
    "per_class_scores": {
      "0": {
        "precision": 0.6304,
        "recall": 0.9224,
        "f1": 0.749
      },
      "1": {
        "precision": 0.4893,
        "recall": 0.9894,
        "f1": 0.6548
      },
      "2": {
        "precision": 0.3998,
        "recall": 0.8488,
        "f1": 0.5436
      },
      "3": {
        "precision": 0.7706,
        "recall": 0.3792,
        "f1": 0.5083
      },
      "4": {
        "precision": 0.586,
        "recall": 0.666,
        "f1": 0.6235
      },
      "5": {
        "precision": 0.9787,
        "recall": 0.0516,
        "f1": 0.098
      },
      "6": {
        "precision": 0.9329,
        "recall": 0.6096,
        "f1": 0.7374
      },
      "7": {
        "precision": 0.6373,
        "recall": 0.6683,
        "f1": 0.6524
      },
      "8": {
        "precision": 0.7323,
        "recall": 0.4661,
        "f1": 0.5696
      },
      "9": {
        "precision": 0.9375,
        "recall": 0.0892,
        "f1": 0.1629
      }
    },
    "per_round": [
      {
        "round": 1,
        "loss": 2.2835891239178445,
        "accuracy": 0.1789,
        "epsilon": 5.258096331621245,
        "trust_scores": {}
      },
      {
        "round": 2,
        "loss": 2.268963483956675,
        "accuracy": 0.1455,
        "epsilon": 6.007846217697197,
        "trust_scores": {}
      },
      {
        "round": 3,
        "loss": 2.2527543607230385,
        "accuracy": 0.1524,
        "epsilon": 6.587152442726105,
        "trust_scores": {}
      },
      {
        "round": 4,
        "loss": 2.233399551897384,
        "accuracy": 0.2239,
        "epsilon": 7.090802079526081,
        "trust_scores": {}
      },
      {
        "round": 5,
        "loss": 2.211645268022824,
        "accuracy": 0.2614,
        "epsilon": 7.525381621866999,
        "trust_scores": {}
      },
      {
        "round": 6,
        "loss": 2.1854140575701435,
        "accuracy": 0.3191,
        "epsilon": 7.9485969878444225,
        "trust_scores": {}
      },
      {
        "round": 7,
        "loss": 2.1551011195198035,
        "accuracy": 0.3562,
        "epsilon": 8.319126514774556,
        "trust_scores": {}
      },
      {
        "round": 8,
        "loss": 2.120038650287226,
        "accuracy": 0.4034,
        "epsilon": 8.689656041704689,
        "trust_scores": {}
      },
      {
        "round": 9,
        "loss": 2.0801445352383694,
        "accuracy": 0.457,
        "epsilon": 9.03259480178845,
        "trust_scores": {}
      },
      {
        "round": 10,
        "loss": 2.036137898509114,
        "accuracy": 0.508,
        "epsilon": 9.357008007911327,
        "trust_scores": {}
      },
      {
        "round": 11,
        "loss": 1.9860583947489436,
        "accuracy": 0.5398,
        "epsilon": 9.68142121403421,
        "trust_scores": {}
      },
      {
        "round": 12,
        "loss": 1.9332017254905578,
        "accuracy": 0.5801,
        "epsilon": 9.997250128473398,
        "trust_scores": {}
      }
    ]
  }
}