{
  "config": {
    "config_id": 2,
    "num_clients": 15,
    "num_rounds": 12,
    "num_byzantine": 3,
    "use_dp": true,
    "epsilon": 5.0,
    "delta": 1e-05,
    "use_fltrust": false,
    "use_topk": false,
    "topk_ratio": 0.1,
    "root_dataset_size": 600,
    "rescale_to_ref_norm": false
  },
  "results": {
    "elapsed_seconds": 313.68774342536926,
    "noise_multiplier": 0.7086181640625,
    "confusion_matrix": [
      [
        896,
        10,
        64,
        1,
        1,
        0,
        4,
        2,
        2,
        0
      ],
      [
        0,
        1123,
        10,
        2,
        0,
        0,
        0,
        0,
        0,
        0
      ],
      [
        46,
        85,
        879,
        3,
        9,
        0,
        0,
        9,
        1,
        0
      ],
      [
        89,
        121,
        311,
        389,
        2,
        0,
        2,
        40,
        56,
        0
      ],
      [
        14,
        159,
        110,
        0,
        652,
        0,
        26,
        11,
        10,
        0
      ],
      [
        194,
        165,
        245,
        91,
        47,
        41,
        2,
        39,
        66,
        2
      ],
      [
        42,
        79,
        251,
        0,
        6,
        0,
        580,
        0,
        0,
        0
      ],
      [
        10,
        260,
        43,
        1,
        18,
        0,
        0,
        682,
        8,
        6
      ],
      [
        82,
        135,
        228,
        13,
        24,
        0,
        4,
        29,
        459,
        0
      ],
      [
        30,
        173,
        75,
        5,
        371,
        0,
        0,
        221,
        32,
        102
      ]
    ],
    "per_class_scores": {
      "0": {
        "precision": 0.6386,
        "recall": 0.9143,
        "f1": 0.752
      },
      "1": {
        "precision": 0.4861,
        "recall": 0.9894,
        "f1": 0.652
      },
      "2": {
        "precision": 0.3967,
        "recall": 0.8517,
        "f1": 0.5413
      },
      "3": {
        "precision": 0.7703,
        "recall": 0.3851,
        "f1": 0.5135
      },
      "4": {
        "precision": 0.577,
        "recall": 0.664,
        "f1": 0.6174
      },
      "5": {
        "precision": 1.0,
        "recall": 0.046,
        "f1": 0.0879
      },
      "6": {
        "precision": 0.9385,
        "recall": 0.6054,
        "f1": 0.736
      },
      "7": {
        "precision": 0.6602,
        "recall": 0.6634,
        "f1": 0.6618
      },
      "8": {
        "precision": 0.724,
        "recall": 0.4713,
        "f1": 0.5709
      },
      "9": {
        "precision": 0.9273,
        "recall": 0.1011,
        "f1": 0.1823
      }
    },
    "per_round": [
      {
        "round": 1,
        "loss": 2.283713290485711,
        "accuracy": 0.1776,
        "epsilon": 2.82708634320505,
        "trust_scores": {}
      },
      {
        "round": 2,
        "loss": 2.2690510597472753,
        "accuracy": 0.1457,
        "epsilon": 3.147392923456329,
        "trust_scores": {}
      },
      {
        "round": 3,
        "loss": 2.2528431842121455,
        "accuracy": 0.1503,
        "epsilon": 3.4020994232272677,
        "trust_scores": {}
      },
      {
        "round": 4,
        "loss": 2.2335359471293685,
        "accuracy": 0.2263,
        "epsilon": 3.626115828275045,
        "trust_scores": {}
      },
      {
        "round": 5,
        "loss": 2.2118112698149757,
        "accuracy": 0.2617,
        "epsilon": 3.8314708960090167,
        "trust_scores": {}
      },
      {
        "round": 6,
        "loss": 2.185662683968346,
        "accuracy": 0.3187,
        "epsilon": 4.022286759577492,
        "trust_scores": {}
      },
      {
        "round": 7,
        "loss": 2.1553862163434014,
        "accuracy": 0.355,
        "epsilon": 4.200177163561311,
        "trust_scores": {}
      },
      {
        "round": 8,
        "loss": 2.1202719325836474,
        "accuracy": 0.4042,
        "epsilon": 4.374616047831334,
        "trust_scores": {}
      },
      {
        "round": 9,
        "loss": 2.080435936443341,
        "accuracy": 0.4582,
        "epsilon": 4.535604995572981,
        "trust_scores": {}
      },
      {
        "round": 10,
        "loss": 2.036435487933052,
        "accuracy": 0.5081,
        "epsilon": 4.696465369655349,
        "trust_scores": {}
      },
      {
        "round": 11,
        "loss": 1.9860706123681113,
        "accuracy": 0.5398,
        "epsilon": 4.847462317818157,
        "trust_scores": {}
      },
      {
        "round": 12,
        "loss": 1.9323307077724712,
        "accuracy": 0.5803,
        "epsilon": 4.996831053763399,
        "trust_scores": {}
      }
    ]
  }
}