{
  "config": {
    "config_id": 8,
    "num_clients": 15,
    "num_rounds": 12,
    "num_byzantine": 3,
    "use_dp": true,
    "epsilon": 10.0,
    "delta": 1e-05,
    "use_fltrust": true,
    "use_topk": true,
    "topk_ratio": 0.01,
    "root_dataset_size": 600,
    "rescale_to_ref_norm": false
  },
  "results": {
    "elapsed_seconds": 319.53093123435974,
    "noise_multiplier": 0.5682373046875,
    "confusion_matrix": [
      [
        0,
        0,
        971,
        0,
        0,
        0,
        0,
        7,
        2,
        0
      ],
      [
        0,
        51,
        88,
        0,
        0,
        0,
        0,
        996,
        0,
        0
      ],
      [
        0,
        0,
        977,
        0,
        0,
        0,
        0,
        55,
        0,
        0
      ],
      [
        0,
        1,
        886,
        2,
        0,
        0,
        0,
        108,
        13,
        0
      ],
      [
        0,
        0,
        684,
        0,
        0,
        0,
        0,
        297,
        1,
        0
      ],
      [
        0,
        3,
        722,
        1,
        0,
        0,
        0,
        160,
        6,
        0
      ],
      [
        0,
        1,
        887,
        0,
        0,
        0,
        0,
        70,
        0,
        0
      ],
      [
        0,
        3,
        191,
        0,
        0,
        0,
        0,
        834,
        0,
        0
      ],
      [
        0,
        2,
        739,
        0,
        0,
        0,
        0,
        204,
        29,
        0
      ],
      [
        0,
        0,
        413,
        0,
        0,
        0,
        0,
        595,
        1,
        0
      ]
    ],
    "per_class_scores": {
      "0": {
        "precision": 0.0,
        "recall": 0.0,
        "f1": 0.0
      },
      "1": {
        "precision": 0.8361,
        "recall": 0.0449,
        "f1": 0.0853
      },
      "2": {
        "precision": 0.149,
        "recall": 0.9467,
        "f1": 0.2574
      },
      "3": {
        "precision": 0.6667,
        "recall": 0.002,
        "f1": 0.0039
      },
      "4": {
        "precision": 0.0,
        "recall": 0.0,
        "f1": 0.0
      },
      "5": {
        "precision": 0.0,
        "recall": 0.0,
        "f1": 0.0
      },
      "6": {
        "precision": 0.0,
        "recall": 0.0,
        "f1": 0.0
      },
      "7": {
        "precision": 0.2508,
        "recall": 0.8113,
        "f1": 0.3831
      },
      "8": {
        "precision": 0.5577,
        "recall": 0.0298,
        "f1": 0.0565
      },
      "9": {
        "precision": 0.0,
        "recall": 0.0,
        "f1": 0.0
      }
    },
    "per_round": [
      {
        "round": 1,
        "loss": 2.301231484824476,
        "accuracy": 0.1054,
        "epsilon": 5.258096331621245,
        "trust_scores": {
          "11851606397026994195": 0.0267,
          "13426004478794734566": 0.0264,
          "16516784320382243930": 0.0257,
          "4307646402419219812": 0.034,
          "8431034236292610578": 0.036,
          "7801206439162299521": 0.0291,
          "16733827554191081146": 0.0436,
          "2017997667877228193": 0.0459,
          "16387967155472655509": 0.0273,
          "5309437970726022120": 0.0259,
          "2182231945629250518": 0.0348,
          "6838518220744582045": 0.0305,
          "2779283493313773983": 0.0344,
          "8297718781866798960": 0.0341,
          "16563220399907859713": 0.028
        }
      },
      {
        "round": 2,
        "loss": 2.2988321910650966,
        "accuracy": 0.1064,
        "epsilon": 6.007846217697197,
        "trust_scores": {
          "11851606397026994195": 0.0254,
          "13426004478794734566": 0.0259,
          "16516784320382243930": 0.0397,
          "4307646402419219812": 0.0293,
          "8431034236292610578": 0.0363,
          "7801206439162299521": 0.0325,
          "16733827554191081146": 0.0402,
          "2017997667877228193": 0.0354,
          "16387967155472655509": 0.0358,
          "5309437970726022120": 0.0382,
          "2182231945629250518": 0.0354,
          "6838518220744582045": 0.0208,
          "2779283493313773983": 0.0295,
          "8297718781866798960": 0.0353,
          "16563220399907859713": 0.0239
        }
      },
      {
        "round": 3,
        "loss": 2.296670791820977,
        "accuracy": 0.1098,
        "epsilon": 6.587152442726105,
        "trust_scores": {
          "11851606397026994195": 0.0247,
          "13426004478794734566": 0.0193,
          "16516784320382243930": 0.0334,
          "4307646402419219812": 0.0283,
          "8431034236292610578": 0.0269,
          "7801206439162299521": 0.0314,
          "16733827554191081146": 0.0326,
          "2017997667877228193": 0.0325,
          "16387967155472655509": 0.0345,
          "5309437970726022120": 0.0309,
          "2182231945629250518": 0.0294,
          "6838518220744582045": 0.0302,
          "2779283493313773983": 0.0265,
          "8297718781866798960": 0.0246,
          "16563220399907859713": 0.0225
        }
      },
      {
        "round": 4,
        "loss": 2.2945382016154525,
        "accuracy": 0.1176,
        "epsilon": 7.090802079526081,
        "trust_scores": {
          "11851606397026994195": 0.0277,
          "13426004478794734566": 0.0389,
          "16516784320382243930": 0.0347,
          "4307646402419219812": 0.0253,
          "8431034236292610578": 0.0242,
          "7801206439162299521": 0.0317,
          "16733827554191081146": 0.0374,
          "2017997667877228193": 0.0356,
          "16387967155472655509": 0.0347,
          "5309437970726022120": 0.0306,
          "2182231945629250518": 0.035,
          "6838518220744582045": 0.033,
          "2779283493313773983": 0.0279,
          "8297718781866798960": 0.0316,
          "16563220399907859713": 0.0217
        }
      },
      {
        "round": 5,
        "loss": 2.2925291328003614,
        "accuracy": 0.135,
        "epsilon": 7.525381621866999,
        "trust_scores": {
          "11851606397026994195": 0.0225,
          "13426004478794734566": 0.0271,
          "16516784320382243930": 0.0302,
          "4307646402419219812": 0.0266,
          "8431034236292610578": 0.0302,
          "7801206439162299521": 0.0311,
          "16733827554191081146": 0.0395,
          "2017997667877228193": 0.0345,
          "16387967155472655509": 0.0327,
          "5309437970726022120": 0.0345,
          "2182231945629250518": 0.0287,
          "6838518220744582045": 0.0248,
          "2779283493313773983": 0.0355,
          "8297718781866798960": 0.0378,
          "16563220399907859713": 0.0199
        }
      },
      {
        "round": 6,
        "loss": 2.290634022734036,
        "accuracy": 0.154,
        "epsilon": 7.9485969878444225,
        "trust_scores": {
          "11851606397026994195": 0.0189,
          "13426004478794734566": 0.0276,
          "16516784320382243930": 0.0318,
          "4307646402419219812": 0.0351,
          "8431034236292610578": 0.0267,
          "7801206439162299521": 0.0365,
          "16733827554191081146": 0.0307,
          "2017997667877228193": 0.0279,
          "16387967155472655509": 0.034,
          "5309437970726022120": 0.029,
          "2182231945629250518": 0.0257,
          "6838518220744582045": 0.0242,
          "2779283493313773983": 0.0294,
          "8297718781866798960": 0.0307,
          "16563220399907859713": 0.0287
        }
      },
      {
        "round": 7,
        "loss": 2.288834660959701,
        "accuracy": 0.1687,
        "epsilon": 8.319126514774556,
        "trust_scores": {
          "11851606397026994195": 0.0206,
          "13426004478794734566": 0.0271,
          "16516784320382243930": 0.0295,
          "4307646402419219812": 0.0306,
          "8431034236292610578": 0.0237,
          "7801206439162299521": 0.0359,
          "16733827554191081146": 0.0323,
          "2017997667877228193": 0.0253,