{
  "config": {
    "config_id": 6,
    "num_clients": 15,
    "num_rounds": 25,
    "num_byzantine": 3,
    "use_dp": true,
    "epsilon": 1.0,
    "delta": 1e-05,
    "use_fltrust": false,
    "use_topk": true,
    "topk_ratio": 0.1,
    "root_dataset_size": 600,
    "rescale_to_ref_norm": false
  },
  "results": {
    "elapsed_seconds": 633.9170906543732,
    "noise_multiplier": 1.982421875,
    "confusion_matrix": [
      [
        853,
        4,
        0,
        120,
        2,
        0,
        1,
        0,
        0,
        0
      ],
      [
        0,
        1115,
        1,
        17,
        0,
        0,
        2,
        0,
        0,
        0
      ],
      [
        37,
        55,
        457,
        381,
        13,
        0,
        87,
        0,
        0,
        2
      ],
      [
        0,
        21,
        5,
        983,
        0,
        0,
        0,
        0,
        0,
        1
      ],
      [
        5,
        124,
        0,
        66,
        628,
        0,
        35,
        0,
        0,
        124
      ],
      [
        21,
        104,
        1,
        696,
        22,
        26,
        11,
        0,
        0,
        11
      ],
      [
        51,
        63,
        0,
        32,
        2,
        1,
        809,
        0,
        0,
        0
      ],
      [
        10,
        90,
        1,
        829,
        8,
        0,
        0,
        0,
        0,
        90
      ],
      [
        61,
        82,
        1,
        781,
        8,
        0,
        12,
        0,
        18,
        11
      ],
      [
        24,
        72,
        0,
        269,
        30,
        0,
        2,
        0,
        0,
        612
      ]
    ],
    "per_class_scores": {
      "0": {
        "precision": 0.8032,
        "recall": 0.8704,
        "f1": 0.8355
      },
      "1": {
        "precision": 0.6445,
        "recall": 0.9824,
        "f1": 0.7784
      },
      "2": {
        "precision": 0.9807,
        "recall": 0.4428,
        "f1": 0.6101
      },
      "3": {
        "precision": 0.2355,
        "recall": 0.9733,
        "f1": 0.3792
      },
      "4": {
        "precision": 0.8808,
        "recall": 0.6395,
        "f1": 0.741
      },
      "5": {
        "precision": 0.963,
        "recall": 0.0291,
        "f1": 0.0566
      },
      "6": {
        "precision": 0.8436,
        "recall": 0.8445,
        "f1": 0.844
      },
      "7": {
        "precision": 0.0,
        "recall": 0.0,
        "f1": 0.0
      },
      "8": {
        "precision": 1.0,
        "recall": 0.0185,
        "f1": 0.0363
      },
      "9": {
        "precision": 0.7192,
        "recall": 0.6065,
        "f1": 0.6581
      }
    },
    "per_round": [
      {
        "round": 1,
        "loss": 2.2924679323507196,
        "accuracy": 0.1178,
        "epsilon": 0.2399204018489443
      },
      {
        "round": 2,
        "loss": 2.2868410756412785,
        "accuracy": 0.101,
        "epsilon": 0.28773956809916956
      },
      {
        "round": 3,
        "loss": 2.282486864553092,
        "accuracy": 0.101,
        "epsilon": 0.3355587343493948
      },
      {
        "round": 4,
        "loss": 2.2773062162125073,
        "accuracy": 0.101,
        "epsilon": 0.3816705906689727
      },
      {
        "round": 5,
        "loss": 2.2725011898686716,
        "accuracy": 0.101,
        "epsilon": 0.4270887997503888
      },
      {
        "round": 6,
        "loss": 2.2653469765148224,
        "accuracy": 0.101,
        "epsilon": 0.46926850355792377
      },
      {
        "round": 7,
        "loss": 2.2579114223821475,
        "accuracy": 0.101,
        "epsilon": 0.5083332137803313
      },
      {
        "round": 8,
        "loss": 2.2474543492253214,
        "accuracy": 0.101,
        "epsilon": 0.5450043224560379
      },
      {
        "round": 9,
        "loss": 2.236003247312844,
        "accuracy": 0.101,
        "epsilon": 0.5794526750625927
      },
      {
        "round": 10,
        "loss": 2.2228792323091158,
        "accuracy": 0.1019,
        "epsilon": 0.6122728287874819
      },
      {
        "round": 11,
        "loss": 2.207244428963707,
        "accuracy": 0.1093,
        "epsilon": 0.6436367323377149
      },
      {
        "round": 12,
        "loss": 2.191482316952544,
        "accuracy": 0.1317,
        "epsilon": 0.6737183044391256
      },
      {
        "round": 13,
        "loss": 2.1730141738733164,
        "accuracy": 0.1389,
        "epsilon": 0.7027194221469599
      },
      {
        "round": 14,
        "loss": 2.1504078893996654,
        "accuracy": 0.1728,
        "epsilon": 0.7308768245427536
      },
      {
        "round": 15,
        "loss": 2.123892266529437,
        "accuracy": 0.209,
        "epsilon": 0.7577593096860143
      },
      {
        "round": 16,
        "loss": 2.0965082222661273,
        "accuracy": 0.2463,
        "epsilon": 0.7840605292123233
      },
      {
        "round": 17,
        "loss": 2.0656519880690896,
        "accuracy": 0.282,
        "epsilon": 0.8096499380885369
      },
      {
        "round": 18,
        "loss": 2.0310859722070425,
        "accuracy": 0.3416,
        "epsilon": 0.8344460180561977
      },
      {
        "round": 19,
        "loss": 1.9977348170722256,
        "accuracy": 0.3808,
        "epsilon": 0.8587496839772941
      },
      {
        "round": 20,
        "loss": 1.9620147158924386,
        "accuracy": 0.417,
        "epsilon": 0.8824630895488834
      },
      {
        "round": 21,
        "loss": 1.9200067417309306,
        "accuracy": 0.4672,
        "epsilon": 0.9054882537403862
      },
      {
        "round": 22,
        "loss": 1.878725483013799,
        "accuracy": 0.4886,
        "epsilon": 0.9285134179318892
      },
      {
        "round": 23,
        "loss": 1.8336399108076251,
        "accuracy": 0.514,
        "epsilon": 0.9503883402504228
      },
      {
        "round": 24,
        "loss": 1.7872625715054646,
        "accuracy": 0.5293,
        "epsilon": 0.9721421538372829
      },
      {
        "round": 25,
        "loss": 1.7395779587590277,
        "accuracy": 0.5501,
        "epsilon": 0.9938959674241429
      }
    ]
  }
}