{
  "config": {
    "config_id": 6,
    "num_clients": 15,
    "num_rounds": 25,
    "num_byzantine": 3,
    "use_dp": true,
    "epsilon": 10.0,
    "delta": 1e-05,
    "use_fltrust": false,
    "use_topk": true,
    "topk_ratio": 0.01,
    "root_dataset_size": 600,
    "rescale_to_ref_norm": false
  },
  "results": {
    "elapsed_seconds": 666.103884935379,
    "noise_multiplier": 0.6207275390625,
    "confusion_matrix": [
      [
        2,
        1,
        0,
        977,
        0,
        0,
        0,
        0,
        0,
        0
      ],
      [
        0,
        1050,
        0,
        85,
        0,
        0,
        0,
        0,
        0,
        0
      ],
      [
        0,
        32,
        0,
        1000,
        0,
        0,
        0,
        0,
        0,
        0
      ],
      [
        0,
        0,
        0,
        1010,
        0,
        0,
        0,
        0,
        0,
        0
      ],
      [
        0,
        39,
        0,
        942,
        0,
        0,
        1,
        0,
        0,
        0
      ],
      [
        0,
        33,
        0,
        859,
        0,
        0,
        0,
        0,
        0,
        0
      ],
      [
        0,
        44,
        0,
        808,
        0,
        0,
        106,
        0,
        0,
        0
      ],
      [
        0,
        35,
        0,
        993,
        0,
        0,
        0,
        0,
        0,
        0
      ],
      [
        0,
        31,
        0,
        943,
        0,
        0,
        0,
        0,
        0,
        0
      ],
      [
        0,
        21,
        0,
        988,
        0,
        0,
        0,
        0,
        0,
        0
      ]
    ],
    "per_class_scores": {
      "0": {
        "precision": 1.0,
        "recall": 0.002,
        "f1": 0.0041
      },
      "1": {
        "precision": 0.8165,
        "recall": 0.9251,
        "f1": 0.8674
      },
      "2": {
        "precision": 0.0,
        "recall": 0.0,
        "f1": 0.0
      },
      "3": {
        "precision": 0.1174,
        "recall": 1.0,
        "f1": 0.2101
      },
      "4": {
        "precision": 0.0,
        "recall": 0.0,
        "f1": 0.0
      },
      "5": {
        "precision": 0.0,
        "recall": 0.0,
        "f1": 0.0
      },
      "6": {
        "precision": 0.9907,
        "recall": 0.1106,
        "f1": 0.1991
      },
      "7": {
        "precision": 0.0,
        "recall": 0.0,
        "f1": 0.0
      },
      "8": {
        "precision": 0.0,
        "recall": 0.0,
        "f1": 0.0
      },
      "9": {
        "precision": 0.0,
        "recall": 0.0,
        "f1": 0.0
      }
    },
    "per_round": [
      {
        "round": 1,
        "loss": 2.303180922334568,
        "accuracy": 0.0938,
        "epsilon": 4.086322914674564
      },
      {
        "round": 2,
        "loss": 2.299617913584359,
        "accuracy": 0.1235,
        "epsilon": 4.617906171269373
      },
      {
        "round": 3,
        "loss": 2.2962465735670095,
        "accuracy": 0.1141,
        "epsilon": 5.028843731140058
      },
      {
        "round": 4,
        "loss": 2.2930499334304857,
        "accuracy": 0.1135,
        "epsilon": 5.389375251898174
      },
      {
        "round": 5,
        "loss": 2.290074237238485,
        "accuracy": 0.1137,
        "epsilon": 5.705341640768158
      },
      {
        "round": 6,
        "loss": 2.2869949843555974,
        "accuracy": 0.1164,
        "epsilon": 6.002269603527603
      },
      {
        "round": 7,
        "loss": 2.2841285371932742,
        "accuracy": 0.139,
        "epsilon": 6.281022941509973
      },
      {
        "round": 8,
        "loss": 2.2811896107829037,
        "accuracy": 0.1728,
        "epsilon": 6.544686161879607
      },
      {
        "round": 9,
        "loss": 2.278019414542201,
        "accuracy": 0.1984,
        "epsilon": 6.793507209300302
      },
      {
        "round": 10,
        "loss": 2.2749296331557987,
        "accuracy": 0.2088,
        "epsilon": 7.042328256720996
      },
      {
        "round": 11,
        "loss": 2.271317261095626,
        "accuracy": 0.21,
        "epsilon": 7.268026263343604
      },
      {
        "round": 12,
        "loss": 2.2680980062332394,
        "accuracy": 0.2103,
        "epsilon": 7.492238516370941
      },
      {
        "round": 13,
        "loss": 2.2644811575405135,
        "accuracy": 0.2093,
        "epsilon": 7.7164507693982785
      },
      {
        "round": 14,
        "loss": 2.2605501051528,
        "accuracy": 0.2074,
        "epsilon": 7.926193855815168
      },
      {
        "round": 15,
        "loss": 2.2561525917662597,
        "accuracy": 0.2066,
        "epsilon": 8.129764593207236
      },
      {
        "round": 16,
        "loss": 2.251920995620874,
        "accuracy": 0.2027,
        "epsilon": 8.333335330599308
      },
      {
        "round": 17,
        "loss": 2.2467187128889674,
        "accuracy": 0.2007,
        "epsilon": 8.536906067991378
      },
      {
        "round": 18,
        "loss": 2.2411693216512765,
        "accuracy": 0.202,
        "epsilon": 8.729155239836654
      },
      {
        "round": 19,
        "loss": 2.234866533797389,
        "accuracy": 0.2027,
        "epsilon": 8.915095744096503
      },
      {
        "round": 20,
        "loss": 2.228326992485851,
        "accuracy": 0.2052,
        "epsilon": 9.101036248356353
      },
      {
        "round": 21,
        "loss": 2.2214251303444272,
        "accuracy": 0.2057,
        "epsilon": 9.286976752616205
      },
      {
        "round": 22,
        "loss": 2.214014377837745,
        "accuracy": 0.2029,
        "epsilon": 9.472917256876054
      },
      {
        "round": 23,
        "loss": 2.205975387804805,
        "accuracy": 0.206,
        "epsilon": 9.650055684662494
      },
      {
        "round": 24,
        "loss": 2.1968130075131747,
        "accuracy": 0.2111,
        "epsilon": 9.820692026332008
      },
      {
        "round": 25,
        "loss": 2.187080902032578,
        "accuracy": 0.2168,
        "epsilon": 9.991328368001524
      }
    ]
  }
}