{
  "config": {
    "config_id": 6,
    "num_clients": 15,
    "num_rounds": 25,
    "num_byzantine": 3,
    "use_dp": true,
    "epsilon": 10.0,
    "delta": 1e-05,
    "use_fltrust": false,
    "use_topk": true,
    "topk_ratio": 0.1,
    "root_dataset_size": 600,
    "rescale_to_ref_norm": false
  },
  "results": {
    "elapsed_seconds": 658.6973206996918,
    "noise_multiplier": 0.6207275390625,
    "confusion_matrix": [
      [
        947,
        5,
        0,
        16,
        2,
        0,
        7,
        0,
        3,
        0
      ],
      [
        0,
        1127,
        0,
        5,
        0,
        0,
        3,
        0,
        0,
        0
      ],
      [
        69,
        92,
        556,
        202,
        31,
        0,
        74,
        0,
        5,
        3
      ],
      [
        26,
        37,
        4,
        928,
        3,
        0,
        7,
        0,
        1,
        4
      ],
      [
        4,
        112,
        3,
        1,
        792,
        0,
        37,
        0,
        2,
        31
      ],
      [
        83,
        69,
        2,
        463,
        45,
        90,
        53,
        0,
        83,
        4
      ],
      [
        51,
        49,
        0,
        0,
        5,
        0,
        848,
        0,
        5,
        0
      ],
      [
        28,
        192,
        9,
        525,
        129,
        0,
        1,
        0,
        7,
        137
      ],
      [
        68,
        157,
        3,
        380,
        23,
        0,
        25,
        0,
        302,
        16
      ],
      [
        30,
        144,
        16,
        45,
        226,
        0,
        2,
        0,
        20,
        526
      ]
    ],
    "per_class_scores": {
      "0": {
        "precision": 0.7251,
        "recall": 0.9663,
        "f1": 0.8285
      },
      "1": {
        "precision": 0.568,
        "recall": 0.993,
        "f1": 0.7227
      },
      "2": {
        "precision": 0.9376,
        "recall": 0.5388,
        "f1": 0.6843
      },
      "3": {
        "precision": 0.3618,
        "recall": 0.9188,
        "f1": 0.5192
      },
      "4": {
        "precision": 0.6306,
        "recall": 0.8065,
        "f1": 0.7078
      },
      "5": {
        "precision": 1.0,
        "recall": 0.1009,
        "f1": 0.1833
      },
      "6": {
        "precision": 0.8023,
        "recall": 0.8852,
        "f1": 0.8417
      },
      "7": {
        "precision": 0.0,
        "recall": 0.0,
        "f1": 0.0
      },
      "8": {
        "precision": 0.7056,
        "recall": 0.3101,
        "f1": 0.4308
      },
      "9": {
        "precision": 0.7295,
        "recall": 0.5213,
        "f1": 0.6081
      }
    },
    "per_round": [
      {
        "round": 1,
        "loss": 2.298520367747298,
        "accuracy": 0.1004,
        "epsilon": 4.086322914674564
      },
      {
        "round": 2,
        "loss": 2.2905564452893437,
        "accuracy": 0.101,
        "epsilon": 4.617906171269373
      },
      {
        "round": 3,
        "loss": 2.2835733250688057,
        "accuracy": 0.101,
        "epsilon": 5.028843731140058
      },
      {
        "round": 4,
        "loss": 2.2762631082687137,
        "accuracy": 0.101,
        "epsilon": 5.389375251898174
      },
      {
        "round": 5,
        "loss": 2.268458483699031,
        "accuracy": 0.101,
        "epsilon": 5.705341640768158
      },
      {
        "round": 6,
        "loss": 2.2596714207158684,
        "accuracy": 0.1027,
        "epsilon": 6.002269603527603
      },
      {
        "round": 7,
        "loss": 2.24937945204421,
        "accuracy": 0.16,
        "epsilon": 6.281022941509973
      },
      {
        "round": 8,
        "loss": 2.2378898261073297,
        "accuracy": 0.196,
        "epsilon": 6.544686161879607
      },
      {
        "round": 9,
        "loss": 2.225711491922982,
        "accuracy": 0.2097,
        "epsilon": 6.793507209300302
      },
      {
        "round": 10,
        "loss": 2.2117849775015737,
        "accuracy": 0.2293,
        "epsilon": 7.042328256720996
      },
      {
        "round": 11,
        "loss": 2.1954792269502583,
        "accuracy": 0.2564,
        "epsilon": 7.268026263343604
      },
      {
        "round": 12,
        "loss": 2.178143125753434,
        "accuracy": 0.2839,
        "epsilon": 7.492238516370941
      },
      {
        "round": 13,
        "loss": 2.1563002621403897,
        "accuracy": 0.3289,
        "epsilon": 7.7164507693982785
      },
      {
        "round": 14,
        "loss": 2.13129824266647,
        "accuracy": 0.379,
        "epsilon": 7.926193855815168
      },
      {
        "round": 15,
        "loss": 2.103469675341353,
        "accuracy": 0.4216,
        "epsilon": 8.129764593207236
      },
      {
        "round": 16,
        "loss": 2.0719719911916568,
        "accuracy": 0.4577,
        "epsilon": 8.333335330599308
      },
      {
        "round": 17,
        "loss": 2.0372558637929803,
        "accuracy": 0.4905,
        "epsilon": 8.536906067991378
      },
      {
        "round": 18,
        "loss": 1.9973859090012867,
        "accuracy": 0.5206,
        "epsilon": 8.729155239836654
      },
      {
        "round": 19,
        "loss": 1.954132071318337,
        "accuracy": 0.5408,
        "epsilon": 8.915095744096503
      },
      {
        "round": 20,
        "loss": 1.9050468530136937,
        "accuracy": 0.5638,
        "epsilon": 9.101036248356353
      },
      {
        "round": 21,
        "loss": 1.8514354868818776,
        "accuracy": 0.5802,
        "epsilon": 9.286976752616205
      },
      {
        "round": 22,
        "loss": 1.796086274396878,
        "accuracy": 0.5921,
        "epsilon": 9.472917256876054
      },
      {
        "round": 23,
        "loss": 1.7376612337252584,
        "accuracy": 0.5976,
        "epsilon": 9.650055684662494
      },
      {
        "round": 24,
        "loss": 1.6739361956477543,
        "accuracy": 0.6114,
        "epsilon": 9.820692026332008
      },
      {
        "round": 25,
        "loss": 1.6095986042540675,
        "accuracy": 0.6116,
        "epsilon": 9.991328368001524
      }
    ]
  }
}