{
  "config": {
    "config_id": 6,
    "num_clients": 15,
    "num_rounds": 25,
    "num_byzantine": 3,
    "use_dp": true,
    "epsilon": 5.0,
    "delta": 1e-05,
    "use_fltrust": false,
    "use_topk": true,
    "topk_ratio": 0.1,
    "root_dataset_size": 600,
    "rescale_to_ref_norm": false
  },
  "results": {
    "elapsed_seconds": 650.3909561634064,
    "noise_multiplier": 0.78369140625,
    "confusion_matrix": [
      [
        937,
        4,
        0,
        16,
        0,
        0,
        18,
        1,
        4,
        0
      ],
      [
        0,
        1130,
        1,
        3,
        0,
        0,
        1,
        0,
        0,
        0
      ],
      [
        94,
        218,
        573,
        43,
        6,
        0,
        75,
        5,
        12,
        6
      ],
      [
        39,
        103,
        34,
        813,
        0,
        0,
        4,
        1,
        8,
        8
      ],
      [
        47,
        101,
        1,
        2,
        679,
        0,
        27,
        0,
        26,
        99
      ],
      [
        180,
        183,
        4,
        403,
        14,
        1,
        31,
        1,
        43,
        32
      ],
      [
        149,
        110,
        4,
        4,
        8,
        0,
        682,
        0,
        0,
        1
      ],
      [
        28,
        178,
        15,
        10,
        57,
        0,
        0,
        535,
        57,
        148
      ],
      [
        112,
        193,
        4,
        250,
        15,
        0,
        41,
        10,
        303,
        46
      ],
      [
        61,
        89,
        3,
        23,
        297,
        0,
        3,
        16,
        55,
        462
      ]
    ],
    "per_class_scores": {
      "0": {
        "precision": 0.5689,
        "recall": 0.9561,
        "f1": 0.7134
      },
      "1": {
        "precision": 0.4894,
        "recall": 0.9956,
        "f1": 0.6562
      },
      "2": {
        "precision": 0.8967,
        "recall": 0.5552,
        "f1": 0.6858
      },
      "3": {
        "precision": 0.5188,
        "recall": 0.805,
        "f1": 0.631
      },
      "4": {
        "precision": 0.631,
        "recall": 0.6914,
        "f1": 0.6599
      },
      "5": {
        "precision": 1.0,
        "recall": 0.0011,
        "f1": 0.0022
      },
      "6": {
        "precision": 0.7732,
        "recall": 0.7119,
        "f1": 0.7413
      },
      "7": {
        "precision": 0.9402,
        "recall": 0.5204,
        "f1": 0.67
      },
      "8": {
        "precision": 0.5965,
        "recall": 0.3111,
        "f1": 0.4089
      },
      "9": {
        "precision": 0.5761,
        "recall": 0.4579,
        "f1": 0.5102
      }
    },
    "per_round": [
      {
        "round": 1,
        "loss": 2.296606900212102,
        "accuracy": 0.1347,
        "epsilon": 2.1363427864562325
      },
      {
        "round": 2,
        "loss": 2.29046428470185,
        "accuracy": 0.1625,
        "epsilon": 2.355867177889068
      },
      {
        "round": 3,
        "loss": 2.2846905111123954,
        "accuracy": 0.1779,
        "epsilon": 2.5349251915223845
      },
      {
        "round": 4,
        "loss": 2.278987380262381,
        "accuracy": 0.1872,
        "epsilon": 2.6948628129261696
      },
      {
        "round": 5,
        "loss": 2.272831811691626,
        "accuracy": 0.1987,
        "epsilon": 2.842663649003089
      },
      {
        "round": 6,
        "loss": 2.265909090590553,
        "accuracy": 0.2128,
        "epsilon": 2.9826219732017534
      },
      {
        "round": 7,
        "loss": 2.257068906729214,
        "accuracy": 0.2243,
        "epsilon": 3.1143254197696115
      },
      {
        "round": 8,
        "loss": 2.2472296644704413,
        "accuracy": 0.2454,
        "epsilon": 3.2409755644106735
      },
      {
        "round": 9,
        "loss": 2.2365624973187432,
        "accuracy": 0.2803,
        "epsilon": 3.3645064678595293
      },
      {
        "round": 10,
        "loss": 2.2244310927467223,
        "accuracy": 0.3186,
        "epsilon": 3.4820566839349714
      },
      {
        "round": 11,
        "loss": 2.2101450994753606,
        "accuracy": 0.3662,
        "epsilon": 3.598634621120063
      },
      {
        "round": 12,
        "loss": 2.19423351958156,
        "accuracy": 0.4026,
        "epsilon": 3.709841073916262
      },
      {
        "round": 13,
        "loss": 2.176056454356867,
        "accuracy": 0.4342,
        "epsilon": 3.820385437256507
      },
      {
        "round": 14,
        "loss": 2.1554937553101072,
        "accuracy": 0.458,
        "epsilon": 3.9271251139776058
      },
      {
        "round": 15,
        "loss": 2.1319151594996835,
        "accuracy": 0.4878,
        "epsilon": 4.032340361371554
      },
      {
        "round": 16,
        "loss": 2.104931965041846,
        "accuracy": 0.5168,
        "epsilon": 4.1359615558545295
      },
      {
        "round": 17,
        "loss": 2.074606902683124,
        "accuracy": 0.5287,
        "epsilon": 4.236396161557999
      },
      {
        "round": 18,
        "loss": 2.0407574641437956,
        "accuracy": 0.5532,
        "epsilon": 4.336830767261469
      },
      {
        "round": 19,
        "loss": 2.0025218081550475,
        "accuracy": 0.5611,
        "epsilon": 4.4340231124070195
      },
      {
        "round": 20,
        "loss": 1.9596334722476267,
        "accuracy": 0.5753,
        "epsilon": 4.530110831568128
      },
      {
        "round": 21,
        "loss": 1.9122014399915457,
        "accuracy": 0.5853,
        "epsilon": 4.626198550729237
      },
      {
        "round": 22,
        "loss": 1.861157560881715,
        "accuracy": 0.592,
        "epsilon": 4.7185196615583695
      },
      {
        "round": 23,
        "loss": 1.807658404968798,
        "accuracy": 0.5946,
        "epsilon": 4.81060876445783
      },
      {
        "round": 24,
        "loss": 1.7511614705807863,
        "accuracy": 0.6006,
        "epsilon": 4.902697867357291
      },
      {
        "round": 25,
        "loss": 1.692717340426704,
        "accuracy": 0.6115,
        "epsilon": 4.9914239483918355
      }
    ]
  }
}