{
  "config": {
    "config_id": 2,
    "num_clients": 15,
    "num_rounds": 25,
    "num_byzantine": 3,
    "use_dp": true,
    "epsilon": 1.0,
    "delta": 1e-05,
    "use_fltrust": false,
    "use_topk": false,
    "topk_ratio": 0.1,
    "root_dataset_size": 600,
    "rescale_to_ref_norm": false
  },
  "results": {
    "elapsed_seconds": 635.3208293914795,
    "noise_multiplier": 1.982421875,
    "confusion_matrix": [
      [
        935,
        3,
        2,
        5,
        0,
        4,
        24,
        0,
        7,
        0
      ],
      [
        0,
        1122,
        3,
        6,
        1,
        0,
        3,
        0,
        0,
        0
      ],
      [
        49,
        130,
        739,
        49,
        9,
        1,
        48,
        0,
        6,
        1
      ],
      [
        22,
        59,
        41,
        858,
        3,
        7,
        12,
        1,
        5,
        2
      ],
      [
        10,
        76,
        2,
        2,
        805,
        0,
        64,
        0,
        2,
        21
      ],
      [
        107,
        129,
        3,
        256,
        38,
        248,
        59,
        0,
        46,
        6
      ],
      [
        48,
        50,
        2,
        1,
        5,
        1,
        851,
        0,
        0,
        0
      ],
      [
        18,
        161,
        13,
        460,
        11,
        0,
        1,
        160,
        15,
        189
      ],
      [
        85,
        144,
        15,
        231,
        42,
        9,
        69,
        0,
        363,
        16
      ],
      [
        29,
        80,
        1,
        56,
        369,
        1,
        9,
        0,
        9,
        455
      ]
    ],
    "per_class_scores": {
      "0": {
        "precision": 0.7176,
        "recall": 0.9541,
        "f1": 0.8191
      },
      "1": {
        "precision": 0.5742,
        "recall": 0.9885,
        "f1": 0.7264
      },
      "2": {
        "precision": 0.9001,
        "recall": 0.7161,
        "f1": 0.7976
      },
      "3": {
        "precision": 0.4459,
        "recall": 0.8495,
        "f1": 0.5849
      },
      "4": {
        "precision": 0.6274,
        "recall": 0.8198,
        "f1": 0.7108
      },
      "5": {
        "precision": 0.9151,
        "recall": 0.278,
        "f1": 0.4265
      },
      "6": {
        "precision": 0.7465,
        "recall": 0.8883,
        "f1": 0.8112
      },
      "7": {
        "precision": 0.9938,
        "recall": 0.1556,
        "f1": 0.2691
      },
      "8": {
        "precision": 0.8013,
        "recall": 0.3727,
        "f1": 0.5088
      },
      "9": {
        "precision": 0.6594,
        "recall": 0.4509,
        "f1": 0.5356
      }
    },
    "per_round": [
      {
        "round": 1,
        "loss": 2.2891715517440163,
        "accuracy": 0.1484,
        "epsilon": 0.2399204018489443
      },
      {
        "round": 2,
        "loss": 2.2756329047413297,
        "accuracy": 0.1552,
        "epsilon": 0.28773956809916956
      },
      {
        "round": 3,
        "loss": 2.2624666363286514,
        "accuracy": 0.2721,
        "epsilon": 0.3355587343493948
      },
      {
        "round": 4,
        "loss": 2.246929963175862,
        "accuracy": 0.2956,
        "epsilon": 0.3816705906689727
      },
      {
        "round": 5,
        "loss": 2.229025704411272,
        "accuracy": 0.2838,
        "epsilon": 0.4270887997503888
      },
      {
        "round": 6,
        "loss": 2.203249571803279,
        "accuracy": 0.3277,
        "epsilon": 0.46926850355792377
      },
      {
        "round": 7,
        "loss": 2.1723400662882257,
        "accuracy": 0.337,
        "epsilon": 0.5083332137803313
      },
      {
        "round": 8,
        "loss": 2.1358573192986436,
        "accuracy": 0.3574,
        "epsilon": 0.5450043224560379
      },
      {
        "round": 9,
        "loss": 2.095183130270376,
        "accuracy": 0.3748,
        "epsilon": 0.5794526750625927
      },
      {
        "round": 10,
        "loss": 2.0415869901736325,
        "accuracy": 0.3999,
        "epsilon": 0.6122728287874819
      },
      {
        "round": 11,
        "loss": 1.9861072587509887,
        "accuracy": 0.4355,
        "epsilon": 0.6436367323377149
      },
      {
        "round": 12,
        "loss": 1.92074233998125,
        "accuracy": 0.4682,
        "epsilon": 0.6737183044391256
      },
      {
        "round": 13,
        "loss": 1.8506623350393279,
        "accuracy": 0.5181,
        "epsilon": 0.7027194221469599
      },
      {
        "round": 14,
        "loss": 1.7703035132953535,
        "accuracy": 0.5551,
        "epsilon": 0.7308768245427536
      },
      {
        "round": 15,
        "loss": 1.6858556377240264,
        "accuracy": 0.5822,
        "epsilon": 0.7577593096860143
      },
      {
        "round": 16,
        "loss": 1.6023450903237437,
        "accuracy": 0.5955,
        "epsilon": 0.7840605292123233
      },
      {
        "round": 17,
        "loss": 1.5179155398481567,
        "accuracy": 0.6087,
        "epsilon": 0.8096499380885369
      },
      {
        "round": 18,
        "loss": 1.4346523502002508,
        "accuracy": 0.6087,
        "epsilon": 0.8344460180561977
      },
      {
        "round": 19,
        "loss": 1.359362903113563,
        "accuracy": 0.61,
        "epsilon": 0.8587496839772941
      },
      {
        "round": 20,
        "loss": 1.2881272362824827,
        "accuracy": 0.6119,
        "epsilon": 0.8824630895488834
      },
      {
        "round": 21,
        "loss": 1.217468960407062,
        "accuracy": 0.6214,
        "epsilon": 0.9054882537403862
      },
      {
        "round": 22,
        "loss": 1.164536026910471,
        "accuracy": 0.6257,
        "epsilon": 0.9285134179318892
      },
      {
        "round": 23,
        "loss": 1.1085515005139117,
        "accuracy": 0.6357,
        "epsilon": 0.9503883402504228
      },
      {
        "round": 24,
        "loss": 1.0592157836920157,
        "accuracy": 0.6436,
        "epsilon": 0.9721421538372829
      },
      {
        "round": 25,
        "loss": 1.011497283515077,
        "accuracy": 0.6536,
        "epsilon": 0.9938959674241429
      }
    ]
  }
}