{
  "config": {
    "config_id": 8,
    "num_clients": 15,
    "num_rounds": 25,
    "num_byzantine": 3,
    "use_dp": true,
    "epsilon": 5.0,
    "delta": 1e-05,
    "use_fltrust": true,
    "use_topk": true,
    "topk_ratio": 0.1,
    "root_dataset_size": 600,
    "rescale_to_ref_norm": false
  },
  "results": {
    "elapsed_seconds": 652.6024084091187,
    "noise_multiplier": 0.78369140625,
    "confusion_matrix": [
      [
        0,
        980,
        0,
        0,
        0,
        0,
        0,
        0,
        0,
        0
      ],
      [
        0,
        1135,
        0,
        0,
        0,
        0,
        0,
        0,
        0,
        0
      ],
      [
        0,
        1032,
        0,
        0,
        0,
        0,
        0,
        0,
        0,
        0
      ],
      [
        0,
        1010,
        0,
        0,
        0,
        0,
        0,
        0,
        0,
        0
      ],
      [
        0,
        982,
        0,
        0,
        0,
        0,
        0,
        0,
        0,
        0
      ],
      [
        0,
        892,
        0,
        0,
        0,
        0,
        0,
        0,
        0,
        0
      ],
      [
        0,
        958,
        0,
        0,
        0,
        0,
        0,
        0,
        0,
        0
      ],
      [
        0,
        1028,
        0,
        0,
        0,
        0,
        0,
        0,
        0,
        0
      ],
      [
        0,
        974,
        0,
        0,
        0,
        0,
        0,
        0,
        0,
        0
      ],
      [
        0,
        1009,
        0,
        0,
        0,
        0,
        0,
        0,
        0,
        0
      ]
    ],
    "per_class_scores": {
      "0": {
        "precision": 0.0,
        "recall": 0.0,
        "f1": 0.0
      },
      "1": {
        "precision": 0.1135,
        "recall": 1.0,
        "f1": 0.2039
      },
      "2": {
        "precision": 0.0,
        "recall": 0.0,
        "f1": 0.0
      },
      "3": {
        "precision": 0.0,
        "recall": 0.0,
        "f1": 0.0
      },
      "4": {
        "precision": 0.0,
        "recall": 0.0,
        "f1": 0.0
      },
      "5": {
        "precision": 0.0,
        "recall": 0.0,
        "f1": 0.0
      },
      "6": {
        "precision": 0.0,
        "recall": 0.0,
        "f1": 0.0
      },
      "7": {
        "precision": 0.0,
        "recall": 0.0,
        "f1": 0.0
      },
      "8": {
        "precision": 0.0,
        "recall": 0.0,
        "f1": 0.0
      },
      "9": {
        "precision": 0.0,
        "recall": 0.0,
        "f1": 0.0
      }
    },
    "per_round": [
      {
        "round": 1,
        "loss": 2.3025414448576615,
        "accuracy": 0.1135,
        "epsilon": 2.1363427864562325
      },
      {
        "round": 2,
        "loss": 2.3021998877723377,
        "accuracy": 0.1135,
        "epsilon": 2.355867177889068
      },
      {
        "round": 3,
        "loss": 2.302267349566133,
        "accuracy": 0.1135,
        "epsilon": 2.5349251915223845
      },
      {
        "round": 4,
        "loss": 2.3021891193268016,
        "accuracy": 0.1135,
        "epsilon": 2.6948628129261696
      },
      {
        "round": 5,
        "loss": 2.302221733160293,
        "accuracy": 0.1135,
        "epsilon": 2.842663649003089
      },
      {
        "round": 6,
        "loss": 2.302266069113637,
        "accuracy": 0.1135,
        "epsilon": 2.9826219732017534
      },
      {
        "round": 7,
        "loss": 2.3021945869579863,
        "accuracy": 0.1135,
        "epsilon": 3.1143254197696115
      },
      {
        "round": 8,
        "loss": 2.302216281525243,
        "accuracy": 0.1135,
        "epsilon": 3.2409755644106735
      },
      {
        "round": 9,
        "loss": 2.302262252131209,
        "accuracy": 0.1135,
        "epsilon": 3.3645064678595293
      },
      {
        "round": 10,
        "loss": 2.302275286695828,
        "accuracy": 0.1135,
        "epsilon": 3.4820566839349714
      },
      {
        "round": 11,
        "loss": 2.3021892419638346,
        "accuracy": 0.1135,
        "epsilon": 3.598634621120063
      },
      {
        "round": 12,
        "loss": 2.302247665941525,
        "accuracy": 0.1135,
        "epsilon": 3.709841073916262
      },
      {
        "round": 13,
        "loss": 2.3021876035026088,
        "accuracy": 0.1135,
        "epsilon": 3.820385437256507
      },
      {
        "round": 14,
        "loss": 2.302264567000416,
        "accuracy": 0.1135,
        "epsilon": 3.9271251139776058
      },
      {
        "round": 15,
        "loss": 2.302228372317914,
        "accuracy": 0.1135,
        "epsilon": 4.032340361371554
      },
      {
        "round": 16,
        "loss": 2.3022521875156006,
        "accuracy": 0.1135,
        "epsilon": 4.1359615558545295
      },
      {
        "round": 17,
        "loss": 2.302187678151237,
        "accuracy": 0.1135,
        "epsilon": 4.236396161557999
      },
      {
        "round": 18,
        "loss": 2.3022008033606194,
        "accuracy": 0.1135,
        "epsilon": 4.336830767261469
      },
      {
        "round": 19,
        "loss": 2.3022114141299705,
        "accuracy": 0.1135,
        "epsilon": 4.4340231124070195
      },
      {
        "round": 20,
        "loss": 2.3021712706873587,
        "accuracy": 0.1135,
        "epsilon": 4.530110831568128
      },
      {
        "round": 21,
        "loss": 2.302229866813928,
        "accuracy": 0.1135,
        "epsilon": 4.626198550729237
      },
      {
        "round": 22,
        "loss": 2.3022430506758034,
        "accuracy": 0.1135,
        "epsilon": 4.7185196615583695
      },
      {
        "round": 23,
        "loss": 2.3022151153308514,
        "accuracy": 0.1135,
        "epsilon": 4.81060876445783
      },
      {
        "round": 24,
        "loss": 2.3021818250893786,
        "accuracy": 0.1135,
        "epsilon": 4.902697867357291
      },
      {
        "round": 25,
        "loss": 2.302182121398731,
        "accuracy": 0.1135,
        "epsilon": 4.9914239483918355
      }
    ]
  }
}