{
  "config": {
    "config_id": 2,
    "num_clients": 15,
    "num_rounds": 25,
    "num_byzantine": 3,
    "use_dp": true,
    "epsilon": 10.0,
    "delta": 1e-05,
    "use_fltrust": false,
    "use_topk": false,
    "topk_ratio": 0.1,
    "root_dataset_size": 600,
    "rescale_to_ref_norm": false
  },
  "results": {
    "elapsed_seconds": 658.6338882446289,
    "noise_multiplier": 0.6207275390625,
    "confusion_matrix": [
      [
        924,
        3,
        3,
        13,
        3,
        2,
        24,
        2,
        6,
        0
      ],
      [
        0,
        1125,
        1,
        6,
        0,
        0,
        3,
        0,
        0,
        0
      ],
      [
        59,
        59,
        781,
        42,
        27,
        0,
        43,
        10,
        10,
        1
      ],
      [
        48,
        48,
        48,
        806,
        5,
        0,
        6,
        21,
        21,
        7
      ],
      [
        5,
        38,
        1,
        0,
        896,
        0,
        31,
        4,
        0,
        7
      ],
      [
        194,
        58,
        14,
        201,
        48,
        238,
        29,
        53,
        39,
        18
      ],
      [
        64,
        56,
        7,
        1,
        10,
        7,
        811,
        0,
        2,
        0
      ],
      [
        6,
        98,
        10,
        6,
        21,
        0,
        2,
        854,
        17,
        14
      ],
      [
        95,
        104,
        24,
        153,
        24,
        6,
        36,
        26,
        483,
        23
      ],
      [
        29,
        53,
        1,
        12,
        303,
        0,
        7,
        131,
        9,
        464
      ]
    ],
    "per_class_scores": {
      "0": {
        "precision": 0.6489,
        "recall": 0.9429,
        "f1": 0.7687
      },
      "1": {
        "precision": 0.6851,
        "recall": 0.9912,
        "f1": 0.8102
      },
      "2": {
        "precision": 0.8775,
        "recall": 0.7568,
        "f1": 0.8127
      },
      "3": {
        "precision": 0.65,
        "recall": 0.798,
        "f1": 0.7164
      },
      "4": {
        "precision": 0.6702,
        "recall": 0.9124,
        "f1": 0.7727
      },
      "5": {
        "precision": 0.9407,
        "recall": 0.2668,
        "f1": 0.4157
      },
      "6": {
        "precision": 0.8175,
        "recall": 0.8466,
        "f1": 0.8318
      },
      "7": {
        "precision": 0.7757,
        "recall": 0.8307,
        "f1": 0.8023
      },
      "8": {
        "precision": 0.8228,
        "recall": 0.4959,
        "f1": 0.6188
      },
      "9": {
        "precision": 0.8689,
        "recall": 0.4599,
        "f1": 0.6014
      }
    },
    "per_round": [
      {
        "round": 1,
        "loss": 2.293348196596383,
        "accuracy": 0.1052,
        "epsilon": 4.086322914674564
      },
      {
        "round": 2,
        "loss": 2.2786153794858404,
        "accuracy": 0.1232,
        "epsilon": 4.617906171269373
      },
      {
        "round": 3,
        "loss": 2.2630753273400255,
        "accuracy": 0.2523,
        "epsilon": 5.028843731140058
      },
      {
        "round": 4,
        "loss": 2.2452717817629484,
        "accuracy": 0.3555,
        "epsilon": 5.389375251898174
      },
      {
        "round": 5,
        "loss": 2.222989882143161,
        "accuracy": 0.411,
        "epsilon": 5.705341640768158
      },
      {
        "round": 6,
        "loss": 2.195475787781298,
        "accuracy": 0.4408,
        "epsilon": 6.002269603527603
      },
      {
        "round": 7,
        "loss": 2.161461975627814,
        "accuracy": 0.4972,
        "epsilon": 6.281022941509973
      },
      {
        "round": 8,
        "loss": 2.1179164743271115,
        "accuracy": 0.5284,
        "epsilon": 6.544686161879607
      },
      {
        "round": 9,
        "loss": 2.064612741668385,
        "accuracy": 0.5675,
        "epsilon": 6.793507209300302
      },
      {
        "round": 10,
        "loss": 2.0020427574364903,
        "accuracy": 0.5973,
        "epsilon": 7.042328256720996
      },
      {
        "round": 11,
        "loss": 1.930357778034271,
        "accuracy": 0.624,
        "epsilon": 7.268026263343604
      },
      {
        "round": 12,
        "loss": 1.8477569921329,
        "accuracy": 0.6493,
        "epsilon": 7.492238516370941
      },
      {
        "round": 13,
        "loss": 1.7561801260652634,
        "accuracy": 0.6532,
        "epsilon": 7.7164507693982785
      },
      {
        "round": 14,
        "loss": 1.6594235371476929,
        "accuracy": 0.6612,
        "epsilon": 7.926193855815168
      },
      {
        "round": 15,
        "loss": 1.5608056810336375,
        "accuracy": 0.6762,
        "epsilon": 8.129764593207236
      },
      {
        "round": 16,
        "loss": 1.4602384285424084,
        "accuracy": 0.6816,
        "epsilon": 8.333335330599308
      },
      {
        "round": 17,
        "loss": 1.3607989458230356,
        "accuracy": 0.6962,
        "epsilon": 8.536906067991378
      },
      {
        "round": 18,
        "loss": 1.2693934366345025,
        "accuracy": 0.7053,
        "epsilon": 8.729155239836654
      },
      {
        "round": 19,
        "loss": 1.1848526907424195,
        "accuracy": 0.7088,
        "epsilon": 8.915095744096503
      },
      {
        "round": 20,
        "loss": 1.1105554757026819,
        "accuracy": 0.7105,
        "epsilon": 9.101036248356353
      },
      {
        "round": 21,
        "loss": 1.0444536624244225,
        "accuracy": 0.7159,
        "epsilon": 9.286976752616205
      },
      {
        "round": 22,
        "loss": 0.9879266844389918,
        "accuracy": 0.7232,
        "epsilon": 9.472917256876054
      },
      {
        "round": 23,
        "loss": 0.9355942378409754,
        "accuracy": 0.7265,
        "epsilon": 9.650055684662494
      },
      {
        "round": 24,
        "loss": 0.8863396423693283,
        "accuracy": 0.7342,
        "epsilon": 9.820692026332008
      },
      {
        "round": 25,
        "loss": 0.8442107392385746,
        "accuracy": 0.7382,
        "epsilon": 9.991328368001524
      }
    ]
  }
}