{
  "config": {
    "config_id": 8,
    "num_clients": 15,
    "num_rounds": 25,
    "num_byzantine": 3,
    "use_dp": true,
    "epsilon": 10.0,
    "delta": 1e-05,
    "use_fltrust": true,
    "use_topk": true,
    "topk_ratio": 0.01,
    "root_dataset_size": 600,
    "rescale_to_ref_norm": false
  },
  "results": {
    "elapsed_seconds": 664.90833735466,
    "noise_multiplier": 0.6207275390625,
    "confusion_matrix": [
      [
        0,
        980,
        0,
        0,
        0,
        0,
        0,
        0,
        0,
        0
      ],
      [
        0,
        1135,
        0,
        0,
        0,
        0,
        0,
        0,
        0,
        0
      ],
      [
        0,
        1032,
        0,
        0,
        0,
        0,
        0,
        0,
        0,
        0
      ],
      [
        0,
        1010,
        0,
        0,
        0,
        0,
        0,
        0,
        0,
        0
      ],
      [
        0,
        982,
        0,
        0,
        0,
        0,
        0,
        0,
        0,
        0
      ],
      [
        0,
        892,
        0,
        0,
        0,
        0,
        0,
        0,
        0,
        0
      ],
      [
        0,
        958,
        0,
        0,
        0,
        0,
        0,
        0,
        0,
        0
      ],
      [
        0,
        1028,
        0,
        0,
        0,
        0,
        0,
        0,
        0,
        0
      ],
      [
        0,
        974,
        0,
        0,
        0,
        0,
        0,
        0,
        0,
        0
      ],
      [
        0,
        1009,
        0,
        0,
        0,
        0,
        0,
        0,
        0,
        0
      ]
    ],
    "per_class_scores": {
      "0": {
        "precision": 0.0,
        "recall": 0.0,
        "f1": 0.0
      },
      "1": {
        "precision": 0.1135,
        "recall": 1.0,
        "f1": 0.2039
      },
      "2": {
        "precision": 0.0,
        "recall": 0.0,
        "f1": 0.0
      },
      "3": {
        "precision": 0.0,
        "recall": 0.0,
        "f1": 0.0
      },
      "4": {
        "precision": 0.0,
        "recall": 0.0,
        "f1": 0.0
      },
      "5": {
        "precision": 0.0,
        "recall": 0.0,
        "f1": 0.0
      },
      "6": {
        "precision": 0.0,
        "recall": 0.0,
        "f1": 0.0
      },
      "7": {
        "precision": 0.0,
        "recall": 0.0,
        "f1": 0.0
      },
      "8": {
        "precision": 0.0,
        "recall": 0.0,
        "f1": 0.0
      },
      "9": {
        "precision": 0.0,
        "recall": 0.0,
        "f1": 0.0
      }
    },
    "per_round": [
      {
        "round": 1,
        "loss": 2.3025485052468295,
        "accuracy": 0.101,
        "epsilon": 4.086322914674564
      },
      {
        "round": 2,
        "loss": 2.3022119336234876,
        "accuracy": 0.1135,
        "epsilon": 4.617906171269373
      },
      {
        "round": 3,
        "loss": 2.302300576584789,
        "accuracy": 0.1135,
        "epsilon": 5.028843731140058
      },
      {
        "round": 4,
        "loss": 2.3022592517133718,
        "accuracy": 0.1135,
        "epsilon": 5.389375251898174
      },
      {
        "round": 5,
        "loss": 2.3022132445448125,
        "accuracy": 0.1135,
        "epsilon": 5.705341640768158
      },
      {
        "round": 6,
        "loss": 2.302230109802831,
        "accuracy": 0.1135,
        "epsilon": 6.002269603527603
      },
      {
        "round": 7,
        "loss": 2.3022453327910206,
        "accuracy": 0.1135,
        "epsilon": 6.281022941509973
      },
      {
        "round": 8,
        "loss": 2.3022247236757614,
        "accuracy": 0.1135,
        "epsilon": 6.544686161879607
      },
      {
        "round": 9,
        "loss": 2.302283216208315,
        "accuracy": 0.1135,
        "epsilon": 6.793507209300302
      },
      {
        "round": 10,
        "loss": 2.302233015767302,
        "accuracy": 0.1135,
        "epsilon": 7.042328256720996
      },
      {
        "round": 11,
        "loss": 2.302304592376319,
        "accuracy": 0.1135,
        "epsilon": 7.268026263343604
      },
      {
        "round": 12,
        "loss": 2.3022570465319454,
        "accuracy": 0.1135,
        "epsilon": 7.492238516370941
      },
      {
        "round": 13,
        "loss": 2.302255526137428,
        "accuracy": 0.1135,
        "epsilon": 7.7164507693982785
      },
      {
        "round": 14,
        "loss": 2.3022006373055066,
        "accuracy": 0.1135,
        "epsilon": 7.926193855815168
      },
      {
        "round": 15,
        "loss": 2.302239093536767,
        "accuracy": 0.1135,
        "epsilon": 8.129764593207236
      },
      {
        "round": 16,
        "loss": 2.3022999702551115,
        "accuracy": 0.1135,
        "epsilon": 8.333335330599308
      },
      {
        "round": 17,
        "loss": 2.3022248996332437,
        "accuracy": 0.1135,
        "epsilon": 8.536906067991378
      },
      {
        "round": 18,
        "loss": 2.3022609541591366,
        "accuracy": 0.1135,
        "epsilon": 8.729155239836654
      },
      {
        "round": 19,
        "loss": 2.302236762671425,
        "accuracy": 0.1135,
        "epsilon": 8.915095744096503
      },
      {
        "round": 20,
        "loss": 2.302241389362957,
        "accuracy": 0.1135,
        "epsilon": 9.101036248356353
      },
      {
        "round": 21,
        "loss": 2.3022355370628187,
        "accuracy": 0.1135,
        "epsilon": 9.286976752616205
      },
      {
        "round": 22,
        "loss": 2.302241937801861,
        "accuracy": 0.1135,
        "epsilon": 9.472917256876054
      },
      {
        "round": 23,
        "loss": 2.3022851007053267,
        "accuracy": 0.1135,
        "epsilon": 9.650055684662494
      },
      {
        "round": 24,
        "loss": 2.302212725051295,
        "accuracy": 0.1135,
        "epsilon": 9.820692026332008
      },
      {
        "round": 25,
        "loss": 2.30229420174425,
        "accuracy": 0.1135,
        "epsilon": 9.991328368001524
      }
    ]
  }
}