{
  "config": {
    "config_id": 2,
    "num_clients": 15,
    "num_rounds": 25,
    "num_byzantine": 3,
    "use_dp": true,
    "epsilon": 5.0,
    "delta": 1e-05,
    "use_fltrust": false,
    "use_topk": false,
    "topk_ratio": 0.1,
    "root_dataset_size": 600,
    "rescale_to_ref_norm": false
  },
  "results": {
    "elapsed_seconds": 640.7589249610901,
    "noise_multiplier": 0.78369140625,
    "confusion_matrix": [
      [
        933,
        6,
        2,
        26,
        1,
        0,
        7,
        0,
        5,
        0
      ],
      [
        0,
        1127,
        1,
        4,
        0,
        0,
        3,
        0,
        0,
        0
      ],
      [
        55,
        112,
        642,
        67,
        18,
        0,
        128,
        0,
        9,
        1
      ],
      [
        50,
        71,
        14,
        855,
        2,
        0,
        7,
        0,
        2,
        9
      ],
      [
        5,
        84,
        1,
        0,
        697,
        0,
        28,
        0,
        1,
        166
      ],
      [
        138,
        118,
        5,
        394,
        39,
        115,
        29,
        0,
        22,
        32
      ],
      [
        77,
        69,
        20,
        2,
        8,
        5,
        772,
        0,
        5,
        0
      ],
      [
        25,
        176,
        25,
        387,
        31,
        0,
        5,
        25,
        14,
        340
      ],
      [
        117,
        177,
        6,
        258,
        29,
        2,
        34,
        0,
        310,
        41
      ],
      [
        31,
        99,
        5,
        26,
        249,
        0,
        1,
        0,
        3,
        595
      ]
    ],
    "per_class_scores": {
      "0": {
        "precision": 0.652,
        "recall": 0.952,
        "f1": 0.774
      },
      "1": {
        "precision": 0.5527,
        "recall": 0.993,
        "f1": 0.7101
      },
      "2": {
        "precision": 0.8904,
        "recall": 0.6221,
        "f1": 0.7325
      },
      "3": {
        "precision": 0.4235,
        "recall": 0.8465,
        "f1": 0.5645
      },
      "4": {
        "precision": 0.649,
        "recall": 0.7098,
        "f1": 0.678
      },
      "5": {
        "precision": 0.9426,
        "recall": 0.1289,
        "f1": 0.2268
      },
      "6": {
        "precision": 0.7613,
        "recall": 0.8058,
        "f1": 0.783
      },
      "7": {
        "precision": 1.0,
        "recall": 0.0243,
        "f1": 0.0475
      },
      "8": {
        "precision": 0.8356,
        "recall": 0.3183,
        "f1": 0.461
      },
      "9": {
        "precision": 0.5025,
        "recall": 0.5897,
        "f1": 0.5426
      }
    },
    "per_round": [
      {
        "round": 1,
        "loss": 2.297396518932745,
        "accuracy": 0.0729,
        "epsilon": 2.1363427864562325
      },
      {
        "round": 2,
        "loss": 2.290151887808364,
        "accuracy": 0.1756,
        "epsilon": 2.355867177889068
      },
      {
        "round": 3,
        "loss": 2.2811538015310755,
        "accuracy": 0.1177,
        "epsilon": 2.5349251915223845
      },
      {
        "round": 4,
        "loss": 2.2711048834620953,
        "accuracy": 0.1591,
        "epsilon": 2.6948628129261696
      },
      {
        "round": 5,
        "loss": 2.260449859661797,
        "accuracy": 0.2024,
        "epsilon": 2.842663649003089
      },
      {
        "round": 6,
        "loss": 2.2480245809585524,
        "accuracy": 0.1833,
        "epsilon": 2.9826219732017534
      },
      {
        "round": 7,
        "loss": 2.2325751499626962,
        "accuracy": 0.2631,
        "epsilon": 3.1143254197696115
      },
      {
        "round": 8,
        "loss": 2.2123375266504746,
        "accuracy": 0.3279,
        "epsilon": 3.2409755644106735
      },
      {
        "round": 9,
        "loss": 2.191072221000355,
        "accuracy": 0.3538,
        "epsilon": 3.3645064678595293
      },
      {
        "round": 10,
        "loss": 2.163762838314897,
        "accuracy": 0.3884,
        "epsilon": 3.4820566839349714
      },
      {
        "round": 11,
        "loss": 2.1302503831089497,
        "accuracy": 0.4337,
        "epsilon": 3.598634621120063
      },
      {
        "round": 12,
        "loss": 2.092890745915544,
        "accuracy": 0.4587,
        "epsilon": 3.709841073916262
      },
      {
        "round": 13,
        "loss": 2.048444255091512,
        "accuracy": 0.4932,
        "epsilon": 3.820385437256507
      },
      {
        "round": 14,
        "loss": 1.9979244390615643,
        "accuracy": 0.5074,
        "epsilon": 3.9271251139776058
      },
      {
        "round": 15,
        "loss": 1.9389613314558523,
        "accuracy": 0.5291,
        "epsilon": 4.032340361371554
      },
      {
        "round": 16,
        "loss": 1.8753898688398611,
        "accuracy": 0.5389,
        "epsilon": 4.1359615558545295
      },
      {
        "round": 17,
        "loss": 1.8056863428304755,
        "accuracy": 0.5533,
        "epsilon": 4.236396161557999
      },
      {
        "round": 18,
        "loss": 1.7318701340367622,
        "accuracy": 0.5578,
        "epsilon": 4.336830767261469
      },
      {
        "round": 19,
        "loss": 1.6560873669176437,
        "accuracy": 0.5636,
        "epsilon": 4.4340231124070195
      },
      {
        "round": 20,
        "loss": 1.5806225747726976,
        "accuracy": 0.5783,
        "epsilon": 4.530110831568128
      },
      {
        "round": 21,
        "loss": 1.5037538418754601,
        "accuracy": 0.5835,
        "epsilon": 4.626198550729237
      },
      {
        "round": 22,
        "loss": 1.432194135059564,
        "accuracy": 0.5837,
        "epsilon": 4.7185196615583695
      },
      {
        "round": 23,
        "loss": 1.363039691608173,
        "accuracy": 0.5933,
        "epsilon": 4.81060876445783
      },
      {
        "round": 24,
        "loss": 1.2988520879715015,
        "accuracy": 0.5977,
        "epsilon": 4.902697867357291
      },
      {
        "round": 25,
        "loss": 1.2404262638701418,
        "accuracy": 0.6071,
        "epsilon": 4.9914239483918355
      }
    ]
  }
}