{
  "config": {
    "config_id": 2,
    "num_clients": 3,
    "num_rounds": 3,
    "num_byzantine": 1,
    "use_dp": true,
    "epsilon": 10.0,
    "delta": 1e-05,
    "use_fltrust": false,
    "use_topk": false,
    "topk_ratio": 0.1,
    "root_dataset_size": 2000,
    "rescale_to_ref_norm": false
  },
  "results": {
    "elapsed_seconds": 202.97708559036255,
    "per_round": [
      {
        "round": 1,
        "loss": 2.1879579137308527,
        "accuracy": 0.237,
        "epsilon": 7.656470423796926
      },
      {
        "round": 2,
        "loss": 1.900494427345812,
        "accuracy": 0.464,
        "epsilon": 7.656470423796926
      },
      {
        "round": 3,
        "loss": 1.499318483538521,
        "accuracy": 0.5705,
        "epsilon": 7.656470423796926
      }
    ]
  }
}