{
  "config": {
    "config_id": 6,
    "num_clients": 3,
    "num_rounds": 3,
    "num_byzantine": 1,
    "use_dp": true,
    "epsilon": 10.0,
    "delta": 1e-05,
    "use_fltrust": false,
    "use_topk": true,
    "topk_ratio": 0.01,
    "root_dataset_size": 2000,
    "rescale_to_ref_norm": false
  },
  "results": {
    "elapsed_seconds": 173.1249544620514,
    "per_round": [
      {
        "round": 1,
        "loss": 2.269279887501044,
        "accuracy": 0.1675,
        "epsilon": 7.656470423796926
      },
      {
        "round": 2,
        "loss": 2.2286968185497935,
        "accuracy": 0.186,
        "epsilon": 7.656470423796926
      },
      {
        "round": 3,
        "loss": 2.154674017772126,
        "accuracy": 0.2708999999999999,
        "epsilon": 7.656470423796926
      }
    ]
  }
}