{
  "config": {
    "config_id": 8,
    "num_clients": 3,
    "num_rounds": 3,
    "num_byzantine": 1,
    "use_dp": true,
    "epsilon": 5.0,
    "delta": 1e-05,
    "use_fltrust": true,
    "use_topk": true,
    "topk_ratio": 0.01,
    "root_dataset_size": 2000,
    "rescale_to_ref_norm": false
  },
  "results": {
    "elapsed_seconds": 199.23523330688477,
    "per_round": [
      {
        "round": 1,
        "loss": 2.280642081373416,
        "accuracy": 0.2246,
        "epsilon": 4.061494615302124
      },
      {
        "round": 2,
        "loss": 2.246676445007324,
        "accuracy": 0.232,
        "epsilon": 4.061494615302124
      },
      {
        "round": 3,
        "loss": 2.1852796458588624,
        "accuracy": 0.2379,
        "epsilon": 4.061494615302124
      }
    ]
  }
}