{
  "config": {
    "config_id": 5,
    "num_clients": 3,
    "num_rounds": 3,
    "num_byzantine": 1,
    "use_dp": true,
    "epsilon": 1.0,
    "delta": 1e-05,
    "use_fltrust": true,
    "use_topk": false,
    "topk_ratio": 0.1,
    "root_dataset_size": 2000,
    "rescale_to_ref_norm": false
  },
  "results": {
    "elapsed_seconds": 185.60473942756653,
    "per_round": [
      {
        "round": 1,
        "loss": 2.2311869916824487,
        "accuracy": 0.2374,
        "epsilon": 0.732070181936843
      },
      {
        "round": 2,
        "loss": 2.01502359370454,
        "accuracy": 0.5325,
        "epsilon": 0.732070181936843
      },
      {
        "round": 3,
        "loss": 1.6123947887755812,
        "accuracy": 0.6189,
        "epsilon": 0.732070181936843
      }
    ]
  }
}