{
  "config": {
    "config_id": 6,
    "num_clients": 3,
    "num_rounds": 3,
    "num_byzantine": 1,
    "use_dp": true,
    "epsilon": 1.0,
    "delta": 1e-05,
    "use_fltrust": false,
    "use_topk": true,
    "topk_ratio": 0.01,
    "root_dataset_size": 2000,
    "rescale_to_ref_norm": false
  },
  "results": {
    "elapsed_seconds": 189.7424898147583,
    "per_round": [
      {
        "round": 1,
        "loss": 2.2793543270220766,
        "accuracy": 0.1138,
        "epsilon": 0.732070181936843
      },
      {
        "round": 2,
        "loss": 2.2327260201731427,
        "accuracy": 0.2104,
        "epsilon": 0.732070181936843
      },
      {
        "round": 3,
        "loss": 2.1297512656202713,
        "accuracy": 0.4903,
        "epsilon": 0.732070181936843
      }
    ]
  }
}