{
  "config": {
    "config_id": 5,
    "num_clients": 3,
    "num_rounds": 3,
    "num_byzantine": 1,
    "use_dp": true,
    "epsilon": 10.0,
    "delta": 1e-05,
    "use_fltrust": true,
    "use_topk": false,
    "topk_ratio": 0.1,
    "root_dataset_size": 2000,
    "rescale_to_ref_norm": false
  },
  "results": {
    "elapsed_seconds": 227.6984302997589,
    "per_round": [
      {
        "round": 1,
        "loss": 2.1714124565307324,
        "accuracy": 0.1988,
        "epsilon": 9.997475244515831
      },
      {
        "round": 2,
        "loss": 1.8271270281971455,
        "accuracy": 0.5342,
        "epsilon": 9.997475244515831
      },
      {
        "round": 3,
        "loss": 1.3628556324651067,
        "accuracy": 0.619,
        "epsilon": 9.997475244515831
      }
    ]
  }
}