{
  "config": {
    "config_id": 8,
    "num_clients": 3,
    "num_rounds": 3,
    "num_byzantine": 1,
    "use_dp": true,
    "epsilon": 1.0,
    "delta": 1e-05,
    "use_fltrust": true,
    "use_topk": true,
    "topk_ratio": 0.1,
    "root_dataset_size": 2000,
    "rescale_to_ref_norm": false
  },
  "results": {
    "elapsed_seconds": 192.3624975681305,
    "per_round": [
      {
        "round": 1,
        "loss": 2.2630427934872075,
        "accuracy": 0.1135,
        "epsilon": 0.732070181936843
      },
      {
        "round": 2,
        "loss": 2.1780170556455376,
        "accuracy": 0.1639,
        "epsilon": 0.732070181936843
      },
      {
        "round": 3,
        "loss": 1.9599744119583227,
        "accuracy": 0.4626,
        "epsilon": 0.732070181936843
      }
    ]
  }
}