{
  "config": {
    "config_id": 2,
    "num_clients": 3,
    "num_rounds": 3,
    "num_byzantine": 1,
    "use_dp": true,
    "epsilon": 1.0,
    "delta": 1e-05,
    "use_fltrust": false,
    "use_topk": false,
    "topk_ratio": 0.1,
    "root_dataset_size": 2000,
    "rescale_to_ref_norm": false
  },
  "results": {
    "elapsed_seconds": 189.27855968475342,
    "per_round": [
      {
        "round": 1,
        "loss": 2.3021724574482096,
        "accuracy": 0.1135,
        "epsilon": 0.732070181936843
      },
      {
        "round": 2,
        "loss": 2.262408666336498,
        "accuracy": 0.1372,
        "epsilon": 0.732070181936843
      },
      {
        "round": 3,
        "loss": 2.1347113447829176,
        "accuracy": 0.3017000000000001,
        "epsilon": 0.732070181936843
      }
    ]
  }
}