{
  "config": {
    "config_id": 8,
    "num_clients": 3,
    "num_rounds": 3,
    "num_byzantine": 1,
    "use_dp": true,
    "epsilon": 10.0,
    "delta": 1e-05,
    "use_fltrust": true,
    "use_topk": true,
    "topk_ratio": 0.1,
    "root_dataset_size": 2000,
    "rescale_to_ref_norm": false
  },
  "results": {
    "elapsed_seconds": 173.27458548545837,
    "per_round": [
      {
        "round": 1,
        "loss": 2.286095307657894,
        "accuracy": 0.1999,
        "epsilon": 7.656470423796926
      },
      {
        "round": 2,
        "loss": 2.2704074116179735,
        "accuracy": 0.1721,
        "epsilon": 7.656470423796926
      },
      {
        "round": 3,
        "loss": 2.2344523116041684,
        "accuracy": 0.2073,
        "epsilon": 7.656470423796926
      }
    ]
  }
}