{
  "config": {
    "config_id": 5,
    "num_clients": 3,
    "num_rounds": 3,
    "num_byzantine": 1,
    "use_dp": true,
    "epsilon": 10.0,
    "delta": 1e-05,
    "use_fltrust": true,
    "use_topk": false,
    "topk_ratio": 0.1,
    "root_dataset_size": 2000,
    "rescale_to_ref_norm": false
  },
  "results": {
    "elapsed_seconds": 208.52600932121277,
    "per_round": [
      {
        "round": 1,
        "loss": 2.19129990312619,
        "accuracy": 0.4392,
        "epsilon": 7.656470423796926
      },
      {
        "round": 2,
        "loss": 1.8755515893808188,
        "accuracy": 0.6294999999999998,
        "epsilon": 7.656470423796926
      },
      {
        "round": 3,
        "loss": 1.3531534858405017,
        "accuracy": 0.7017,
        "epsilon": 7.656470423796926
      }
    ]
  }
}