{
  "config": {
    "config_id": 6,
    "num_clients": 15,
    "num_rounds": 10,
    "num_byzantine": 3,
    "use_dp": true,
    "epsilon": 10.0,
    "delta": 1e-05,
    "use_fltrust": false,
    "use_topk": true,
    "topk_ratio": 0.01,
    "root_dataset_size": 600,
    "rescale_to_ref_norm": false
  },
  "results": {
    "elapsed_seconds": 358.4759166240692,
    "noise_multiplier": 0.556182861328125,
    "confusion_matrix": [
      [
        0,
        0,
        0,
        980,
        0,
        0,
        0,
        0,
        0,
        0
      ],
      [
        0,
        0,
        0,
        1135,
        0,
        0,
        0,
        0,
        0,
        0
      ],
      [
        0,
        0,
        0,
        1032,
        0,
        0,
        0,
        0,
        0,
        0
      ],
      [
        0,
        0,
        0,
        1010,
        0,
        0,
        0,
        0,
        0,
        0
      ],
      [
        0,
        0,
        0,
        982,
        0,
        0,
        0,
        0,
        0,
        0
      ],
      [
        0,
        0,
        0,
        892,
        0,
        0,
        0,
        0,
        0,
        0
      ],
      [
        0,
        0,
        0,
        958,
        0,
        0,
        0,
        0,
        0,
        0
      ],
      [
        0,
        0,
        0,
        1028,
        0,
        0,
        0,
        0,
        0,
        0
      ],
      [
        0,
        0,
        0,
        974,
        0,
        0,
        0,
        0,
        0,
        0
      ],
      [
        0,
        0,
        0,
        1009,
        0,
        0,
        0,
        0,
        0,
        0
      ]
    ],
    "per_class_scores": {
      "0": {
        "precision": 0.0,
        "recall": 0.0,
        "f1": 0.0
      },
      "1": {
        "precision": 0.0,
        "recall": 0.0,
        "f1": 0.0
      },
      "2": {
        "precision": 0.0,
        "recall": 0.0,
        "f1": 0.0
      },
      "3": {
        "precision": 0.101,
        "recall": 1.0,
        "f1": 0.1835
      },
      "4": {
        "precision": 0.0,
        "recall": 0.0,
        "f1": 0.0
      },
      "5": {
        "precision": 0.0,
        "recall": 0.0,
        "f1": 0.0
      },
      "6": {
        "precision": 0.0,
        "recall": 0.0,
        "f1": 0.0
      },
      "7": {
        "precision": 0.0,
        "recall": 0.0,
        "f1": 0.0
      },
      "8": {
        "precision": 0.0,
        "recall": 0.0,
        "f1": 0.0
      },
      "9": {
        "precision": 0.0,
        "recall": 0.0,
        "f1": 0.0
      }
    },
    "per_round": [
      {
        "round": 1,
        "loss": 2.3026543128223844,
        "accuracy": 0.0736,
        "epsilon": 5.574378297681859
      },
      {
        "round": 2,
        "loss": 2.3009262298242734,
        "accuracy": 0.1168,
        "epsilon": 6.383423231278275
      },
      {
        "round": 3,
        "loss": 2.299722653227492,
        "accuracy": 0.1037,
        "epsilon": 7.009829344500931
      },
      {
        "round": 4,
        "loss": 2.299235306608791,
        "accuracy": 0.101,
        "epsilon": 7.552363738281465
      },
      {
        "round": 5,
        "loss": 2.2993005365609362,
        "accuracy": 0.101,
        "epsilon": 8.021129255957344
      },
      {
        "round": 6,
        "loss": 2.299998340515283,
        "accuracy": 0.101,
        "epsilon": 8.48027114189609
      },
      {
        "round": 7,
        "loss": 2.301346612814516,
        "accuracy": 0.101,
        "epsilon": 8.87678996784471
      },
      {
        "round": 8,
        "loss": 2.3032240281089806,
        "accuracy": 0.101,
        "epsilon": 9.27163482801073
      },
      {
        "round": 9,
        "loss": 2.3056471126909837,
        "accuracy": 0.101,
        "epsilon": 9.64977898437331
      },
      {
        "round": 10,
        "loss": 2.3082062779143215,
        "accuracy": 0.101,
        "epsilon": 9.993799145789078
      }
    ]
  }
}