{
  "config": {
    "config_id": 6,
    "num_clients": 15,
    "num_rounds": 10,
    "num_byzantine": 3,
    "use_dp": true,
    "epsilon": 5.0,
    "delta": 1e-05,
    "use_fltrust": false,
    "use_topk": true,
    "topk_ratio": 0.1,
    "root_dataset_size": 600,
    "rescale_to_ref_norm": false
  },
  "results": {
    "elapsed_seconds": 347.7785794734955,
    "noise_multiplier": 0.693359375,
    "confusion_matrix": [
      [
        837,
        59,
        0,
        0,
        84,
        0,
        0,
        0,
        0,
        0
      ],
      [
        11,
        245,
        0,
        0,
        879,
        0,
        0,
        0,
        0,
        0
      ],
      [
        718,
        66,
        0,
        0,
        248,
        0,
        0,
        0,
        0,
        0
      ],
      [
        838,
        36,
        0,
        0,
        136,
        0,
        0,
        0,
        0,
        0
      ],
      [
        282,
        116,
        0,
        0,
        584,
        0,
        0,
        0,
        0,
        0
      ],
      [
        591,
        170,
        0,
        0,
        131,
        0,
        0,
        0,
        0,
        0
      ],
      [
        717,
        75,
        0,
        0,
        166,
        0,
        0,
        0,
        0,
        0
      ],
      [
        62,
        11,
        0,
        0,
        955,
        0,
        0,
        0,
        0,
        0
      ],
      [
        471,
        107,
        0,
        0,
        396,
        0,
        0,
        0,
        0,
        0
      ],
      [
        449,
        35,
        0,
        0,
        525,
        0,
        0,
        0,
        0,
        0
      ]
    ],
    "per_class_scores": {
      "0": {
        "precision": 0.1682,
        "recall": 0.8541,
        "f1": 0.2811
      },
      "1": {
        "precision": 0.2663,
        "recall": 0.2159,
        "f1": 0.2384
      },
      "2": {
        "precision": 0.0,
        "recall": 0.0,
        "f1": 0.0
      },
      "3": {
        "precision": 0.0,
        "recall": 0.0,
        "f1": 0.0
      },
      "4": {
        "precision": 0.1423,
        "recall": 0.5947,
        "f1": 0.2297
      },
      "5": {
        "precision": 0.0,
        "recall": 0.0,
        "f1": 0.0
      },
      "6": {
        "precision": 0.0,
        "recall": 0.0,
        "f1": 0.0
      },
      "7": {
        "precision": 0.0,
        "recall": 0.0,
        "f1": 0.0
      },
      "8": {
        "precision": 0.0,
        "recall": 0.0,
        "f1": 0.0
      },
      "9": {
        "precision": 0.0,
        "recall": 0.0,
        "f1": 0.0
      }
    },
    "per_round": [
      {
        "round": 1,
        "loss": 2.298358216453284,
        "accuracy": 0.1666,
        "epsilon": 2.9968724168250436
      },
      {
        "round": 2,
        "loss": 2.298358216453284,
        "accuracy": 0.1666,
        "epsilon": 3.343615342843941
      },
      {
        "round": 3,
        "loss": 2.2983582095977977,
        "accuracy": 0.1666,
        "epsilon": 3.6160001498246954
      },
      {
        "round": 4,
        "loss": 2.2983582103595186,
        "accuracy": 0.1666,
        "epsilon": 3.8566718150141326
      },
      {
        "round": 5,
        "loss": 2.2983582103595186,
        "accuracy": 0.1666,
        "epsilon": 4.076063525349878
      },
      {
        "round": 6,
        "loss": 2.2983582103595186,
        "accuracy": 0.1666,
        "epsilon": 4.276356027841497
      },
      {
        "round": 7,
        "loss": 2.2983582103595186,
        "accuracy": 0.1666,
        "epsilon": 4.469628158872887
      },
      {
        "round": 8,
        "loss": 2.2983582103595186,
        "accuracy": 0.1666,
        "epsilon": 4.650374149794657
      },
      {
        "round": 9,
        "loss": 2.2983582103595186,
        "accuracy": 0.1666,
        "epsilon": 4.826567260145952
      },
      {
        "round": 10,
        "loss": 2.2983582103595186,
        "accuracy": 0.1666,
        "epsilon": 4.992897916848891
      }
    ]
  }
}