{
  "config": {
    "config_id": 6,
    "num_clients": 3,
    "num_rounds": 3,
    "num_byzantine": 1,
    "use_dp": true,
    "epsilon": 1.0,
    "delta": 1e-05,
    "use_fltrust": false,
    "use_topk": true,
    "topk_ratio": 0.1,
    "root_dataset_size": 2400,
    "rescale_to_ref_norm": false
  },
  "results": {
    "elapsed_seconds": 154.4990782737732,
    "noise_multiplier": 0.90576171875,
    "confusion_matrix": [
      [
        927,
        8,
        0,
        6,
        1,
        0,
        35,
        1,
        2,
        0
      ],
      [
        0,
        1115,
        2,
        12,
        0,
        1,
        5,
        0,
        0,
        0
      ],
      [
        61,
        177,
        622,
        6,
        22,
        0,
        127,
        10,
        7,
        0
      ],
      [
        27,
        64,
        37,
        802,
        1,
        0,
        55,
        11,
        2,
        11
      ],
      [
        9,
        44,
        1,
        1,
        832,
        2,
        16,
        2,
        0,
        75
      ],
      [
        47,
        136,
        2,
        371,
        36,
        154,
        102,
        7,
        1,
        36
      ],
      [
        49,
        66,
        0,
        1,
        22,
        0,
        820,
        0,
        0,
        0
      ],
      [
        6,
        104,
        23,
        4,
        17,
        0,
        0,
        803,
        5,
        66
      ],
      [
        72,
        159,
        10,
        347,
        38,
        31,
        68,
        16,
        147,
        86
      ],
      [
        26,
        43,
        2,
        18,
        239,
        1,
        0,
        27,
        1,
        652
      ]
    ],
    "per_class_scores": {
      "0": {
        "precision": 0.7574,
        "recall": 0.9459,
        "f1": 0.8412
      },
      "1": {
        "precision": 0.5819,
        "recall": 0.9824,
        "f1": 0.7309
      },
      "2": {
        "precision": 0.8898,
        "recall": 0.6027,
        "f1": 0.7187
      },
      "3": {
        "precision": 0.5115,
        "recall": 0.7941,
        "f1": 0.6222
      },
      "4": {
        "precision": 0.6887,
        "recall": 0.8473,
        "f1": 0.7598
      },
      "5": {
        "precision": 0.8148,
        "recall": 0.1726,
        "f1": 0.2849
      },
      "6": {
        "precision": 0.6678,
        "recall": 0.8559,
        "f1": 0.7502
      },
      "7": {
        "precision": 0.9156,
        "recall": 0.7811,
        "f1": 0.843
      },
      "8": {
        "precision": 0.8909,
        "recall": 0.1509,
        "f1": 0.2581
      },
      "9": {
        "precision": 0.7041,
        "recall": 0.6462,
        "f1": 0.6739
      }
    },
    "per_round": [
      {
        "round": 1,
        "loss": 2.247072817799382,
        "accuracy": 0.2077,
        "epsilon": 0.9321360657162124
      },
      {
        "round": 2,
        "loss": 2.110722064210203,
        "accuracy": 0.6022999999999998,
        "epsilon": 0.9665737687342085
      },
      {
        "round": 3,
        "loss": 1.8566467251640542,
        "accuracy": 0.6874,
        "epsilon": 0.9960602879659481
      }
    ]
  }
}