{
  "config": {
    "config_id": 6,
    "num_clients": 3,
    "num_rounds": 3,
    "num_byzantine": 1,
    "use_dp": true,
    "epsilon": 10.0,
    "delta": 1e-05,
    "use_fltrust": false,
    "use_topk": true,
    "topk_ratio": 0.01,
    "root_dataset_size": 2400,
    "rescale_to_ref_norm": false
  },
  "results": {
    "elapsed_seconds": 172.60014009475708,
    "noise_multiplier": 0.426177978515625,
    "confusion_matrix": [
      [
        0,
        0,
        0,
        980,
        0,
        0,
        0,
        0,
        0,
        0
      ],
      [
        0,
        0,
        0,
        1135,
        0,
        0,
        0,
        0,
        0,
        0
      ],
      [
        0,
        0,
        0,
        1032,
        0,
        0,
        0,
        0,
        0,
        0
      ],
      [
        0,
        0,
        0,
        1010,
        0,
        0,
        0,
        0,
        0,
        0
      ],
      [
        0,
        0,
        0,
        982,
        0,
        0,
        0,
        0,
        0,
        0
      ],
      [
        0,
        0,
        0,
        892,
        0,
        0,
        0,
        0,
        0,
        0
      ],
      [
        0,
        0,
        0,
        958,
        0,
        0,
        0,
        0,
        0,
        0
      ],
      [
        0,
        0,
        0,
        1028,
        0,
        0,
        0,
        0,
        0,
        0
      ],
      [
        0,
        0,
        0,
        974,
        0,
        0,
        0,
        0,
        0,
        0
      ],
      [
        0,
        0,
        0,
        1009,
        0,
        0,
        0,
        0,
        0,
        0
      ]
    ],
    "per_class_scores": {
      "0": {
        "precision": 0.0,
        "recall": 0.0,
        "f1": 0.0
      },
      "1": {
        "precision": 0.0,
        "recall": 0.0,
        "f1": 0.0
      },
      "2": {
        "precision": 0.0,
        "recall": 0.0,
        "f1": 0.0
      },
      "3": {
        "precision": 0.101,
        "recall": 1.0,
        "f1": 0.1835
      },
      "4": {
        "precision": 0.0,
        "recall": 0.0,
        "f1": 0.0
      },
      "5": {
        "precision": 0.0,
        "recall": 0.0,
        "f1": 0.0
      },
      "6": {
        "precision": 0.0,
        "recall": 0.0,
        "f1": 0.0
      },
      "7": {
        "precision": 0.0,
        "recall": 0.0,
        "f1": 0.0
      },
      "8": {
        "precision": 0.0,
        "recall": 0.0,
        "f1": 0.0
      },
      "9": {
        "precision": 0.0,
        "recall": 0.0,
        "f1": 0.0
      }
    },
    "per_round": [
      {
        "round": 1,
        "loss": 2.2950817792179485,
        "accuracy": 0.10199999999999998,
        "epsilon": 8.046295714789652
      },
      {
        "round": 2,
        "loss": 2.289939184158374,
        "accuracy": 0.10100000000000002,
        "epsilon": 9.175524103289053
      },
      {
        "round": 3,
        "loss": 2.2851312076702666,
        "accuracy": 0.10100000000000002,
        "epsilon": 9.998739532679373
      }
    ]
  }
}