{
  "config": {
    "config_id": 6,
    "num_clients": 3,
    "num_rounds": 3,
    "num_byzantine": 1,
    "use_dp": true,
    "epsilon": 5.0,
    "delta": 1e-05,
    "use_fltrust": false,
    "use_topk": true,
    "topk_ratio": 0.01,
    "root_dataset_size": 2400,
    "rescale_to_ref_norm": false
  },
  "results": {
    "elapsed_seconds": 158.9229817390442,
    "noise_multiplier": 0.5230712890625,
    "confusion_matrix": [
      [
        0,
        0,
        0,
        979,
        0,
        1,
        0,
        0,
        0,
        0
      ],
      [
        0,
        0,
        0,
        1135,
        0,
        0,
        0,
        0,
        0,
        0
      ],
      [
        0,
        0,
        0,
        1032,
        0,
        0,
        0,
        0,
        0,
        0
      ],
      [
        0,
        0,
        0,
        1010,
        0,
        0,
        0,
        0,
        0,
        0
      ],
      [
        0,
        0,
        0,
        981,
        1,
        0,
        0,
        0,
        0,
        0
      ],
      [
        0,
        0,
        0,
        892,
        0,
        0,
        0,
        0,
        0,
        0
      ],
      [
        0,
        0,
        0,
        955,
        3,
        0,
        0,
        0,
        0,
        0
      ],
      [
        0,
        0,
        0,
        1028,
        0,
        0,
        0,
        0,
        0,
        0
      ],
      [
        0,
        0,
        0,
        973,
        0,
        1,
        0,
        0,
        0,
        0
      ],
      [
        0,
        0,
        0,
        1009,
        0,
        0,
        0,
        0,
        0,
        0
      ]
    ],
    "per_class_scores": {
      "0": {
        "precision": 0.0,
        "recall": 0.0,
        "f1": 0.0
      },
      "1": {
        "precision": 0.0,
        "recall": 0.0,
        "f1": 0.0
      },
      "2": {
        "precision": 0.0,
        "recall": 0.0,
        "f1": 0.0
      },
      "3": {
        "precision": 0.1011,
        "recall": 1.0,
        "f1": 0.1836
      },
      "4": {
        "precision": 0.25,
        "recall": 0.001,
        "f1": 0.002
      },
      "5": {
        "precision": 0.0,
        "recall": 0.0,
        "f1": 0.0
      },
      "6": {
        "precision": 0.0,
        "recall": 0.0,
        "f1": 0.0
      },
      "7": {
        "precision": 0.0,
        "recall": 0.0,
        "f1": 0.0
      },
      "8": {
        "precision": 0.0,
        "recall": 0.0,
        "f1": 0.0
      },
      "9": {
        "precision": 0.0,
        "recall": 0.0,
        "f1": 0.0
      }
    },
    "per_round": [
      {
        "round": 1,
        "loss": 2.298413391692189,
        "accuracy": 0.1011,
        "epsilon": 4.27689978733595
      },
      {
        "round": 2,
        "loss": 2.284622224375082,
        "accuracy": 0.10100000000000002,
        "epsilon": 4.692217017478094
      },
      {
        "round": 3,
        "loss": 2.262114121891058,
        "accuracy": 0.1011,
        "epsilon": 4.998338328043863
      }
    ]
  }
}