{
  "config": {
    "config_id": 6,
    "num_clients": 3,
    "num_rounds": 3,
    "num_byzantine": 1,
    "use_dp": true,
    "epsilon": 5.0,
    "delta": 1e-05,
    "use_fltrust": false,
    "use_topk": true,
    "topk_ratio": 0.1,
    "root_dataset_size": 2400,
    "rescale_to_ref_norm": false
  },
  "results": {
    "elapsed_seconds": 156.30660247802734,
    "noise_multiplier": 0.5230712890625,
    "confusion_matrix": [
      [
        675,
        13,
        25,
        257,
        9,
        0,
        0,
        0,
        1,
        0
      ],
      [
        0,
        1073,
        3,
        59,
        0,
        0,
        0,
        0,
        0,
        0
      ],
      [
        14,
        84,
        719,
        200,
        14,
        0,
        0,
        0,
        1,
        0
      ],
      [
        0,
        31,
        12,
        967,
        0,
        0,
        0,
        0,
        0,
        0
      ],
      [
        1,
        65,
        19,
        91,
        795,
        0,
        1,
        0,
        0,
        10
      ],
      [
        1,
        105,
        10,
        730,
        42,
        0,
        0,
        0,
        3,
        1
      ],
      [
        19,
        93,
        577,
        136,
        46,
        0,
        87,
        0,
        0,
        0
      ],
      [
        0,
        67,
        3,
        935,
        23,
        0,
        0,
        0,
        0,
        0
      ],
      [
        0,
        48,
        6,
        884,
        7,
        0,
        0,
        0,
        29,
        0
      ],
      [
        5,
        41,
        9,
        646,
        258,
        0,
        0,
        0,
        0,
        50
      ]
    ],
    "per_class_scores": {
      "0": {
        "precision": 0.9441,
        "recall": 0.6888,
        "f1": 0.7965
      },
      "1": {
        "precision": 0.6623,
        "recall": 0.9454,
        "f1": 0.7789
      },
      "2": {
        "precision": 0.5199,
        "recall": 0.6967,
        "f1": 0.5954
      },
      "3": {
        "precision": 0.1971,
        "recall": 0.9574,
        "f1": 0.327
      },
      "4": {
        "precision": 0.6658,
        "recall": 0.8096,
        "f1": 0.7307
      },
      "5": {
        "precision": 0.0,
        "recall": 0.0,
        "f1": 0.0
      },
      "6": {
        "precision": 0.9886,
        "recall": 0.0908,
        "f1": 0.1663
      },
      "7": {
        "precision": 0.0,
        "recall": 0.0,
        "f1": 0.0
      },
      "8": {
        "precision": 0.8529,
        "recall": 0.0298,
        "f1": 0.0575
      },
      "9": {
        "precision": 0.8197,
        "recall": 0.0496,
        "f1": 0.0935
      }
    },
    "per_round": [
      {
        "round": 1,
        "loss": 2.273866209359215,
        "accuracy": 0.161,
        "epsilon": 4.27689978733595
      },
      {
        "round": 2,
        "loss": 2.2108937322902986,
        "accuracy": 0.2849999999999999,
        "epsilon": 4.692217017478094
      },
      {
        "round": 3,
        "loss": 2.0803062302616837,
        "accuracy": 0.4395,
        "epsilon": 4.998338328043863
      }
    ]
  }
}