{
  "config": {
    "config_id": 6,
    "num_clients": 3,
    "num_rounds": 3,
    "num_byzantine": 1,
    "use_dp": true,
    "epsilon": 10.0,
    "delta": 1e-05,
    "use_fltrust": false,
    "use_topk": true,
    "topk_ratio": 0.1,
    "root_dataset_size": 2400,
    "rescale_to_ref_norm": false
  },
  "results": {
    "elapsed_seconds": 172.41535639762878,
    "noise_multiplier": 0.426177978515625,
    "confusion_matrix": [
      [
        906,
        1,
        1,
        72,
        0,
        0,
        0,
        0,
        0,
        0
      ],
      [
        0,
        1115,
        4,
        16,
        0,
        0,
        0,
        0,
        0,
        0
      ],
      [
        182,
        141,
        403,
        223,
        0,
        0,
        81,
        0,
        0,
        2
      ],
      [
        22,
        29,
        13,
        941,
        0,
        0,
        0,
        0,
        0,
        5
      ],
      [
        111,
        46,
        6,
        117,
        136,
        0,
        25,
        0,
        0,
        541
      ],
      [
        41,
        109,
        1,
        702,
        0,
        0,
        14,
        0,
        0,
        25
      ],
      [
        276,
        65,
        4,
        84,
        0,
        0,
        515,
        0,
        0,
        14
      ],
      [
        9,
        104,
        16,
        810,
        0,
        0,
        0,
        0,
        0,
        89
      ],
      [
        92,
        121,
        55,
        586,
        0,
        0,
        4,
        0,
        23,
        93
      ],
      [
        57,
        33,
        0,
        229,
        0,
        0,
        1,
        0,
        0,
        689
      ]
    ],
    "per_class_scores": {
      "0": {
        "precision": 0.5342,
        "recall": 0.9245,
        "f1": 0.6771
      },
      "1": {
        "precision": 0.6321,
        "recall": 0.9824,
        "f1": 0.7692
      },
      "2": {
        "precision": 0.8012,
        "recall": 0.3905,
        "f1": 0.5251
      },
      "3": {
        "precision": 0.2489,
        "recall": 0.9317,
        "f1": 0.3929
      },
      "4": {
        "precision": 1.0,
        "recall": 0.1385,
        "f1": 0.2433
      },
      "5": {
        "precision": 0.0,
        "recall": 0.0,
        "f1": 0.0
      },
      "6": {
        "precision": 0.8047,
        "recall": 0.5376,
        "f1": 0.6446
      },
      "7": {
        "precision": 0.0,
        "recall": 0.0,
        "f1": 0.0
      },
      "8": {
        "precision": 1.0,
        "recall": 0.0236,
        "f1": 0.0461
      },
      "9": {
        "precision": 0.4726,
        "recall": 0.6829,
        "f1": 0.5586
      }
    },
    "per_round": [
      {
        "round": 1,
        "loss": 2.2656111473473497,
        "accuracy": 0.14430000000000004,
        "epsilon": 8.046295714789652
      },
      {
        "round": 2,
        "loss": 2.1717192220230834,
        "accuracy": 0.3479999999999999,
        "epsilon": 9.175524103289053
      },
      {
        "round": 3,
        "loss": 1.9662930527434181,
        "accuracy": 0.4728,
        "epsilon": 9.998739532679373
      }
    ]
  }
}