{
  "config": {
    "config_id": 6,
    "num_clients": 3,
    "num_rounds": 3,
    "num_byzantine": 1,
    "use_dp": true,
    "epsilon": 1.0,
    "delta": 1e-05,
    "use_fltrust": false,
    "use_topk": true,
    "topk_ratio": 0.01,
    "root_dataset_size": 2400,
    "rescale_to_ref_norm": false
  },
  "results": {
    "elapsed_seconds": 159.858140707016,
    "noise_multiplier": 0.90576171875,
    "confusion_matrix": [
      [
        0,
        0,
        0,
        980,
        0,
        0,
        0,
        0,
        0,
        0
      ],
      [
        0,
        1,
        0,
        1134,
        0,
        0,
        0,
        0,
        0,
        0
      ],
      [
        0,
        0,
        5,
        1027,
        0,
        0,
        0,
        0,
        0,
        0
      ],
      [
        0,
        0,
        0,
        1010,
        0,
        0,
        0,
        0,
        0,
        0
      ],
      [
        0,
        0,
        0,
        982,
        0,
        0,
        0,
        0,
        0,
        0
      ],
      [
        0,
        0,
        0,
        892,
        0,
        0,
        0,
        0,
        0,
        0
      ],
      [
        0,
        0,
        0,
        958,
        0,
        0,
        0,
        0,
        0,
        0
      ],
      [
        0,
        0,
        0,
        1028,
        0,
        0,
        0,
        0,
        0,
        0
      ],
      [
        0,
        0,
        0,
        974,
        0,
        0,
        0,
        0,
        0,
        0
      ],
      [
        0,
        0,
        0,
        1009,
        0,
        0,
        0,
        0,
        0,
        0
      ]
    ],
    "per_class_scores": {
      "0": {
        "precision": 0.0,
        "recall": 0.0,
        "f1": 0.0
      },
      "1": {
        "precision": 1.0,
        "recall": 0.0009,
        "f1": 0.0018
      },
      "2": {
        "precision": 1.0,
        "recall": 0.0048,
        "f1": 0.0096
      },
      "3": {
        "precision": 0.1011,
        "recall": 1.0,
        "f1": 0.1836
      },
      "4": {
        "precision": 0.0,
        "recall": 0.0,
        "f1": 0.0
      },
      "5": {
        "precision": 0.0,
        "recall": 0.0,
        "f1": 0.0
      },
      "6": {
        "precision": 0.0,
        "recall": 0.0,
        "f1": 0.0
      },
      "7": {
        "precision": 0.0,
        "recall": 0.0,
        "f1": 0.0
      },
      "8": {
        "precision": 0.0,
        "recall": 0.0,
        "f1": 0.0
      },
      "9": {
        "precision": 0.0,
        "recall": 0.0,
        "f1": 0.0
      }
    },
    "per_round": [
      {
        "round": 1,
        "loss": 2.2982188786942355,
        "accuracy": 0.10100000000000002,
        "epsilon": 0.9321360657162124
      },
      {
        "round": 2,
        "loss": 2.291482808110051,
        "accuracy": 0.10100000000000002,
        "epsilon": 0.9665737687342085
      },
      {
        "round": 3,
        "loss": 2.2837911208216757,
        "accuracy": 0.1016,
        "epsilon": 0.9960602879659481
      }
    ]
  }
}