{
  "config": {
    "config_id": 6,
    "num_clients": 15,
    "num_rounds": 30,
    "num_byzantine": 3,
    "use_dp": true,
    "epsilon": 5.0,
    "delta": 1e-05,
    "use_fltrust": false,
    "use_topk": true,
    "topk_ratio": 0.01,
    "root_dataset_size": 600,
    "rescale_to_ref_norm": false
  },
  "results": {
    "elapsed_seconds": 618.9504601955414,
    "noise_multiplier": 0.8099365234375,
    "confusion_matrix": [
      [
        2,
        0,
        978,
        0,
        0,
        0,
        0,
        0,
        0,
        0
      ],
      [
        0,
        293,
        829,
        0,
        0,
        0,
        0,
        13,
        0,
        0
      ],
      [
        0,
        0,
        1031,
        0,
        0,
        0,
        0,
        1,
        0,
        0
      ],
      [
        0,
        0,
        1007,
        0,
        0,
        0,
        0,
        3,
        0,
        0
      ],
      [
        0,
        0,
        969,
        0,
        0,
        0,
        0,
        13,
        0,
        0
      ],
      [
        0,
        0,
        892,
        0,
        0,
        0,
        0,
        0,
        0,
        0
      ],
      [
        0,
        1,
        957,
        0,
        0,
        0,
        0,
        0,
        0,
        0
      ],
      [
        0,
        1,
        547,
        0,
        0,
        0,
        0,
        480,
        0,
        0
      ],
      [
        0,
        0,
        967,
        0,
        0,
        0,
        0,
        5,
        2,
        0
      ],
      [
        0,
        1,
        867,
        0,
        0,
        0,
        0,
        141,
        0,
        0
      ]
    ],
    "per_class_scores": {
      "0": {
        "precision": 1.0,
        "recall": 0.002,
        "f1": 0.0041
      },
      "1": {
        "precision": 0.9899,
        "recall": 0.2581,
        "f1": 0.4095
      },
      "2": {
        "precision": 0.114,
        "recall": 0.999,
        "f1": 0.2046
      },
      "3": {
        "precision": 0.0,
        "recall": 0.0,
        "f1": 0.0
      },
      "4": {
        "precision": 0.0,
        "recall": 0.0,
        "f1": 0.0
      },
      "5": {
        "precision": 0.0,
        "recall": 0.0,
        "f1": 0.0
      },
      "6": {
        "precision": 0.0,
        "recall": 0.0,
        "f1": 0.0
      },
      "7": {
        "precision": 0.7317,
        "recall": 0.4669,
        "f1": 0.5701
      },
      "8": {
        "precision": 1.0,
        "recall": 0.0021,
        "f1": 0.0041
      },
      "9": {
        "precision": 0.0,
        "recall": 0.0,
        "f1": 0.0
      }
    },
    "per_round": [
      {
        "round": 1,
        "loss": 2.30156959283847,
        "accuracy": 0.1052,
        "epsilon": 1.9587210114894105,
        "trust_scores": {}
      },
      {
        "round": 2,
        "loss": 2.299440012191431,
        "accuracy": 0.1062,
        "epsilon": 2.1552860658029926,
        "trust_scores": {}
      },
      {
        "round": 3,
        "loss": 2.297511806884132,
        "accuracy": 0.1092,
        "epsilon": 2.318585710607262,
        "trust_scores": {}
      },
      {
        "round": 4,
        "loss": 2.295626572526682,
        "accuracy": 0.1136,
        "epsilon": 2.464136091187762,
        "trust_scores": {}
      },
      {
        "round": 5,
        "loss": 2.2937881375273195,
        "accuracy": 0.1226,
        "epsilon": 2.5984908849800172,
        "trust_scores": {}
      },
      {
        "round": 6,
        "loss": 2.2920018605911694,
        "accuracy": 0.137,
        "epsilon": 2.72560356195604,
        "trust_scores": {}
      },
      {
        "round": 7,
        "loss": 2.290302793057963,
        "accuracy": 0.1546,
        "epsilon": 2.8479017330146497,
        "trust_scores": {}
      },
      {
        "round": 8,
        "loss": 2.2887170253851163,
        "accuracy": 0.1727,
        "epsilon": 2.9649581138427963,
        "trust_scores": {}
      },
      {
        "round": 9,
        "loss": 2.287113307763974,
        "accuracy": 0.1833,
        "epsilon": 3.0777200455624207,
        "trust_scores": {}
      },
      {
        "round": 10,
        "loss": 2.285459267826507,
        "accuracy": 0.1916,
        "epsilon": 3.1885229469137917,
        "trust_scores": {}
      },
      {
        "round": 11,
        "loss": 2.284006707584515,
        "accuracy": 0.1929,
        "epsilon": 3.2944567030178766,
        "trust_scores": {}
      },
      {
        "round": 12,
        "loss": 2.2825083839245877,
        "accuracy": 0.1931,
        "epsilon": 3.399856324977705,
        "trust_scores": {}
      },
      {
        "round": 13,
        "loss": 2.2810086541282484,
        "accuracy": 0.1945,
        "epsilon": 3.500754886006227,
        "trust_scores": {}
      },
      {
        "round": 14,
        "loss": 2.2795270593783346,
        "accuracy": 0.1941,
        "epsilon": 3.6013974700225067,
        "trust_scores": {}
      },
      {
        "round": 15,
        "loss": 2.2781064495111045,
        "accuracy": 0.1887,
        "epsilon": 3.698498318028769,
        "trust_scores": {}
      },
      {
        "round": 16,
        "loss": 2.2765856215748164,
        "accuracy": 0.1897,
        "epsilon": 3.794882983442699,
        "trust_scores": {}
      },
      {
        "round": 17,
        "loss": 2.2752147276942343,
        "accuracy": 0.1831,
        "epsilon": 3.889089284006229,
        "trust_scores": {}
      },
      {
        "round": 18,
        "loss": 2.273809659976167,
        "accuracy": 0.1771,
        "epsilon": 3.981607635295768,
        "trust_scores": {}
      },
      {
        "round": 19,
        "loss": 2.2722491875243263,
        "accuracy": 0.173,
        "epsilon": 4.073625707761651,
        "trust_scores": {}
      },
      {
        "round": 20,
        "loss": 2.2708429200961566,
        "accuracy": 0.1698,
        "epsilon": 4.162589760073668,
        "trust_scores": {}
      },
      {
        "round": 21,
        "loss": 2.2692370216686504,
        "accuracy": 0.1708,
        "epsilon": 4.251553812385684,
        "trust_scores": {}
      },
      {
        "round": 22,
        "loss": 2.267731553068557,
        "accuracy": 0.1633,
        "epsilon": 4.338677793758238,
        "trust_scores": {}
      },
      {
        "round": 23,
        "loss": 2.266237520181333,
        "accuracy": 0.1622,
        "epsilon": 4.42433989118078,
        "trust_scores": {}
      },
      {
        "round": 24,
        "loss": 2.2646416520920045,
        "accuracy": 0.1609,
        "epsilon": 4.510001988603321,
        "trust_scores": {}
      },
      {
        "round": 25,
        "loss": 2.2632162936579303,
        "accuracy": 0.1621,
        "epsilon": 4.593187507917825,
        "trust_scores": {}
      },
      {
        "round": 26,
        "loss": 2.2616767517674847,
        "accuracy": 0.1679,
        "epsilon": 4.675754693650577,
        "trust_scores": {}
      },
      {
        "round": 27,
        "loss": 2.260054309528095,
        "accuracy": 0.1763,
        "epsilon": 4.75832187938333,
        "trust_scores": {}
      },
      {
        "round": 28,
        "loss": 2.258570388483163,
        "accuracy": 0.178,
        "epsilon": 4.838402478643309,
        "trust_scores": {}
      },
      {
        "round": 29,
        "loss": 2.25694392740536,
        "accuracy": 0.1827,
        "epsilon": 4.918046979725356,
        "trust_scores": {}
      },
      {
        "round": 30,
        "loss": 2.25544875574569,
        "accuracy": 0.1808,
        "epsilon": 4.997691480807407,
        "trust_scores": {}
      }
    ]
  }
}