{
  "config": {
    "config_id": 5,
    "dataset": "mnist",
    "num_clients": 10,
    "num_rounds": 5,
    "num_byzantine": 2,
    "use_dp": true,
    "epsilon": 1.0,
    "delta": 1e-05,
    "use_fltrust": true,
    "use_topk": false,
    "topk_ratio": 0.1,
    "root_dataset_size": 1000,
    "rescale_to_ref_norm": false,
    "attack_type": "label_flip",
    "attack_scale": 3.0,
    "source_label": 3,
    "target_label": 7
  },
  "results": {
    "elapsed_seconds": 43.10427141189575,
    "noise_multiplier": 1.103515625,
    "confusion_matrix": [
      [
        874,
        9,
        93,
        0,
        1,
        0,
        2,
        1,
        0,
        0
      ],
      [
        0,
        1122,
        12,
        1,
        0,
        0,
        0,
        0,
        0,
        0
      ],
      [
        38,
        91,
        896,
        1,
        4,
        0,
        0,
        2,
        0,
        0
      ],
      [
        80,
        138,
        524,
        188,
        3,
        0,
        2,
        32,
        42,
        1
      ],
      [
        9,
        168,
        218,
        0,
        559,
        0,
        3,
        5,
        8,
        12
      ],
      [
        165,
        181,
        374,
        55,
        55,
        3,
        0,
        17,
        41,
        1
      ],
      [
        37,
        79,
        647,
        0,
        2,
        0,
        193,
        0,
        0,
        0
      ],
      [
        9,
        418,
        65,
        9,
        73,
        0,
        0,
        431,
        6,
        17
      ],
      [
        76,
        121,
        392,
        1,
        20,
        0,
        1,
        23,
        338,
        2
      ],
      [
        27,
        213,
        100,
        4,
        397,
        0,
        0,
        92,
        24,
        152
      ]
    ],
    "per_class_scores": {
      "0": {
        "precision": 0.6646,
        "recall": 0.8918,
        "f1": 0.7617
      },
      "1": {
        "precision": 0.4417,
        "recall": 0.9885,
        "f1": 0.6106
      },
      "2": {
        "precision": 0.2698,
        "recall": 0.8682,
        "f1": 0.4117
      },
      "3": {
        "precision": 0.7259,
        "recall": 0.1861,
        "f1": 0.2963
      },
      "4": {
        "precision": 0.5018,
        "recall": 0.5692,
        "f1": 0.5334
      },
      "5": {
        "precision": 1.0,
        "recall": 0.0034,
        "f1": 0.0067
      },
      "6": {
        "precision": 0.9602,
        "recall": 0.2015,
        "f1": 0.333
      },
      "7": {
        "precision": 0.7148,
        "recall": 0.4193,
        "f1": 0.5285
      },
      "8": {
        "precision": 0.7364,
        "recall": 0.347,
        "f1": 0.4717
      },
      "9": {
        "precision": 0.8216,
        "recall": 0.1506,
        "f1": 0.2546
      }
    },
    "label_distribution": {
      "root": {
        "9": 99,
        "6": 99,
        "1": 112,
        "0": 99,
        "2": 99,
        "5": 90,
        "3": 102,
        "8": 98,
        "4": 97,
        "7": 105
      },
      "clients": {
        "0": {
          "1": 645,
          "5": 537,
          "9": 626,
          "2": 594,
          "3": 553,
          "6": 572,
          "4": 521,
          "8": 616,
          "0": 587,
          "7": 649
        },
        "1": {
          "5": 533,
          "6": 593,
          "7": 647,
          "1": 631,
          "8": 558,
          "0": 592,
          "2": 563,
          "3": 590,
          "9": 601,
          "4": 592
        },
        "2": {
          "2": 627,
          "1": 683,
          "3": 627,
          "4": 577,
          "9": 595,
          "0": 593,
          "5": 480,
          "7": 584,
          "6": 559,
          "8": 575
        },
        "3": {
          "5": 547,
          "3": 606,
          "1": 676,
          "8": 543,
          "7": 598,
          "4": 583,
          "6": 599,
          "9": 569,
          "2": 563,
          "0": 616
        },
        "4": {
          "7": 601,
          "9": 566,
          "3": 630,
          "5": 520,
          "6": 605,
          "1": 709,
          "4": 600,
          "2": 554,
          "0": 549,
          "8": 566
        },
        "5": {
          "0": 585,
          "2": 599,
          "3": 576,
          "7": 606,
          "9": 568,
          "5": 521,
          "1": 671,
          "6": 603,
          "4": 554,
          "8": 617
        },
        "6": {
          "6": 577,
          "8": 597,
          "3": 621,
          "0": 501,
          "5": 534,
          "2": 604,
          "9": 583,
          "1": 661,
          "7": 644,
          "4": 578
        },
        "7": {
          "7": 627,
          "8": 561,
          "1": 649,
          "0": 588,
          "4": 579,
          "5": 537,
          "2": 604,
          "3": 612,
          "6": 599,
          "9": 544
        },
        "8": {
          "2": 607,
          "6": 571,
          "9": 589,
          "3": 623,
          "5": 579,
          "7": 621,
          "1": 640,
          "0": 576,
          "8": 551,
          "4": 543
        },
        "9": {
          "8": 569,
          "0": 637,
          "2": 544,
          "6": 541,
          "7": 583,
          "3": 591,
          "9": 609,
          "4": 618,
          "1": 665,
          "5": 543
        }
      }
    },
    "malicious_clients": {
      "27534011379825509": false,
      "15900530389090933126": false,
      "14884172755671168495": false,
      "5018589188178748107": false,
      "7663279164822596951": true,
      "3045716751229486619": false,
      "12611974623437371742": true,
      "2196610850024522518": false,
      "6746761738500494058": false,
      "18094414221213709461": false
    },
    "per_round": [
      {
        "round": 1,
        "loss": 2.274973936355152,
        "accuracy": 0.1036,
        "epsilon": 0.7850057833588592,
        "trust_scores": {
          "27534011379825509": 0.0584,
          "15900530389090933126": 0.0542,
          "14884172755671168495": 0.0625,
          "5018589188178748107": 0.0571,
          "7663279164822596951": 0.0444,
          "3045716751229486619": 0.055,
          "12611974623437371742": 0.0373,
          "2196610850024522518": 0.0562,
          "6746761738500494058": 0.0523,
          "18094414221213709461": 0.0578
        }
      },
      {
        "round": 2,
        "loss": 2.243789534980116,
        "accuracy": 0.1311,
        "epsilon": 0.8362939605089635,
        "trust_scores": {
          "27534011379825509": 0.0506,
          "15900530389090933126": 0.0434,
          "14884172755671168495": 0.0506,
          "5018589188178748107": 0.0587,
          "7663279164822596951": 0.032,
          "3045716751229486619": 0.0472,
          "12611974623437371742": 0.0369,
          "2196610850024522518": 0.0548,
          "6746761738500494058": 0.0525,
          "18094414221213709461": 0.0503
        }
      },
      {
        "round": 3,
        "loss": 2.20088987685621,
        "accuracy": 0.2805,
        "epsilon": 0.8875821376590682,
        "trust_scores": {
          "27534011379825509": 0.0518,
          "15900530389090933126": 0.0522,
          "14884172755671168495": 0.0609,
          "5018589188178748107": 0.0592,
          "7663279164822596951": 0.0502,
          "3045716751229486619": 0.0532,
          "12611974623437371742": 0.0424,
          "2196610850024522518": 0.059,
          "6746761738500494058": 0.063,
          "18094414221213709461": 0.057
        }
      },
      {
        "round": 4,
        "loss": 2.1425020961334913,
        "accuracy": 0.3205,
        "epsilon": 0.9388703148091725,
        "trust_scores": {
          "27534011379825509": 0.0662,
          "15900530389090933126": 0.0625,
          "14884172755671168495": 0.0623,
          "5018589188178748107": 0.0609,
          "7663279164822596951": 0.0523,
          "3045716751229486619": 0.0602,