{
  "config": {
    "config_id": 6,
    "dataset": "mnist",
    "num_clients": 10,
    "num_rounds": 5,
    "num_byzantine": 2,
    "use_dp": true,
    "epsilon": 10.0,
    "delta": 1e-05,
    "use_fltrust": false,
    "use_topk": true,
    "topk_ratio": 0.1,
    "root_dataset_size": 1000,
    "rescale_to_ref_norm": false,
    "attack_type": "label_flip",
    "attack_scale": 3.0,
    "source_label": 3,
    "target_label": 7
  },
  "results": {
    "elapsed_seconds": 42.41801691055298,
    "noise_multiplier": 0.496368408203125,
    "confusion_matrix": [
      [
        350,
        0,
        630,
        0,
        0,
        0,
        0,
        0,
        0,
        0
      ],
      [
        0,
        939,
        196,
        0,
        0,
        0,
        0,
        0,
        0,
        0
      ],
      [
        1,
        0,
        1031,
        0,
        0,
        0,
        0,
        0,
        0,
        0
      ],
      [
        1,
        8,
        1001,
        0,
        0,
        0,
        0,
        0,
        0,
        0
      ],
      [
        0,
        12,
        970,
        0,
        0,
        0,
        0,
        0,
        0,
        0
      ],
      [
        6,
        11,
        875,
        0,
        0,
        0,
        0,
        0,
        0,
        0
      ],
      [
        0,
        3,
        955,
        0,
        0,
        0,
        0,
        0,
        0,
        0
      ],
      [
        0,
        120,
        803,
        9,
        0,
        0,
        0,
        96,
        0,
        0
      ],
      [
        10,
        4,
        958,
        0,
        0,
        0,
        0,
        0,
        2,
        0
      ],
      [
        3,
        33,
        963,
        0,
        0,
        0,
        0,
        9,
        1,
        0
      ]
    ],
    "per_class_scores": {
      "0": {
        "precision": 0.9434,
        "recall": 0.3571,
        "f1": 0.5181
      },
      "1": {
        "precision": 0.831,
        "recall": 0.8273,
        "f1": 0.8291
      },
      "2": {
        "precision": 0.123,
        "recall": 0.999,
        "f1": 0.219
      },
      "3": {
        "precision": 0.0,
        "recall": 0.0,
        "f1": 0.0
      },
      "4": {
        "precision": 0.0,
        "recall": 0.0,
        "f1": 0.0
      },
      "5": {
        "precision": 0.0,
        "recall": 0.0,
        "f1": 0.0
      },
      "6": {
        "precision": 0.0,
        "recall": 0.0,
        "f1": 0.0
      },
      "7": {
        "precision": 0.9143,
        "recall": 0.0934,
        "f1": 0.1695
      },
      "8": {
        "precision": 0.6667,
        "recall": 0.0021,
        "f1": 0.0041
      },
      "9": {
        "precision": 0.0,
        "recall": 0.0,
        "f1": 0.0
      }
    },
    "label_distribution": {
      "root": {
        "9": 99,
        "6": 99,
        "1": 112,
        "0": 99,
        "2": 99,
        "5": 90,
        "3": 102,
        "8": 98,
        "4": 97,
        "7": 105
      },
      "clients": {
        "0": {
          "1": 645,
          "5": 537,
          "9": 626,
          "2": 594,
          "3": 553,
          "6": 572,
          "4": 521,
          "8": 616,
          "0": 587,
          "7": 649
        },
        "1": {
          "5": 533,
          "6": 593,
          "7": 647,
          "1": 631,
          "8": 558,
          "0": 592,
          "2": 563,
          "3": 590,
          "9": 601,
          "4": 592
        },
        "2": {
          "2": 627,
          "1": 683,
          "3": 627,
          "4": 577,
          "9": 595,
          "0": 593,
          "5": 480,
          "7": 584,
          "6": 559,
          "8": 575
        },
        "3": {
          "5": 547,
          "3": 606,
          "1": 676,
          "8": 543,
          "7": 598,
          "4": 583,
          "6": 599,
          "9": 569,
          "2": 563,
          "0": 616
        },
        "4": {
          "7": 601,
          "9": 566,
          "3": 630,
          "5": 520,
          "6": 605,
          "1": 709,
          "4": 600,
          "2": 554,
          "0": 549,
          "8": 566
        },
        "5": {
          "0": 585,
          "2": 599,
          "3": 576,
          "7": 606,
          "9": 568,
          "5": 521,
          "1": 671,
          "6": 603,
          "4": 554,
          "8": 617
        },
        "6": {
          "6": 577,
          "8": 597,
          "3": 621,
          "0": 501,
          "5": 534,
          "2": 604,
          "9": 583,
          "1": 661,
          "7": 644,
          "4": 578
        },
        "7": {
          "7": 627,
          "8": 561,
          "1": 649,
          "0": 588,
          "4": 579,
          "5": 537,
          "2": 604,
          "3": 612,
          "6": 599,
          "9": 544
        },
        "8": {
          "2": 607,
          "6": 571,
          "9": 589,
          "3": 623,
          "5": 579,
          "7": 621,
          "1": 640,
          "0": 576,
          "8": 551,
          "4": 543
        },
        "9": {
          "8": 569,
          "0": 637,
          "2": 544,
          "6": 541,
          "7": 583,
          "3": 591,
          "9": 609,
          "4": 618,
          "1": 665,
          "5": 543
        }
      }
    },
    "malicious_clients": {},
    "per_round": [
      {
        "round": 1,
        "loss": 2.2846690793387805,
        "accuracy": 0.1821,
        "epsilon": 6.906433184789564,
        "trust_scores": {}
      },
      {
        "round": 2,
        "loss": 2.2705359192321093,
        "accuracy": 0.1177,
        "epsilon": 7.930951829285942,
        "trust_scores": {}
      },
      {
        "round": 3,
        "loss": 2.254501973478177,
        "accuracy": 0.1082,
        "epsilon": 8.717222781186257,
        "trust_scores": {}
      },
      {
        "round": 4,
        "loss": 2.2362161771938824,
        "accuracy": 0.1319,
        "epsilon": 9.407452830740656,
        "trust_scores": {}
      },
      {
        "round": 5,
        "loss": 2.2135434668665877,
        "accuracy": 0.2418,
        "epsilon": 9.99451931939179,
        "trust_scores": {}
      }
    ]
  }
}