{
  "config": {
    "config_id": 6,
    "dataset": "mnist",
    "num_clients": 10,
    "num_rounds": 5,
    "num_byzantine": 2,
    "use_dp": true,
    "epsilon": 1.0,
    "delta": 1e-05,
    "use_fltrust": false,
    "use_topk": true,
    "topk_ratio": 0.1,
    "root_dataset_size": 1000,
    "rescale_to_ref_norm": false,
    "attack_type": "label_flip",
    "attack_scale": 3.0,
    "source_label": 3,
    "target_label": 7
  },
  "results": {
    "elapsed_seconds": 40.727508306503296,
    "noise_multiplier": 1.103515625,
    "confusion_matrix": [
      [
        274,
        0,
        706,
        0,
        0,
        0,
        0,
        0,
        0,
        0
      ],
      [
        0,
        766,
        369,
        0,
        0,
        0,
        0,
        0,
        0,
        0
      ],
      [
        0,
        0,
        1032,
        0,
        0,
        0,
        0,
        0,
        0,
        0
      ],
      [
        0,
        2,
        1008,
        0,
        0,
        0,
        0,
        0,
        0,
        0
      ],
      [
        0,
        5,
        977,
        0,
        0,
        0,
        0,
        0,
        0,
        0
      ],
      [
        5,
        3,
        883,
        1,
        0,
        0,
        0,
        0,
        0,
        0
      ],
      [
        0,
        2,
        956,
        0,
        0,
        0,
        0,
        0,
        0,
        0
      ],
      [
        0,
        50,
        876,
        37,
        0,
        0,
        0,
        65,
        0,
        0
      ],
      [
        5,
        1,
        968,
        0,
        0,
        0,
        0,
        0,
        0,
        0
      ],
      [
        1,
        12,
        989,
        0,
        0,
        0,
        0,
        4,
        3,
        0
      ]
    ],
    "per_class_scores": {
      "0": {
        "precision": 0.9614,
        "recall": 0.2796,
        "f1": 0.4332
      },
      "1": {
        "precision": 0.9108,
        "recall": 0.6749,
        "f1": 0.7753
      },
      "2": {
        "precision": 0.1178,
        "recall": 1.0,
        "f1": 0.2107
      },
      "3": {
        "precision": 0.0,
        "recall": 0.0,
        "f1": 0.0
      },
      "4": {
        "precision": 0.0,
        "recall": 0.0,
        "f1": 0.0
      },
      "5": {
        "precision": 0.0,
        "recall": 0.0,
        "f1": 0.0
      },
      "6": {
        "precision": 0.0,
        "recall": 0.0,
        "f1": 0.0
      },
      "7": {
        "precision": 0.942,
        "recall": 0.0632,
        "f1": 0.1185
      },
      "8": {
        "precision": 0.0,
        "recall": 0.0,
        "f1": 0.0
      },
      "9": {
        "precision": 0.0,
        "recall": 0.0,
        "f1": 0.0
      }
    },
    "label_distribution": {
      "root": {
        "9": 99,
        "6": 99,
        "1": 112,
        "0": 99,
        "2": 99,
        "5": 90,
        "3": 102,
        "8": 98,
        "4": 97,
        "7": 105
      },
      "clients": {
        "0": {
          "1": 645,
          "5": 537,
          "9": 626,
          "2": 594,
          "3": 553,
          "6": 572,
          "4": 521,
          "8": 616,
          "0": 587,
          "7": 649
        },
        "1": {
          "5": 533,
          "6": 593,
          "7": 647,
          "1": 631,
          "8": 558,
          "0": 592,
          "2": 563,
          "3": 590,
          "9": 601,
          "4": 592
        },
        "2": {
          "2": 627,
          "1": 683,
          "3": 627,
          "4": 577,
          "9": 595,
          "0": 593,
          "5": 480,
          "7": 584,
          "6": 559,
          "8": 575
        },
        "3": {
          "5": 547,
          "3": 606,
          "1": 676,
          "8": 543,
          "7": 598,
          "4": 583,
          "6": 599,
          "9": 569,
          "2": 563,
          "0": 616
        },
        "4": {
          "7": 601,
          "9": 566,
          "3": 630,
          "5": 520,
          "6": 605,
          "1": 709,
          "4": 600,
          "2": 554,
          "0": 549,
          "8": 566
        },
        "5": {
          "0": 585,
          "2": 599,
          "3": 576,
          "7": 606,
          "9": 568,
          "5": 521,
          "1": 671,
          "6": 603,
          "4": 554,
          "8": 617
        },
        "6": {
          "6": 577,
          "8": 597,
          "3": 621,
          "0": 501,
          "5": 534,
          "2": 604,
          "9": 583,
          "1": 661,
          "7": 644,
          "4": 578
        },
        "7": {
          "7": 627,
          "8": 561,
          "1": 649,
          "0": 588,
          "4": 579,
          "5": 537,
          "2": 604,
          "3": 612,
          "6": 599,
          "9": 544
        },
        "8": {
          "2": 607,
          "6": 571,
          "9": 589,
          "3": 623,
          "5": 579,
          "7": 621,
          "1": 640,
          "0": 576,
          "8": 551,
          "4": 543
        },
        "9": {
          "8": 569,
          "0": 637,
          "2": 544,
          "6": 541,
          "7": 583,
          "3": 591,
          "9": 609,
          "4": 618,
          "1": 665,
          "5": 543
        }
      }
    },
    "malicious_clients": {},
    "per_round": [
      {
        "round": 1,
        "loss": 2.286005387290979,
        "accuracy": 0.1801,
        "epsilon": 0.7850057833588592,
        "trust_scores": {}
      },
      {
        "round": 2,
        "loss": 2.273057235315585,
        "accuracy": 0.1158,
        "epsilon": 0.8362939605089635,
        "trust_scores": {}
      },
      {
        "round": 3,
        "loss": 2.2590962172316287,
        "accuracy": 0.1039,
        "epsilon": 0.8875821376590682,
        "trust_scores": {}
      },
      {
        "round": 4,
        "loss": 2.242500186347352,
        "accuracy": 0.1131,
        "epsilon": 0.9388703148091725,
        "trust_scores": {}
      },
      {
        "round": 5,
        "loss": 2.2234001814747772,
        "accuracy": 0.2137,
        "epsilon": 0.9901584919592771,
        "trust_scores": {}
      }
    ]
  }
}