{
  "config": {
    "config_id": 6,
    "dataset": "mnist",
    "num_clients": 10,
    "num_rounds": 5,
    "num_byzantine": 2,
    "use_dp": true,
    "epsilon": 5.0,
    "delta": 1e-05,
    "use_fltrust": false,
    "use_topk": true,
    "topk_ratio": 0.5,
    "root_dataset_size": 1000,
    "rescale_to_ref_norm": false,
    "attack_type": "label_flip",
    "attack_scale": 3.0,
    "source_label": 3,
    "target_label": 7
  },
  "results": {
    "elapsed_seconds": 41.49457597732544,
    "noise_multiplier": 0.615234375,
    "confusion_matrix": [
      [
        844,
        7,
        127,
        1,
        0,
        0,
        1,
        0,
        0,
        0
      ],
      [
        0,
        1121,
        14,
        0,
        0,
        0,
        0,
        0,
        0,
        0
      ],
      [
        36,
        74,
        916,
        3,
        2,
        0,
        0,
        1,
        0,
        0
      ],
      [
        72,
        127,
        599,
        138,
        3,
        0,
        0,
        40,
        26,
        5
      ],
      [
        4,
        165,
        267,
        0,
        511,
        0,
        1,
        7,
        7,
        20
      ],
      [
        145,
        171,
        432,
        48,
        37,
        0,
        0,
        19,
        33,
        7
      ],
      [
        28,
        74,
        689,
        0,
        1,
        0,
        166,
        0,
        0,
        0
      ],
      [
        11,
        440,
        69,
        57,
        66,
        0,
        0,
        347,
        5,
        33
      ],
      [
        70,
        123,
        428,
        2,
        19,
        0,
        1,
        24,
        303,
        4
      ],
      [
        25,
        216,
        113,
        3,
        253,
        0,
        0,
        93,
        17,
        289
      ]
    ],
    "per_class_scores": {
      "0": {
        "precision": 0.6834,
        "recall": 0.8612,
        "f1": 0.7621
      },
      "1": {
        "precision": 0.4452,
        "recall": 0.9877,
        "f1": 0.6137
      },
      "2": {
        "precision": 0.2507,
        "recall": 0.8876,
        "f1": 0.391
      },
      "3": {
        "precision": 0.5476,
        "recall": 0.1366,
        "f1": 0.2187
      },
      "4": {
        "precision": 0.5729,
        "recall": 0.5204,
        "f1": 0.5454
      },
      "5": {
        "precision": 0.0,
        "recall": 0.0,
        "f1": 0.0
      },
      "6": {
        "precision": 0.9822,
        "recall": 0.1733,
        "f1": 0.2946
      },
      "7": {
        "precision": 0.6535,
        "recall": 0.3375,
        "f1": 0.4452
      },
      "8": {
        "precision": 0.7749,
        "recall": 0.3111,
        "f1": 0.444
      },
      "9": {
        "precision": 0.8073,
        "recall": 0.2864,
        "f1": 0.4228
      }
    },
    "label_distribution": {
      "root": {
        "9": 99,
        "6": 99,
        "1": 112,
        "0": 99,
        "2": 99,
        "5": 90,
        "3": 102,
        "8": 98,
        "4": 97,
        "7": 105
      },
      "clients": {
        "0": {
          "1": 645,
          "5": 537,
          "9": 626,
          "2": 594,
          "3": 553,
          "6": 572,
          "4": 521,
          "8": 616,
          "0": 587,
          "7": 649
        },
        "1": {
          "5": 533,
          "6": 593,
          "7": 647,
          "1": 631,
          "8": 558,
          "0": 592,
          "2": 563,
          "3": 590,
          "9": 601,
          "4": 592
        },
        "2": {
          "2": 627,
          "1": 683,
          "3": 627,
          "4": 577,
          "9": 595,
          "0": 593,
          "5": 480,
          "7": 584,
          "6": 559,
          "8": 575
        },
        "3": {
          "5": 547,
          "3": 606,
          "1": 676,
          "8": 543,
          "7": 598,
          "4": 583,
          "6": 599,
          "9": 569,
          "2": 563,
          "0": 616
        },
        "4": {
          "7": 601,
          "9": 566,
          "3": 630,
          "5": 520,
          "6": 605,
          "1": 709,
          "4": 600,
          "2": 554,
          "0": 549,
          "8": 566
        },
        "5": {
          "0": 585,
          "2": 599,
          "3": 576,
          "7": 606,
          "9": 568,
          "5": 521,
          "1": 671,
          "6": 603,
          "4": 554,
          "8": 617
        },
        "6": {
          "6": 577,
          "8": 597,
          "3": 621,
          "0": 501,
          "5": 534,
          "2": 604,
          "9": 583,
          "1": 661,
          "7": 644,
          "4": 578
        },
        "7": {
          "7": 627,
          "8": 561,
          "1": 649,
          "0": 588,
          "4": 579,
          "5": 537,
          "2": 604,
          "3": 612,
          "6": 599,
          "9": 544
        },
        "8": {
          "2": 607,
          "6": 571,
          "9": 589,
          "3": 623,
          "5": 579,
          "7": 621,
          "1": 640,
          "0": 576,
          "8": 551,
          "4": 543
        },
        "9": {
          "8": 569,
          "0": 637,
          "2": 544,
          "6": 541,
          "7": 583,
          "3": 591,
          "9": 609,
          "4": 618,
          "1": 665,
          "5": 543
        }
      }
    },
    "malicious_clients": {},
    "per_round": [
      {
        "round": 1,
        "loss": 2.2744814694499054,
        "accuracy": 0.1038,
        "epsilon": 3.707310167151577,
        "trust_scores": {}
      },
      {
        "round": 2,
        "loss": 2.2436319532485816,
        "accuracy": 0.123,
        "epsilon": 4.133397465869384,
        "trust_scores": {}
      },
      {
        "round": 3,
        "loss": 2.202450586964909,
        "accuracy": 0.268,
        "epsilon": 4.461083195047627,
        "trust_scores": {}
      },
      {
        "round": 4,
        "loss": 2.146367383079407,
        "accuracy": 0.3085,
        "epsilon": 4.7447912628355375,
        "trust_scores": {}
      },
      {
        "round": 5,
        "loss": 2.0736161816996126,
        "accuracy": 0.4635,
        "epsilon": 4.9958357587364075,
        "trust_scores": {}
      }
    ]
  }
}