{
  "config": {
    "config_id": 2,
    "dataset": "mnist",
    "num_clients": 10,
    "num_rounds": 5,
    "num_byzantine": 2,
    "use_dp": true,
    "epsilon": 1.0,
    "delta": 1e-05,
    "use_fltrust": false,
    "use_topk": false,
    "topk_ratio": 0.1,
    "root_dataset_size": 1000,
    "rescale_to_ref_norm": false,
    "attack_type": "label_flip",
    "attack_scale": 3.0,
    "source_label": 3,
    "target_label": 7
  },
  "results": {
    "elapsed_seconds": 42.8792028427124,
    "noise_multiplier": 1.103515625,
    "confusion_matrix": [
      [
        900,
        11,
        65,
        1,
        1,
        0,
        2,
        0,
        0,
        0
      ],
      [
        0,
        1124,
        10,
        1,
        0,
        0,
        0,
        0,
        0,
        0
      ],
      [
        44,
        99,
        881,
        2,
        5,
        0,
        0,
        1,
        0,
        0
      ],
      [
        95,
        146,
        475,
        188,
        4,
        0,
        2,
        40,
        56,
        4
      ],
      [
        16,
        159,
        139,
        0,
        617,
        0,
        11,
        4,
        9,
        27
      ],
      [
        182,
        193,
        328,
        49,
        50,
        11,
        0,
        18,
        53,
        8
      ],
      [
        44,
        82,
        525,
        0,
        7,
        0,
        300,
        0,
        0,
        0
      ],
      [
        12,
        426,
        52,
        89,
        91,
        0,
        0,
        320,
        6,
        32
      ],
      [
        85,
        132,
        312,
        1,
        23,
        0,
        2,
        23,
        390,
        6
      ],
      [
        27,
        215,
        67,
        4,
        360,
        0,
        0,
        74,
        22,
        240
      ]
    ],
    "per_class_scores": {
      "0": {
        "precision": 0.6406,
        "recall": 0.9184,
        "f1": 0.7547
      },
      "1": {
        "precision": 0.4345,
        "recall": 0.9903,
        "f1": 0.604
      },
      "2": {
        "precision": 0.3087,
        "recall": 0.8537,
        "f1": 0.4534
      },
      "3": {
        "precision": 0.5612,
        "recall": 0.1861,
        "f1": 0.2796
      },
      "4": {
        "precision": 0.5328,
        "recall": 0.6283,
        "f1": 0.5766
      },
      "5": {
        "precision": 1.0,
        "recall": 0.0123,
        "f1": 0.0244
      },
      "6": {
        "precision": 0.9464,
        "recall": 0.3132,
        "f1": 0.4706
      },
      "7": {
        "precision": 0.6667,
        "recall": 0.3113,
        "f1": 0.4244
      },
      "8": {
        "precision": 0.7276,
        "recall": 0.4004,
        "f1": 0.5166
      },
      "9": {
        "precision": 0.7571,
        "recall": 0.2379,
        "f1": 0.362
      }
    },
    "label_distribution": {
      "root": {
        "9": 99,
        "6": 99,
        "1": 112,
        "0": 99,
        "2": 99,
        "5": 90,
        "3": 102,
        "8": 98,
        "4": 97,
        "7": 105
      },
      "clients": {
        "0": {
          "1": 645,
          "5": 537,
          "9": 626,
          "2": 594,
          "3": 553,
          "6": 572,
          "4": 521,
          "8": 616,
          "0": 587,
          "7": 649
        },
        "1": {
          "5": 533,
          "6": 593,
          "7": 647,
          "1": 631,
          "8": 558,
          "0": 592,
          "2": 563,
          "3": 590,
          "9": 601,
          "4": 592
        },
        "2": {
          "2": 627,
          "1": 683,
          "3": 627,
          "4": 577,
          "9": 595,
          "0": 593,
          "5": 480,
          "7": 584,
          "6": 559,
          "8": 575
        },
        "3": {
          "5": 547,
          "3": 606,
          "1": 676,
          "8": 543,
          "7": 598,
          "4": 583,
          "6": 599,
          "9": 569,
          "2": 563,
          "0": 616
        },
        "4": {
          "7": 601,
          "9": 566,
          "3": 630,
          "5": 520,
          "6": 605,
          "1": 709,
          "4": 600,
          "2": 554,
          "0": 549,
          "8": 566
        },
        "5": {
          "0": 585,
          "2": 599,
          "3": 576,
          "7": 606,
          "9": 568,
          "5": 521,
          "1": 671,
          "6": 603,
          "4": 554,
          "8": 617
        },
        "6": {
          "6": 577,
          "8": 597,
          "3": 621,
          "0": 501,
          "5": 534,
          "2": 604,
          "9": 583,
          "1": 661,
          "7": 644,
          "4": 578
        },
        "7": {
          "7": 627,
          "8": 561,
          "1": 649,
          "0": 588,
          "4": 579,
          "5": 537,
          "2": 604,
          "3": 612,
          "6": 599,
          "9": 544
        },
        "8": {
          "2": 607,
          "6": 571,
          "9": 589,
          "3": 623,
          "5": 579,
          "7": 621,
          "1": 640,
          "0": 576,
          "8": 551,
          "4": 543
        },
        "9": {
          "8": 569,
          "0": 637,
          "2": 544,
          "6": 541,
          "7": 583,
          "3": 591,
          "9": 609,
          "4": 618,
          "1": 665,
          "5": 543
        }
      }
    },
    "malicious_clients": {},
    "per_round": [
      {
        "round": 1,
        "loss": 2.2748754534858486,
        "accuracy": 0.1032,
        "epsilon": 0.7850057833588592,
        "trust_scores": {}
      },
      {
        "round": 2,
        "loss": 2.24147622120647,
        "accuracy": 0.1439,
        "epsilon": 0.8362939605089635,
        "trust_scores": {}
      },
      {
        "round": 3,
        "loss": 2.196264806266029,
        "accuracy": 0.2755,
        "epsilon": 0.8875821376590682,
        "trust_scores": {}
      },
      {
        "round": 4,
        "loss": 2.1331851482391357,
        "accuracy": 0.321,
        "epsilon": 0.9388703148091725,
        "trust_scores": {}
      },
      {
        "round": 5,
        "loss": 2.0522793794211487,
        "accuracy": 0.4971,
        "epsilon": 0.9901584919592771,
        "trust_scores": {}
      }
    ]
  }
}