{
  "config": {
    "config_id": 2,
    "dataset": "mnist",
    "num_clients": 10,
    "num_rounds": 5,
    "num_byzantine": 2,
    "use_dp": true,
    "epsilon": 10.0,
    "delta": 1e-05,
    "use_fltrust": false,
    "use_topk": false,
    "topk_ratio": 0.1,
    "root_dataset_size": 1000,
    "rescale_to_ref_norm": false,
    "attack_type": "label_flip",
    "attack_scale": 3.0,
    "source_label": 3,
    "target_label": 7
  },
  "results": {
    "elapsed_seconds": 42.07439923286438,
    "noise_multiplier": 0.496368408203125,
    "confusion_matrix": [
      [
        875,
        9,
        93,
        1,
        1,
        0,
        1,
        0,
        0,
        0
      ],
      [
        0,
        1124,
        10,
        1,
        0,
        0,
        0,
        0,
        0,
        0
      ],
      [
        41,
        88,
        895,
        3,
        4,
        0,
        0,
        1,
        0,
        0
      ],
      [
        87,
        136,
        521,
        172,
        3,
        0,
        1,
        49,
        34,
        7
      ],
      [
        11,
        161,
        175,
        0,
        598,
        0,
        6,
        3,
        8,
        20
      ],
      [
        166,
        177,
        369,
        56,
        47,
        1,
        0,
        24,
        35,
        17
      ],
      [
        38,
        77,
        577,
        0,
        5,
        0,
        261,
        0,
        0,
        0
      ],
      [
        13,
        438,
        55,
        61,
        74,
        0,
        0,
        347,
        6,
        34
      ],
      [
        86,
        133,
        346,
        2,
        31,
        0,
        2,
        24,
        343,
        7
      ],
      [
        27,
        222,
        76,
        5,
        275,
        0,
        0,
        83,
        16,
        305
      ]
    ],
    "per_class_scores": {
      "0": {
        "precision": 0.651,
        "recall": 0.8929,
        "f1": 0.753
      },
      "1": {
        "precision": 0.4382,
        "recall": 0.9903,
        "f1": 0.6076
      },
      "2": {
        "precision": 0.2871,
        "recall": 0.8672,
        "f1": 0.4314
      },
      "3": {
        "precision": 0.5714,
        "recall": 0.1703,
        "f1": 0.2624
      },
      "4": {
        "precision": 0.5761,
        "recall": 0.609,
        "f1": 0.5921
      },
      "5": {
        "precision": 1.0,
        "recall": 0.0011,
        "f1": 0.0022
      },
      "6": {
        "precision": 0.9631,
        "recall": 0.2724,
        "f1": 0.4247
      },
      "7": {
        "precision": 0.6535,
        "recall": 0.3375,
        "f1": 0.4452
      },
      "8": {
        "precision": 0.776,
        "recall": 0.3522,
        "f1": 0.4845
      },
      "9": {
        "precision": 0.7821,
        "recall": 0.3023,
        "f1": 0.436
      }
    },
    "label_distribution": {
      "root": {
        "9": 99,
        "6": 99,
        "1": 112,
        "0": 99,
        "2": 99,
        "5": 90,
        "3": 102,
        "8": 98,
        "4": 97,
        "7": 105
      },
      "clients": {
        "0": {
          "1": 645,
          "5": 537,
          "9": 626,
          "2": 594,
          "3": 553,
          "6": 572,
          "4": 521,
          "8": 616,
          "0": 587,
          "7": 649
        },
        "1": {
          "5": 533,
          "6": 593,
          "7": 647,
          "1": 631,
          "8": 558,
          "0": 592,
          "2": 563,
          "3": 590,
          "9": 601,
          "4": 592
        },
        "2": {
          "2": 627,
          "1": 683,
          "3": 627,
          "4": 577,
          "9": 595,
          "0": 593,
          "5": 480,
          "7": 584,
          "6": 559,
          "8": 575
        },
        "3": {
          "5": 547,
          "3": 606,
          "1": 676,
          "8": 543,
          "7": 598,
          "4": 583,
          "6": 599,
          "9": 569,
          "2": 563,
          "0": 616
        },
        "4": {
          "7": 601,
          "9": 566,
          "3": 630,
          "5": 520,
          "6": 605,
          "1": 709,
          "4": 600,
          "2": 554,
          "0": 549,
          "8": 566
        },
        "5": {
          "0": 585,
          "2": 599,
          "3": 576,
          "7": 606,
          "9": 568,
          "5": 521,
          "1": 671,
          "6": 603,
          "4": 554,
          "8": 617
        },
        "6": {
          "6": 577,
          "8": 597,
          "3": 621,
          "0": 501,
          "5": 534,
          "2": 604,
          "9": 583,
          "1": 661,
          "7": 644,
          "4": 578
        },
        "7": {
          "7": 627,
          "8": 561,
          "1": 649,
          "0": 588,
          "4": 579,
          "5": 537,
          "2": 604,
          "3": 612,
          "6": 599,
          "9": 544
        },
        "8": {
          "2": 607,
          "6": 571,
          "9": 589,
          "3": 623,
          "5": 579,
          "7": 621,
          "1": 640,
          "0": 576,
          "8": 551,
          "4": 543
        },
        "9": {
          "8": 569,
          "0": 637,
          "2": 544,
          "6": 541,
          "7": 583,
          "3": 591,
          "9": 609,
          "4": 618,
          "1": 665,
          "5": 543
        }
      }
    },
    "malicious_clients": {},
    "per_round": [
      {
        "round": 1,
        "loss": 2.273228968294284,
        "accuracy": 0.1033,
        "epsilon": 6.906433184789564,
        "trust_scores": {}
      },
      {
        "round": 2,
        "loss": 2.238895925850914,
        "accuracy": 0.1416,
        "epsilon": 7.930951829285942,
        "trust_scores": {}
      },
      {
        "round": 3,
        "loss": 2.1931099739318456,
        "accuracy": 0.2923,
        "epsilon": 8.717222781186257,
        "trust_scores": {}
      },
      {
        "round": 4,
        "loss": 2.129561475290658,
        "accuracy": 0.327,
        "epsilon": 9.407452830740656,
        "trust_scores": {}
      },
      {
        "round": 5,
        "loss": 2.0478371789280216,
        "accuracy": 0.4921,
        "epsilon": 9.99451931939179,
        "trust_scores": {}
      }
    ]
  }
}