{
  "config": {
    "config_id": 8,
    "dataset": "mnist",
    "num_clients": 10,
    "num_rounds": 5,
    "num_byzantine": 2,
    "use_dp": true,
    "epsilon": 1.0,
    "delta": 1e-05,
    "use_fltrust": true,
    "use_topk": true,
    "topk_ratio": 0.1,
    "root_dataset_size": 1000,
    "rescale_to_ref_norm": false,
    "attack_type": "label_flip",
    "attack_scale": 3.0,
    "source_label": 3,
    "target_label": 7
  },
  "results": {
    "elapsed_seconds": 43.411433935165405,
    "noise_multiplier": 1.103515625,
    "confusion_matrix": [
      [
        252,
        0,
        728,
        0,
        0,
        0,
        0,
        0,
        0,
        0
      ],
      [
        0,
        757,
        378,
        0,
        0,
        0,
        0,
        0,
        0,
        0
      ],
      [
        0,
        0,
        1032,
        0,
        0,
        0,
        0,
        0,
        0,
        0
      ],
      [
        0,
        3,
        1006,
        1,
        0,
        0,
        0,
        0,
        0,
        0
      ],
      [
        0,
        6,
        976,
        0,
        0,
        0,
        0,
        0,
        0,
        0
      ],
      [
        4,
        3,
        884,
        1,
        0,
        0,
        0,
        0,
        0,
        0
      ],
      [
        0,
        2,
        956,
        0,
        0,
        0,
        0,
        0,
        0,
        0
      ],
      [
        0,
        55,
        841,
        15,
        0,
        0,
        0,
        117,
        0,
        0
      ],
      [
        5,
        1,
        968,
        0,
        0,
        0,
        0,
        0,
        0,
        0
      ],
      [
        0,
        13,
        987,
        0,
        0,
        0,
        0,
        8,
        1,
        0
      ]
    ],
    "per_class_scores": {
      "0": {
        "precision": 0.9655,
        "recall": 0.2571,
        "f1": 0.4061
      },
      "1": {
        "precision": 0.9012,
        "recall": 0.667,
        "f1": 0.7666
      },
      "2": {
        "precision": 0.1179,
        "recall": 1.0,
        "f1": 0.2109
      },
      "3": {
        "precision": 0.0588,
        "recall": 0.001,
        "f1": 0.0019
      },
      "4": {
        "precision": 0.0,
        "recall": 0.0,
        "f1": 0.0
      },
      "5": {
        "precision": 0.0,
        "recall": 0.0,
        "f1": 0.0
      },
      "6": {
        "precision": 0.0,
        "recall": 0.0,
        "f1": 0.0
      },
      "7": {
        "precision": 0.936,
        "recall": 0.1138,
        "f1": 0.2029
      },
      "8": {
        "precision": 0.0,
        "recall": 0.0,
        "f1": 0.0
      },
      "9": {
        "precision": 0.0,
        "recall": 0.0,
        "f1": 0.0
      }
    },
    "label_distribution": {
      "root": {
        "9": 99,
        "6": 99,
        "1": 112,
        "0": 99,
        "2": 99,
        "5": 90,
        "3": 102,
        "8": 98,
        "4": 97,
        "7": 105
      },
      "clients": {
        "0": {
          "1": 645,
          "5": 537,
          "9": 626,
          "2": 594,
          "3": 553,
          "6": 572,
          "4": 521,
          "8": 616,
          "0": 587,
          "7": 649
        },
        "1": {
          "5": 533,
          "6": 593,
          "7": 647,
          "1": 631,
          "8": 558,
          "0": 592,
          "2": 563,
          "3": 590,
          "9": 601,
          "4": 592
        },
        "2": {
          "2": 627,
          "1": 683,
          "3": 627,
          "4": 577,
          "9": 595,
          "0": 593,
          "5": 480,
          "7": 584,
          "6": 559,
          "8": 575
        },
        "3": {
          "5": 547,
          "3": 606,
          "1": 676,
          "8": 543,
          "7": 598,
          "4": 583,
          "6": 599,
          "9": 569,
          "2": 563,
          "0": 616
        },
        "4": {
          "7": 601,
          "9": 566,
          "3": 630,
          "5": 520,
          "6": 605,
          "1": 709,
          "4": 600,
          "2": 554,
          "0": 549,
          "8": 566
        },
        "5": {
          "0": 585,
          "2": 599,
          "3": 576,
          "7": 606,
          "9": 568,
          "5": 521,
          "1": 671,
          "6": 603,
          "4": 554,
          "8": 617
        },
        "6": {
          "6": 577,
          "8": 597,
          "3": 621,
          "0": 501,
          "5": 534,
          "2": 604,
          "9": 583,
          "1": 661,
          "7": 644,
          "4": 578
        },
        "7": {
          "7": 627,
          "8": 561,
          "1": 649,
          "0": 588,
          "4": 579,
          "5": 537,
          "2": 604,
          "3": 612,
          "6": 599,
          "9": 544
        },
        "8": {
          "2": 607,
          "6": 571,
          "9": 589,
          "3": 623,
          "5": 579,
          "7": 621,
          "1": 640,
          "0": 576,
          "8": 551,
          "4": 543
        },
        "9": {
          "8": 569,
          "0": 637,
          "2": 544,
          "6": 541,
          "7": 583,
          "3": 591,
          "9": 609,
          "4": 618,
          "1": 665,
          "5": 543
        }
      }
    },
    "malicious_clients": {
      "6213630606463573145": true,
      "17117844814990700425": false,
      "7312047979815941436": false,
      "16969213305488872532": false,
      "11492432046943876088": false,
      "12667160201948827605": false,
      "12707995185791000975": true,
      "16271597283519621262": false,
      "10551677086520151083": false,
      "9781909049201393346": false
    },
    "per_round": [
      {
        "round": 1,
        "loss": 2.286561574417943,
        "accuracy": 0.1851,
        "epsilon": 0.7850057833588592,
        "trust_scores": {
          "6213630606463573145": 0.0248,
          "17117844814990700425": 0.0419,
          "7312047979815941436": 0.0418,
          "16969213305488872532": 0.0413,
          "11492432046943876088": 0.0416,
          "12667160201948827605": 0.0352,
          "12707995185791000975": 0.0319,
          "16271597283519621262": 0.0368,
          "10551677086520151083": 0.0384,
          "9781909049201393346": 0.0413
        }
      },
      {
        "round": 2,
        "loss": 2.2739068860063156,
        "accuracy": 0.1289,
        "epsilon": 0.8362939605089635,
        "trust_scores": {
          "6213630606463573145": 0.0247,
          "17117844814990700425": 0.034,
          "7312047979815941436": 0.0364,
          "16969213305488872532": 0.0312,
          "11492432046943876088": 0.0339,
          "12667160201948827605": 0.0392,
          "12707995185791000975": 0.0247,
          "16271597283519621262": 0.029,
          "10551677086520151083": 0.0386,
          "9781909049201393346": 0.0369
        }
      },
      {
        "round": 3,
        "loss": 2.2604617889696796,
        "accuracy": 0.1049,
        "epsilon": 0.8875821376590682,
        "trust_scores": {
          "6213630606463573145": 0.0245,
          "17117844814990700425": 0.0405,
          "7312047979815941436": 0.032,
          "16969213305488872532": 0.0335,
          "11492432046943876088": 0.0337,
          "12667160201948827605": 0.0389,
          "12707995185791000975": 0.0281,
          "16271597283519621262": 0.0313,
          "10551677086520151083": 0.0339,
          "9781909049201393346": 0.036
        }
      },
      {
        "round": 4,
        "loss": 2.244430385839444,
        "accuracy": 0.1109,
        "epsilon": 0.9388703148091725,
        "trust_scores": {
          "6213630606463573145": 0.0285,
          "17117844814990700425": 0.0356,
          "7312047979815941436": 0.0402,
          "16969213305488872532": 0.0336,
          "11492432046943876088": 0.0363,
          "12667160201948827605": 0.0356,
          "12707995185791000975": 0.0317,
          "16271597283519621262": 0.0423,