{
  "config": {
    "config_id": 8,
    "dataset": "mnist",
    "num_clients": 10,
    "num_rounds": 5,
    "num_byzantine": 2,
    "use_dp": true,
    "epsilon": 10.0,
    "delta": 1e-05,
    "use_fltrust": true,
    "use_topk": true,
    "topk_ratio": 0.1,
    "root_dataset_size": 1000,
    "rescale_to_ref_norm": false,
    "attack_type": "label_flip",
    "attack_scale": 3.0,
    "source_label": 3,
    "target_label": 7
  },
  "results": {
    "elapsed_seconds": 44.29128074645996,
    "noise_multiplier": 0.496368408203125,
    "confusion_matrix": [
      [
        303,
        0,
        677,
        0,
        0,
        0,
        0,
        0,
        0,
        0
      ],
      [
        0,
        903,
        232,
        0,
        0,
        0,
        0,
        0,
        0,
        0
      ],
      [
        1,
        0,
        1031,
        0,
        0,
        0,
        0,
        0,
        0,
        0
      ],
      [
        0,
        8,
        1002,
        0,
        0,
        0,
        0,
        0,
        0,
        0
      ],
      [
        0,
        10,
        972,
        0,
        0,
        0,
        0,
        0,
        0,
        0
      ],
      [
        6,
        9,
        877,
        0,
        0,
        0,
        0,
        0,
        0,
        0
      ],
      [
        0,
        3,
        955,
        0,
        0,
        0,
        0,
        0,
        0,
        0
      ],
      [
        0,
        92,
        799,
        2,
        0,
        0,
        0,
        135,
        0,
        0
      ],
      [
        8,
        3,
        961,
        0,
        0,
        0,
        0,
        0,
        2,
        0
      ],
      [
        1,
        27,
        971,
        0,
        0,
        0,
        0,
        9,
        1,
        0
      ]
    ],
    "per_class_scores": {
      "0": {
        "precision": 0.9498,
        "recall": 0.3092,
        "f1": 0.4665
      },
      "1": {
        "precision": 0.8559,
        "recall": 0.7956,
        "f1": 0.8247
      },
      "2": {
        "precision": 0.1216,
        "recall": 0.999,
        "f1": 0.2168
      },
      "3": {
        "precision": 0.0,
        "recall": 0.0,
        "f1": 0.0
      },
      "4": {
        "precision": 0.0,
        "recall": 0.0,
        "f1": 0.0
      },
      "5": {
        "precision": 0.0,
        "recall": 0.0,
        "f1": 0.0
      },
      "6": {
        "precision": 0.0,
        "recall": 0.0,
        "f1": 0.0
      },
      "7": {
        "precision": 0.9375,
        "recall": 0.1313,
        "f1": 0.2304
      },
      "8": {
        "precision": 0.6667,
        "recall": 0.0021,
        "f1": 0.0041
      },
      "9": {
        "precision": 0.0,
        "recall": 0.0,
        "f1": 0.0
      }
    },
    "label_distribution": {
      "root": {
        "9": 99,
        "6": 99,
        "1": 112,
        "0": 99,
        "2": 99,
        "5": 90,
        "3": 102,
        "8": 98,
        "4": 97,
        "7": 105
      },
      "clients": {
        "0": {
          "1": 645,
          "5": 537,
          "9": 626,
          "2": 594,
          "3": 553,
          "6": 572,
          "4": 521,
          "8": 616,
          "0": 587,
          "7": 649
        },
        "1": {
          "5": 533,
          "6": 593,
          "7": 647,
          "1": 631,
          "8": 558,
          "0": 592,
          "2": 563,
          "3": 590,
          "9": 601,
          "4": 592
        },
        "2": {
          "2": 627,
          "1": 683,
          "3": 627,
          "4": 577,
          "9": 595,
          "0": 593,
          "5": 480,
          "7": 584,
          "6": 559,
          "8": 575
        },
        "3": {
          "5": 547,
          "3": 606,
          "1": 676,
          "8": 543,
          "7": 598,
          "4": 583,
          "6": 599,
          "9": 569,
          "2": 563,
          "0": 616
        },
        "4": {
          "7": 601,
          "9": 566,
          "3": 630,
          "5": 520,
          "6": 605,
          "1": 709,
          "4": 600,
          "2": 554,
          "0": 549,
          "8": 566
        },
        "5": {
          "0": 585,
          "2": 599,
          "3": 576,
          "7": 606,
          "9": 568,
          "5": 521,
          "1": 671,
          "6": 603,
          "4": 554,
          "8": 617
        },
        "6": {
          "6": 577,
          "8": 597,
          "3": 621,
          "0": 501,
          "5": 534,
          "2": 604,
          "9": 583,
          "1": 661,
          "7": 644,
          "4": 578
        },
        "7": {
          "7": 627,
          "8": 561,
          "1": 649,
          "0": 588,
          "4": 579,
          "5": 537,
          "2": 604,
          "3": 612,
          "6": 599,
          "9": 544
        },
        "8": {
          "2": 607,
          "6": 571,
          "9": 589,
          "3": 623,
          "5": 579,
          "7": 621,
          "1": 640,
          "0": 576,
          "8": 551,
          "4": 543
        },
        "9": {
          "8": 569,
          "0": 637,
          "2": 544,
          "6": 541,
          "7": 583,
          "3": 591,
          "9": 609,
          "4": 618,
          "1": 665,
          "5": 543
        }
      }
    },
    "malicious_clients": {
      "9649006820435776930": false,
      "714971940082208715": false,
      "17784944420282177216": true,
      "13993539400929455195": false,
      "13169886254699503894": false,
      "1062045128483539630": true,
      "13656931775711885613": false,
      "13702571953445426797": false,
      "9767783752675852542": false,
      "670965391990796153": false
    },
    "per_round": [
      {
        "round": 1,
        "loss": 2.2852583647536013,
        "accuracy": 0.1856,
        "epsilon": 6.906433184789564,
        "trust_scores": {
          "9649006820435776930": 0.091,
          "714971940082208715": 0.0913,
          "17784944420282177216": 0.0777,
          "13993539400929455195": 0.0934,
          "13169886254699503894": 0.0897,
          "1062045128483539630": 0.066,
          "13656931775711885613": 0.0934,
          "13702571953445426797": 0.1009,
          "9767783752675852542": 0.0957,
          "670965391990796153": 0.0898
        }
      },
      {
        "round": 2,
        "loss": 2.271560802246435,
        "accuracy": 0.1279,
        "epsilon": 7.930951829285942,
        "trust_scores": {
          "9649006820435776930": 0.0898,
          "714971940082208715": 0.0875,
          "17784944420282177216": 0.0607,
          "13993539400929455195": 0.0824,
          "13169886254699503894": 0.0802,
          "1062045128483539630": 0.0634,
          "13656931775711885613": 0.0731,
          "13702571953445426797": 0.0794,
          "9767783752675852542": 0.0883,
          "670965391990796153": 0.0909
        }
      },
      {
        "round": 3,
        "loss": 2.2561724741999716,
        "accuracy": 0.1119,
        "epsilon": 8.717222781186257,
        "trust_scores": {
          "9649006820435776930": 0.085,
          "714971940082208715": 0.0827,
          "17784944420282177216": 0.0689,
          "13993539400929455195": 0.0792,
          "13169886254699503894": 0.0845,
          "1062045128483539630": 0.0652,
          "13656931775711885613": 0.0836,
          "13702571953445426797": 0.0871,
          "9767783752675852542": 0.0881,
          "670965391990796153": 0.0914
        }
      },
      {
        "round": 4,
        "loss": 2.23886075187415,
        "accuracy": 0.1293,
        "epsilon": 9.407452830740656,
        "trust_scores": {
          "9649006820435776930": 0.0971,
          "714971940082208715": 0.088,
          "17784944420282177216": 0.0719,
          "13993539400929455195": 0.0905,
          "13169886254699503894": 0.0793,
          "1062045128483539630": 0.0709,
          "13656931775711885613": 0.0915,
          "13702571953445426797": 0.0937,