{
  "config": {
    "config_id": 6,
    "dataset": "mnist",
    "num_clients": 10,
    "num_rounds": 5,
    "num_byzantine": 2,
    "use_dp": true,
    "epsilon": 1.0,
    "delta": 1e-05,
    "use_fltrust": false,
    "use_topk": true,
    "topk_ratio": 0.5,
    "root_dataset_size": 1000,
    "rescale_to_ref_norm": false,
    "attack_type": "label_flip",
    "attack_scale": 3.0,
    "source_label": 3,
    "target_label": 7
  },
  "results": {
    "elapsed_seconds": 40.877190351486206,
    "noise_multiplier": 1.103515625,
    "confusion_matrix": [
      [
        863,
        8,
        104,
        1,
        1,
        0,
        2,
        1,
        0,
        0
      ],
      [
        0,
        1116,
        18,
        1,
        0,
        0,
        0,
        0,
        0,
        0
      ],
      [
        37,
        78,
        909,
        3,
        4,
        0,
        0,
        1,
        0,
        0
      ],
      [
        75,
        118,
        560,
        184,
        2,
        0,
        1,
        41,
        27,
        2
      ],
      [
        5,
        152,
        249,
        0,
        537,
        0,
        5,
        7,
        7,
        20
      ],
      [
        152,
        175,
        410,
        56,
        40,
        4,
        0,
        21,
        33,
        1
      ],
      [
        33,
        74,
        646,
        0,
        1,
        0,
        204,
        0,
        0,
        0
      ],
      [
        10,
        379,
        69,
        94,
        67,
        0,
        0,
        378,
        4,
        27
      ],
      [
        72,
        112,
        427,
        2,
        10,
        0,
        1,
        31,
        316,
        3
      ],
      [
        26,
        194,
        106,
        4,
        345,
        0,
        0,
        112,
        24,
        198
      ]
    ],
    "per_class_scores": {
      "0": {
        "precision": 0.6779,
        "recall": 0.8806,
        "f1": 0.7661
      },
      "1": {
        "precision": 0.4638,
        "recall": 0.9833,
        "f1": 0.6303
      },
      "2": {
        "precision": 0.2599,
        "recall": 0.8808,
        "f1": 0.4013
      },
      "3": {
        "precision": 0.5333,
        "recall": 0.1822,
        "f1": 0.2716
      },
      "4": {
        "precision": 0.5333,
        "recall": 0.5468,
        "f1": 0.54
      },
      "5": {
        "precision": 1.0,
        "recall": 0.0045,
        "f1": 0.0089
      },
      "6": {
        "precision": 0.9577,
        "recall": 0.2129,
        "f1": 0.3484
      },
      "7": {
        "precision": 0.6385,
        "recall": 0.3677,
        "f1": 0.4667
      },
      "8": {
        "precision": 0.7689,
        "recall": 0.3244,
        "f1": 0.4563
      },
      "9": {
        "precision": 0.7888,
        "recall": 0.1962,
        "f1": 0.3143
      }
    },
    "label_distribution": {
      "root": {
        "9": 99,
        "6": 99,
        "1": 112,
        "0": 99,
        "2": 99,
        "5": 90,
        "3": 102,
        "8": 98,
        "4": 97,
        "7": 105
      },
      "clients": {
        "0": {
          "1": 645,
          "5": 537,
          "9": 626,
          "2": 594,
          "3": 553,
          "6": 572,
          "4": 521,
          "8": 616,
          "0": 587,
          "7": 649
        },
        "1": {
          "5": 533,
          "6": 593,
          "7": 647,
          "1": 631,
          "8": 558,
          "0": 592,
          "2": 563,
          "3": 590,
          "9": 601,
          "4": 592
        },
        "2": {
          "2": 627,
          "1": 683,
          "3": 627,
          "4": 577,
          "9": 595,
          "0": 593,
          "5": 480,
          "7": 584,
          "6": 559,
          "8": 575
        },
        "3": {
          "5": 547,
          "3": 606,
          "1": 676,
          "8": 543,
          "7": 598,
          "4": 583,
          "6": 599,
          "9": 569,
          "2": 563,
          "0": 616
        },
        "4": {
          "7": 601,
          "9": 566,
          "3": 630,
          "5": 520,
          "6": 605,
          "1": 709,
          "4": 600,
          "2": 554,
          "0": 549,
          "8": 566
        },
        "5": {
          "0": 585,
          "2": 599,
          "3": 576,
          "7": 606,
          "9": 568,
          "5": 521,
          "1": 671,
          "6": 603,
          "4": 554,
          "8": 617
        },
        "6": {
          "6": 577,
          "8": 597,
          "3": 621,
          "0": 501,
          "5": 534,
          "2": 604,
          "9": 583,
          "1": 661,
          "7": 644,
          "4": 578
        },
        "7": {
          "7": 627,
          "8": 561,
          "1": 649,
          "0": 588,
          "4": 579,
          "5": 537,
          "2": 604,
          "3": 612,
          "6": 599,
          "9": 544
        },
        "8": {
          "2": 607,
          "6": 571,
          "9": 589,
          "3": 623,
          "5": 579,
          "7": 621,
          "1": 640,
          "0": 576,
          "8": 551,
          "4": 543
        },
        "9": {
          "8": 569,
          "0": 637,
          "2": 544,
          "6": 541,
          "7": 583,
          "3": 591,
          "9": 609,
          "4": 618,
          "1": 665,
          "5": 543
        }
      }
    },
    "malicious_clients": {},
    "per_round": [
      {
        "round": 1,
        "loss": 2.2762113021204646,
        "accuracy": 0.1036,
        "epsilon": 0.7850057833588592,
        "trust_scores": {}
      },
      {
        "round": 2,
        "loss": 2.2462582953821735,
        "accuracy": 0.1259,
        "epsilon": 0.8362939605089635,
        "trust_scores": {}
      },
      {
        "round": 3,
        "loss": 2.2063375562905505,
        "accuracy": 0.2421,
        "epsilon": 0.8875821376590682,
        "trust_scores": {}
      },
      {
        "round": 4,
        "loss": 2.1513360536898287,
        "accuracy": 0.2995,
        "epsilon": 0.9388703148091725,
        "trust_scores": {}
      },
      {
        "round": 5,
        "loss": 2.080637317495986,
        "accuracy": 0.4709,
        "epsilon": 0.9901584919592771,
        "trust_scores": {}
      }
    ]
  }
}