{
  "config": {
    "config_id": 5,
    "dataset": "mnist",
    "num_clients": 10,
    "num_rounds": 5,
    "num_byzantine": 2,
    "use_dp": true,
    "epsilon": 5.0,
    "delta": 1e-05,
    "use_fltrust": true,
    "use_topk": false,
    "topk_ratio": 0.1,
    "root_dataset_size": 1000,
    "rescale_to_ref_norm": false,
    "attack_type": "label_flip",
    "attack_scale": 3.0,
    "source_label": 3,
    "target_label": 7
  },
  "results": {
    "elapsed_seconds": 43.765729904174805,
    "noise_multiplier": 0.615234375,
    "confusion_matrix": [
      [
        860,
        8,
        109,
        0,
        1,
        0,
        1,
        1,
        0,
        0
      ],
      [
        0,
        1120,
        14,
        1,
        0,
        0,
        0,
        0,
        0,
        0
      ],
      [
        37,
        78,
        909,
        2,
        4,
        0,
        0,
        2,
        0,
        0
      ],
      [
        80,
        135,
        560,
        162,
        3,
        0,
        0,
        36,
        31,
        3
      ],
      [
        5,
        157,
        226,
        0,
        574,
        0,
        1,
        7,
        7,
        5
      ],
      [
        159,
        176,
        401,
        46,
        54,
        0,
        0,
        20,
        33,
        3
      ],
      [
        34,
        75,
        651,
        0,
        3,
        0,
        195,
        0,
        0,
        0
      ],
      [
        10,
        410,
        63,
        5,
        70,
        0,
        0,
        447,
        6,
        17
      ],
      [
        74,
        123,
        409,
        2,
        26,
        0,
        1,
        26,
        311,
        2
      ],
      [
        27,
        207,
        101,
        5,
        390,
        0,
        0,
        100,
        20,
        159
      ]
    ],
    "per_class_scores": {
      "0": {
        "precision": 0.6687,
        "recall": 0.8776,
        "f1": 0.759
      },
      "1": {
        "precision": 0.45,
        "recall": 0.9868,
        "f1": 0.6181
      },
      "2": {
        "precision": 0.264,
        "recall": 0.8808,
        "f1": 0.4063
      },
      "3": {
        "precision": 0.7265,
        "recall": 0.1604,
        "f1": 0.2628
      },
      "4": {
        "precision": 0.5102,
        "recall": 0.5845,
        "f1": 0.5449
      },
      "5": {
        "precision": 0.0,
        "recall": 0.0,
        "f1": 0.0
      },
      "6": {
        "precision": 0.9848,
        "recall": 0.2035,
        "f1": 0.3374
      },
      "7": {
        "precision": 0.6995,
        "recall": 0.4348,
        "f1": 0.5363
      },
      "8": {
        "precision": 0.7623,
        "recall": 0.3193,
        "f1": 0.4501
      },
      "9": {
        "precision": 0.8413,
        "recall": 0.1576,
        "f1": 0.2654
      }
    },
    "label_distribution": {
      "root": {
        "9": 99,
        "6": 99,
        "1": 112,
        "0": 99,
        "2": 99,
        "5": 90,
        "3": 102,
        "8": 98,
        "4": 97,
        "7": 105
      },
      "clients": {
        "0": {
          "1": 645,
          "5": 537,
          "9": 626,
          "2": 594,
          "3": 553,
          "6": 572,
          "4": 521,
          "8": 616,
          "0": 587,
          "7": 649
        },
        "1": {
          "5": 533,
          "6": 593,
          "7": 647,
          "1": 631,
          "8": 558,
          "0": 592,
          "2": 563,
          "3": 590,
          "9": 601,
          "4": 592
        },
        "2": {
          "2": 627,
          "1": 683,
          "3": 627,
          "4": 577,
          "9": 595,
          "0": 593,
          "5": 480,
          "7": 584,
          "6": 559,
          "8": 575
        },
        "3": {
          "5": 547,
          "3": 606,
          "1": 676,
          "8": 543,
          "7": 598,
          "4": 583,
          "6": 599,
          "9": 569,
          "2": 563,
          "0": 616
        },
        "4": {
          "7": 601,
          "9": 566,
          "3": 630,
          "5": 520,
          "6": 605,
          "1": 709,
          "4": 600,
          "2": 554,
          "0": 549,
          "8": 566
        },
        "5": {
          "0": 585,
          "2": 599,
          "3": 576,
          "7": 606,
          "9": 568,
          "5": 521,
          "1": 671,
          "6": 603,
          "4": 554,
          "8": 617
        },
        "6": {
          "6": 577,
          "8": 597,
          "3": 621,
          "0": 501,
          "5": 534,
          "2": 604,
          "9": 583,
          "1": 661,
          "7": 644,
          "4": 578
        },
        "7": {
          "7": 627,
          "8": 561,
          "1": 649,
          "0": 588,
          "4": 579,
          "5": 537,
          "2": 604,
          "3": 612,
          "6": 599,
          "9": 544
        },
        "8": {
          "2": 607,
          "6": 571,
          "9": 589,
          "3": 623,
          "5": 579,
          "7": 621,
          "1": 640,
          "0": 576,
          "8": 551,
          "4": 543
        },
        "9": {
          "8": 569,
          "0": 637,
          "2": 544,
          "6": 541,
          "7": 583,
          "3": 591,
          "9": 609,
          "4": 618,
          "1": 665,
          "5": 543
        }
      }
    },
    "malicious_clients": {
      "9767681036512710026": false,
      "2461285186682957359": false,
      "9732698309197415848": true,
      "12170202553125096464": true,
      "15044237406667841829": false,
      "17863080795272884835": false,
      "646125010423096329": false,
      "12293615806200815755": false,
      "13148106238531268233": false,
      "15917716249673239436": false
    },
    "per_round": [
      {
        "round": 1,
        "loss": 2.2737207085179825,
        "accuracy": 0.1043,
        "epsilon": 3.707310167151577,
        "trust_scores": {
          "9767681036512710026": 0.0989,
          "2461285186682957359": 0.1044,
          "9732698309197415848": 0.0834,
          "12170202553125096464": 0.0721,
          "15044237406667841829": 0.0953,
          "17863080795272884835": 0.0996,
          "646125010423096329": 0.1005,
          "12293615806200815755": 0.1005,
          "13148106238531268233": 0.1097,
          "15917716249673239436": 0.1034
        }
      },
      {
        "round": 2,
        "loss": 2.2419351457406917,
        "accuracy": 0.1277,
        "epsilon": 4.133397465869384,
        "trust_scores": {
          "9767681036512710026": 0.0861,
          "2461285186682957359": 0.0918,
          "9732698309197415848": 0.0631,
          "12170202553125096464": 0.0693,
          "15044237406667841829": 0.0956,
          "17863080795272884835": 0.0972,
          "646125010423096329": 0.0919,
          "12293615806200815755": 0.0824,
          "13148106238531268233": 0.0916,
          "15917716249673239436": 0.1014
        }
      },
      {
        "round": 3,
        "loss": 2.198588687390946,
        "accuracy": 0.2878,
        "epsilon": 4.461083195047627,
        "trust_scores": {
          "9767681036512710026": 0.0968,
          "2461285186682957359": 0.1033,
          "9732698309197415848": 0.0893,
          "12170202553125096464": 0.0781,
          "15044237406667841829": 0.1109,
          "17863080795272884835": 0.1037,
          "646125010423096329": 0.0949,
          "12293615806200815755": 0.0976,
          "13148106238531268233": 0.1058,
          "15917716249673239436": 0.1038
        }
      },
      {
        "round": 4,
        "loss": 2.1398271394613833,
        "accuracy": 0.3285,
        "epsilon": 4.7447912628355375,
        "trust_scores": {
          "9767681036512710026": 0.108,
          "2461285186682957359": 0.1177,
          "9732698309197415848": 0.0923,
          "12170202553125096464": 0.0918,
          "15044237406667841829": 0.1049,
          "17863080795272884835": 0.1144,