{
  "config": {
    "config_id": 5,
    "dataset": "mnist",
    "num_clients": 10,
    "num_rounds": 5,
    "num_byzantine": 2,
    "use_dp": true,
    "epsilon": 10.0,
    "delta": 1e-05,
    "use_fltrust": true,
    "use_topk": false,
    "topk_ratio": 0.1,
    "root_dataset_size": 1000,
    "rescale_to_ref_norm": false,
    "attack_type": "label_flip",
    "attack_scale": 3.0,
    "source_label": 3,
    "target_label": 7
  },
  "results": {
    "elapsed_seconds": 44.10345411300659,
    "noise_multiplier": 0.496368408203125,
    "confusion_matrix": [
      [
        849,
        8,
        121,
        0,
        0,
        0,
        1,
        1,
        0,
        0
      ],
      [
        0,
        1121,
        13,
        1,
        0,
        0,
        0,
        0,
        0,
        0
      ],
      [
        38,
        72,
        914,
        2,
        4,
        0,
        0,
        2,
        0,
        0
      ],
      [
        76,
        123,
        574,
        158,
        3,
        0,
        0,
        45,
        27,
        4
      ],
      [
        6,
        157,
        222,
        0,
        575,
        0,
        1,
        7,
        7,
        7
      ],
      [
        151,
        167,
        415,
        48,
        45,
        0,
        0,
        24,
        33,
        9
      ],
      [
        32,
        75,
        654,
        0,
        3,
        0,
        194,
        0,
        0,
        0
      ],
      [
        11,
        395,
        62,
        3,
        64,
        0,
        0,
        465,
        5,
        23
      ],
      [
        75,
        123,
        412,
        1,
        25,
        0,
        1,
        26,
        308,
        3
      ],
      [
        26,
        204,
        101,
        4,
        332,
        0,
        0,
        104,
        20,
        218
      ]
    ],
    "per_class_scores": {
      "0": {
        "precision": 0.6717,
        "recall": 0.8663,
        "f1": 0.7567
      },
      "1": {
        "precision": 0.4585,
        "recall": 0.9877,
        "f1": 0.6263
      },
      "2": {
        "precision": 0.262,
        "recall": 0.8857,
        "f1": 0.4044
      },
      "3": {
        "precision": 0.7281,
        "recall": 0.1564,
        "f1": 0.2575
      },
      "4": {
        "precision": 0.5471,
        "recall": 0.5855,
        "f1": 0.5657
      },
      "5": {
        "precision": 0.0,
        "recall": 0.0,
        "f1": 0.0
      },
      "6": {
        "precision": 0.9848,
        "recall": 0.2025,
        "f1": 0.3359
      },
      "7": {
        "precision": 0.6899,
        "recall": 0.4523,
        "f1": 0.5464
      },
      "8": {
        "precision": 0.77,
        "recall": 0.3162,
        "f1": 0.4483
      },
      "9": {
        "precision": 0.8258,
        "recall": 0.2161,
        "f1": 0.3425
      }
    },
    "label_distribution": {
      "root": {
        "9": 99,
        "6": 99,
        "1": 112,
        "0": 99,
        "2": 99,
        "5": 90,
        "3": 102,
        "8": 98,
        "4": 97,
        "7": 105
      },
      "clients": {
        "0": {
          "1": 645,
          "5": 537,
          "9": 626,
          "2": 594,
          "3": 553,
          "6": 572,
          "4": 521,
          "8": 616,
          "0": 587,
          "7": 649
        },
        "1": {
          "5": 533,
          "6": 593,
          "7": 647,
          "1": 631,
          "8": 558,
          "0": 592,
          "2": 563,
          "3": 590,
          "9": 601,
          "4": 592
        },
        "2": {
          "2": 627,
          "1": 683,
          "3": 627,
          "4": 577,
          "9": 595,
          "0": 593,
          "5": 480,
          "7": 584,
          "6": 559,
          "8": 575
        },
        "3": {
          "5": 547,
          "3": 606,
          "1": 676,
          "8": 543,
          "7": 598,
          "4": 583,
          "6": 599,
          "9": 569,
          "2": 563,
          "0": 616
        },
        "4": {
          "7": 601,
          "9": 566,
          "3": 630,
          "5": 520,
          "6": 605,
          "1": 709,
          "4": 600,
          "2": 554,
          "0": 549,
          "8": 566
        },
        "5": {
          "0": 585,
          "2": 599,
          "3": 576,
          "7": 606,
          "9": 568,
          "5": 521,
          "1": 671,
          "6": 603,
          "4": 554,
          "8": 617
        },
        "6": {
          "6": 577,
          "8": 597,
          "3": 621,
          "0": 501,
          "5": 534,
          "2": 604,
          "9": 583,
          "1": 661,
          "7": 644,
          "4": 578
        },
        "7": {
          "7": 627,
          "8": 561,
          "1": 649,
          "0": 588,
          "4": 579,
          "5": 537,
          "2": 604,
          "3": 612,
          "6": 599,
          "9": 544
        },
        "8": {
          "2": 607,
          "6": 571,
          "9": 589,
          "3": 623,
          "5": 579,
          "7": 621,
          "1": 640,
          "0": 576,
          "8": 551,
          "4": 543
        },
        "9": {
          "8": 569,
          "0": 637,
          "2": 544,
          "6": 541,
          "7": 583,
          "3": 591,
          "9": 609,
          "4": 618,
          "1": 665,
          "5": 543
        }
      }
    },
    "malicious_clients": {
      "2149326769800933910": true,
      "8282169749049644869": false,
      "1269574510480366866": false,
      "2605854667441535154": false,
      "16495922045294835558": true,
      "17581392771810974524": false,
      "9122067943569006290": false,
      "7874719267197885604": false,
      "14665239907457146229": false,
      "15780578998329920476": false
    },
    "per_round": [
      {
        "round": 1,
        "loss": 2.2735571168101254,
        "accuracy": 0.104,
        "epsilon": 6.906433184789564,
        "trust_scores": {
          "2149326769800933910": 0.0905,
          "8282169749049644869": 0.1278,
          "1269574510480366866": 0.1295,
          "2605854667441535154": 0.1233,
          "16495922045294835558": 0.104,
          "17581392771810974524": 0.1227,
          "9122067943569006290": 0.1252,
          "7874719267197885604": 0.1223,
          "14665239907457146229": 0.1346,
          "15780578998329920476": 0.1183
        }
      },
      {
        "round": 2,
        "loss": 2.241566763899197,
        "accuracy": 0.1324,
        "epsilon": 7.930951829285942,
        "trust_scores": {
          "2149326769800933910": 0.0856,
          "8282169749049644869": 0.1235,
          "1269574510480366866": 0.1133,
          "2605854667441535154": 0.1138,
          "16495922045294835558": 0.0789,
          "17581392771810974524": 0.1194,
          "9122067943569006290": 0.1026,
          "7874719267197885604": 0.1055,
          "14665239907457146229": 0.1125,
          "15780578998329920476": 0.1184
        }
      },
      {
        "round": 3,
        "loss": 2.1982622763600213,
        "accuracy": 0.2886,
        "epsilon": 8.717222781186257,
        "trust_scores": {
          "2149326769800933910": 0.0979,
          "8282169749049644869": 0.1278,
          "1269574510480366866": 0.1282,
          "2605854667441535154": 0.1176,
          "16495922045294835558": 0.1094,
          "17581392771810974524": 0.1287,
          "9122067943569006290": 0.1217,
          "7874719267197885604": 0.1201,
          "14665239907457146229": 0.1298,
          "15780578998329920476": 0.1363
        }
      },
      {
        "round": 4,
        "loss": 2.1393036126328733,
        "accuracy": 0.3302,
        "epsilon": 9.407452830740656,
        "trust_scores": {
          "2149326769800933910": 0.1142,
          "8282169749049644869": 0.1377,
          "1269574510480366866": 0.1453,
          "2605854667441535154": 0.1423,
          "16495922045294835558": 0.1138,
          "17581392771810974524": 0.1414,