{
  "config": {
    "config_id": 6,
    "dataset": "mnist",
    "num_clients": 10,
    "num_rounds": 5,
    "num_byzantine": 2,
    "use_dp": true,
    "epsilon": 10.0,
    "delta": 1e-05,
    "use_fltrust": false,
    "use_topk": true,
    "topk_ratio": 0.5,
    "root_dataset_size": 1000,
    "rescale_to_ref_norm": false,
    "attack_type": "label_flip",
    "attack_scale": 3.0,
    "source_label": 3,
    "target_label": 7
  },
  "results": {
    "elapsed_seconds": 41.82545518875122,
    "noise_multiplier": 0.496368408203125,
    "confusion_matrix": [
      [
        845,
        8,
        125,
        1,
        0,
        0,
        1,
        0,
        0,
        0
      ],
      [
        0,
        1121,
        14,
        0,
        0,
        0,
        0,
        0,
        0,
        0
      ],
      [
        37,
        71,
        918,
        3,
        2,
        0,
        0,
        1,
        0,
        0
      ],
      [
        75,
        124,
        600,
        130,
        3,
        0,
        0,
        48,
        25,
        5
      ],
      [
        5,
        165,
        264,
        0,
        512,
        0,
        1,
        7,
        7,
        21
      ],
      [
        147,
        170,
        430,
        48,
        37,
        0,
        0,
        23,
        29,
        8
      ],
      [
        29,
        74,
        676,
        0,
        1,
        0,
        178,
        0,
        0,
        0
      ],
      [
        11,
        437,
        68,
        53,
        58,
        0,
        0,
        363,
        5,
        33
      ],
      [
        72,
        122,
        434,
        2,
        16,
        0,
        1,
        27,
        295,
        5
      ],
      [
        26,
        218,
        115,
        3,
        237,
        0,
        0,
        100,
        15,
        295
      ]
    ],
    "per_class_scores": {
      "0": {
        "precision": 0.6776,
        "recall": 0.8622,
        "f1": 0.7589
      },
      "1": {
        "precision": 0.4466,
        "recall": 0.9877,
        "f1": 0.6151
      },
      "2": {
        "precision": 0.2519,
        "recall": 0.8895,
        "f1": 0.3926
      },
      "3": {
        "precision": 0.5417,
        "recall": 0.1287,
        "f1": 0.208
      },
      "4": {
        "precision": 0.5912,
        "recall": 0.5214,
        "f1": 0.5541
      },
      "5": {
        "precision": 0.0,
        "recall": 0.0,
        "f1": 0.0
      },
      "6": {
        "precision": 0.9834,
        "recall": 0.1858,
        "f1": 0.3126
      },
      "7": {
        "precision": 0.638,
        "recall": 0.3531,
        "f1": 0.4546
      },
      "8": {
        "precision": 0.7846,
        "recall": 0.3029,
        "f1": 0.437
      },
      "9": {
        "precision": 0.8038,
        "recall": 0.2924,
        "f1": 0.4288
      }
    },
    "label_distribution": {
      "root": {
        "9": 99,
        "6": 99,
        "1": 112,
        "0": 99,
        "2": 99,
        "5": 90,
        "3": 102,
        "8": 98,
        "4": 97,
        "7": 105
      },
      "clients": {
        "0": {
          "1": 645,
          "5": 537,
          "9": 626,
          "2": 594,
          "3": 553,
          "6": 572,
          "4": 521,
          "8": 616,
          "0": 587,
          "7": 649
        },
        "1": {
          "5": 533,
          "6": 593,
          "7": 647,
          "1": 631,
          "8": 558,
          "0": 592,
          "2": 563,
          "3": 590,
          "9": 601,
          "4": 592
        },
        "2": {
          "2": 627,
          "1": 683,
          "3": 627,
          "4": 577,
          "9": 595,
          "0": 593,
          "5": 480,
          "7": 584,
          "6": 559,
          "8": 575
        },
        "3": {
          "5": 547,
          "3": 606,
          "1": 676,
          "8": 543,
          "7": 598,
          "4": 583,
          "6": 599,
          "9": 569,
          "2": 563,
          "0": 616
        },
        "4": {
          "7": 601,
          "9": 566,
          "3": 630,
          "5": 520,
          "6": 605,
          "1": 709,
          "4": 600,
          "2": 554,
          "0": 549,
          "8": 566
        },
        "5": {
          "0": 585,
          "2": 599,
          "3": 576,
          "7": 606,
          "9": 568,
          "5": 521,
          "1": 671,
          "6": 603,
          "4": 554,
          "8": 617
        },
        "6": {
          "6": 577,
          "8": 597,
          "3": 621,
          "0": 501,
          "5": 534,
          "2": 604,
          "9": 583,
          "1": 661,
          "7": 644,
          "4": 578
        },
        "7": {
          "7": 627,
          "8": 561,
          "1": 649,
          "0": 588,
          "4": 579,
          "5": 537,
          "2": 604,
          "3": 612,
          "6": 599,
          "9": 544
        },
        "8": {
          "2": 607,
          "6": 571,
          "9": 589,
          "3": 623,
          "5": 579,
          "7": 621,
          "1": 640,
          "0": 576,
          "8": 551,
          "4": 543
        },
        "9": {
          "8": 569,
          "0": 637,
          "2": 544,
          "6": 541,
          "7": 583,
          "3": 591,
          "9": 609,
          "4": 618,
          "1": 665,
          "5": 543
        }
      }
    },
    "malicious_clients": {},
    "per_round": [
      {
        "round": 1,
        "loss": 2.274299507323926,
        "accuracy": 0.1037,
        "epsilon": 6.906433184789564,
        "trust_scores": {}
      },
      {
        "round": 2,
        "loss": 2.243347952541071,
        "accuracy": 0.1248,
        "epsilon": 7.930951829285942,
        "trust_scores": {}
      },
      {
        "round": 3,
        "loss": 2.2016399820772605,
        "accuracy": 0.269,
        "epsilon": 8.717222781186257,
        "trust_scores": {}
      },
      {
        "round": 4,
        "loss": 2.14484572943788,
        "accuracy": 0.3103,
        "epsilon": 9.407452830740656,
        "trust_scores": {}
      },
      {
        "round": 5,
        "loss": 2.071650936199834,
        "accuracy": 0.4657,
        "epsilon": 9.99451931939179,
        "trust_scores": {}
      }
    ]
  }
}