{
  "config": {
    "config_id": 8,
    "dataset": "mnist",
    "num_clients": 10,
    "num_rounds": 5,
    "num_byzantine": 2,
    "use_dp": true,
    "epsilon": 1.0,
    "delta": 1e-05,
    "use_fltrust": true,
    "use_topk": true,
    "topk_ratio": 0.5,
    "root_dataset_size": 1000,
    "rescale_to_ref_norm": false,
    "attack_type": "label_flip",
    "attack_scale": 3.0,
    "source_label": 3,
    "target_label": 7
  },
  "results": {
    "elapsed_seconds": 43.276646852493286,
    "noise_multiplier": 1.103515625,
    "confusion_matrix": [
      [
        832,
        6,
        141,
        0,
        0,
        0,
        0,
        1,
        0,
        0
      ],
      [
        0,
        1114,
        20,
        1,
        0,
        0,
        0,
        0,
        0,
        0
      ],
      [
        29,
        63,
        936,
        2,
        0,
        0,
        0,
        2,
        0,
        0
      ],
      [
        65,
        112,
        606,
        170,
        2,
        0,
        0,
        32,
        22,
        1
      ],
      [
        3,
        156,
        343,
        0,
        457,
        0,
        0,
        8,
        6,
        9
      ],
      [
        133,
        160,
        466,
        53,
        40,
        0,
        0,
        17,
        23,
        0
      ],
      [
        26,
        69,
        761,
        0,
        1,
        0,
        101,
        0,
        0,
        0
      ],
      [
        9,
        361,
        92,
        17,
        53,
        0,
        0,
        478,
        6,
        12
      ],
      [
        60,
        103,
        522,
        2,
        7,
        0,
        0,
        23,
        257,
        0
      ],
      [
        21,
        188,
        168,
        4,
        352,
        0,
        0,
        135,
        24,
        117
      ]
    ],
    "per_class_scores": {
      "0": {
        "precision": 0.7063,
        "recall": 0.849,
        "f1": 0.7711
      },
      "1": {
        "precision": 0.4777,
        "recall": 0.9815,
        "f1": 0.6426
      },
      "2": {
        "precision": 0.2308,
        "recall": 0.907,
        "f1": 0.368
      },
      "3": {
        "precision": 0.6827,
        "recall": 0.1683,
        "f1": 0.2701
      },
      "4": {
        "precision": 0.5011,
        "recall": 0.4654,
        "f1": 0.4826
      },
      "5": {
        "precision": 0.0,
        "recall": 0.0,
        "f1": 0.0
      },
      "6": {
        "precision": 1.0,
        "recall": 0.1054,
        "f1": 0.1907
      },
      "7": {
        "precision": 0.6868,
        "recall": 0.465,
        "f1": 0.5545
      },
      "8": {
        "precision": 0.7604,
        "recall": 0.2639,
        "f1": 0.3918
      },
      "9": {
        "precision": 0.8417,
        "recall": 0.116,
        "f1": 0.2038
      }
    },
    "label_distribution": {
      "root": {
        "9": 99,
        "6": 99,
        "1": 112,
        "0": 99,
        "2": 99,
        "5": 90,
        "3": 102,
        "8": 98,
        "4": 97,
        "7": 105
      },
      "clients": {
        "0": {
          "1": 645,
          "5": 537,
          "9": 626,
          "2": 594,
          "3": 553,
          "6": 572,
          "4": 521,
          "8": 616,
          "0": 587,
          "7": 649
        },
        "1": {
          "5": 533,
          "6": 593,
          "7": 647,
          "1": 631,
          "8": 558,
          "0": 592,
          "2": 563,
          "3": 590,
          "9": 601,
          "4": 592
        },
        "2": {
          "2": 627,
          "1": 683,
          "3": 627,
          "4": 577,
          "9": 595,
          "0": 593,
          "5": 480,
          "7": 584,
          "6": 559,
          "8": 575
        },
        "3": {
          "5": 547,
          "3": 606,
          "1": 676,
          "8": 543,
          "7": 598,
          "4": 583,
          "6": 599,
          "9": 569,
          "2": 563,
          "0": 616
        },
        "4": {
          "7": 601,
          "9": 566,
          "3": 630,
          "5": 520,
          "6": 605,
          "1": 709,
          "4": 600,
          "2": 554,
          "0": 549,
          "8": 566
        },
        "5": {
          "0": 585,
          "2": 599,
          "3": 576,
          "7": 606,
          "9": 568,
          "5": 521,
          "1": 671,
          "6": 603,
          "4": 554,
          "8": 617
        },
        "6": {
          "6": 577,
          "8": 597,
          "3": 621,
          "0": 501,
          "5": 534,
          "2": 604,
          "9": 583,
          "1": 661,
          "7": 644,
          "4": 578
        },
        "7": {
          "7": 627,
          "8": 561,
          "1": 649,
          "0": 588,
          "4": 579,
          "5": 537,
          "2": 604,
          "3": 612,
          "6": 599,
          "9": 544
        },
        "8": {
          "2": 607,
          "6": 571,
          "9": 589,
          "3": 623,
          "5": 579,
          "7": 621,
          "1": 640,
          "0": 576,
          "8": 551,
          "4": 543
        },
        "9": {
          "8": 569,
          "0": 637,
          "2": 544,
          "6": 541,
          "7": 583,
          "3": 591,
          "9": 609,
          "4": 618,
          "1": 665,
          "5": 543
        }
      }
    },
    "malicious_clients": {
      "738109972682943010": false,
      "376966261032364262": false,
      "5513048075932762007": false,
      "9609039395127138039": false,
      "3016557143383084934": false,
      "10225788408511002747": false,
      "10068120420786365531": true,
      "16214397533335264377": true,
      "11416226460669495521": false,
      "14730199752669007220": false
    },
    "per_round": [
      {
        "round": 1,
        "loss": 2.2763158155325502,
        "accuracy": 0.1055,
        "epsilon": 0.7850057833588592,
        "trust_scores": {
          "738109972682943010": 0.057,
          "376966261032364262": 0.0522,
          "5513048075932762007": 0.0567,
          "9609039395127138039": 0.054,
          "3016557143383084934": 0.0511,
          "10225788408511002747": 0.0526,
          "10068120420786365531": 0.0351,
          "16214397533335264377": 0.0422,
          "11416226460669495521": 0.0562,
          "14730199752669007220": 0.0596
        }
      },
      {
        "round": 2,
        "loss": 2.248279323212255,
        "accuracy": 0.1149,
        "epsilon": 0.8362939605089635,
        "trust_scores": {
          "738109972682943010": 0.0485,
          "376966261032364262": 0.0409,
          "5513048075932762007": 0.056,
          "9609039395127138039": 0.0529,
          "3016557143383084934": 0.0507,
          "10225788408511002747": 0.0453,
          "10068120420786365531": 0.0357,
          "16214397533335264377": 0.0309,
          "11416226460669495521": 0.0486,
          "14730199752669007220": 0.0478
        }
      },
      {
        "round": 3,
        "loss": 2.2105208761014117,
        "accuracy": 0.2467,
        "epsilon": 0.8875821376590682,
        "trust_scores": {
          "738109972682943010": 0.0495,
          "376966261032364262": 0.0517,
          "5513048075932762007": 0.0567,
          "9609039395127138039": 0.0568,
          "3016557143383084934": 0.0603,
          "10225788408511002747": 0.052,
          "10068120420786365531": 0.0395,
          "16214397533335264377": 0.0461,
          "11416226460669495521": 0.0546,
          "14730199752669007220": 0.0575
        }
      },
      {
        "round": 4,
        "loss": 2.159465179656641,
        "accuracy": 0.2993,
        "epsilon": 0.9388703148091725,
        "trust_scores": {
          "738109972682943010": 0.062,
          "376966261032364262": 0.0584,
          "5513048075932762007": 0.0569,
          "9609039395127138039": 0.0614,
          "3016557143383084934": 0.0543,
          "10225788408511002747": 0.0568,