{
  "config": {
    "config_id": 8,
    "dataset": "mnist",
    "num_clients": 10,
    "num_rounds": 5,
    "num_byzantine": 2,
    "use_dp": true,
    "epsilon": 5.0,
    "delta": 1e-05,
    "use_fltrust": true,
    "use_topk": true,
    "topk_ratio": 0.5,
    "root_dataset_size": 1000,
    "rescale_to_ref_norm": false,
    "attack_type": "label_flip",
    "attack_scale": 3.0,
    "source_label": 3,
    "target_label": 7
  },
  "results": {
    "elapsed_seconds": 44.034422159194946,
    "noise_multiplier": 0.615234375,
    "confusion_matrix": [
      [
        819,
        6,
        154,
        0,
        0,
        0,
        0,
        1,
        0,
        0
      ],
      [
        0,
        1117,
        18,
        0,
        0,
        0,
        0,
        0,
        0,
        0
      ],
      [
        30,
        62,
        934,
        2,
        2,
        0,
        0,
        2,
        0,
        0
      ],
      [
        57,
        112,
        650,
        121,
        3,
        0,
        0,
        42,
        22,
        3
      ],
      [
        2,
        157,
        322,
        0,
        480,
        0,
        0,
        7,
        6,
        8
      ],
      [
        124,
        159,
        485,
        43,
        32,
        0,
        0,
        21,
        25,
        3
      ],
      [
        23,
        69,
        752,
        0,
        1,
        0,
        113,
        0,
        0,
        0
      ],
      [
        10,
        382,
        79,
        6,
        54,
        0,
        0,
        470,
        5,
        22
      ],
      [
        62,
        110,
        499,
        0,
        15,
        0,
        1,
        26,
        259,
        2
      ],
      [
        25,
        194,
        148,
        2,
        284,
        0,
        0,
        128,
        21,
        207
      ]
    ],
    "per_class_scores": {
      "0": {
        "precision": 0.7109,
        "recall": 0.8357,
        "f1": 0.7683
      },
      "1": {
        "precision": 0.4717,
        "recall": 0.9841,
        "f1": 0.6377
      },
      "2": {
        "precision": 0.2311,
        "recall": 0.905,
        "f1": 0.3682
      },
      "3": {
        "precision": 0.6954,
        "recall": 0.1198,
        "f1": 0.2044
      },
      "4": {
        "precision": 0.5511,
        "recall": 0.4888,
        "f1": 0.5181
      },
      "5": {
        "precision": 0.0,
        "recall": 0.0,
        "f1": 0.0
      },
      "6": {
        "precision": 0.9912,
        "recall": 0.118,
        "f1": 0.2108
      },
      "7": {
        "precision": 0.6743,
        "recall": 0.4572,
        "f1": 0.5449
      },
      "8": {
        "precision": 0.7663,
        "recall": 0.2659,
        "f1": 0.3948
      },
      "9": {
        "precision": 0.8449,
        "recall": 0.2052,
        "f1": 0.3301
      }
    },
    "label_distribution": {
      "root": {
        "9": 99,
        "6": 99,
        "1": 112,
        "0": 99,
        "2": 99,
        "5": 90,
        "3": 102,
        "8": 98,
        "4": 97,
        "7": 105
      },
      "clients": {
        "0": {
          "1": 645,
          "5": 537,
          "9": 626,
          "2": 594,
          "3": 553,
          "6": 572,
          "4": 521,
          "8": 616,
          "0": 587,
          "7": 649
        },
        "1": {
          "5": 533,
          "6": 593,
          "7": 647,
          "1": 631,
          "8": 558,
          "0": 592,
          "2": 563,
          "3": 590,
          "9": 601,
          "4": 592
        },
        "2": {
          "2": 627,
          "1": 683,
          "3": 627,
          "4": 577,
          "9": 595,
          "0": 593,
          "5": 480,
          "7": 584,
          "6": 559,
          "8": 575
        },
        "3": {
          "5": 547,
          "3": 606,
          "1": 676,
          "8": 543,
          "7": 598,
          "4": 583,
          "6": 599,
          "9": 569,
          "2": 563,
          "0": 616
        },
        "4": {
          "7": 601,
          "9": 566,
          "3": 630,
          "5": 520,
          "6": 605,
          "1": 709,
          "4": 600,
          "2": 554,
          "0": 549,
          "8": 566
        },
        "5": {
          "0": 585,
          "2": 599,
          "3": 576,
          "7": 606,
          "9": 568,
          "5": 521,
          "1": 671,
          "6": 603,
          "4": 554,
          "8": 617
        },
        "6": {
          "6": 577,
          "8": 597,
          "3": 621,
          "0": 501,
          "5": 534,
          "2": 604,
          "9": 583,
          "1": 661,
          "7": 644,
          "4": 578
        },
        "7": {
          "7": 627,
          "8": 561,
          "1": 649,
          "0": 588,
          "4": 579,
          "5": 537,
          "2": 604,
          "3": 612,
          "6": 599,
          "9": 544
        },
        "8": {
          "2": 607,
          "6": 571,
          "9": 589,
          "3": 623,
          "5": 579,
          "7": 621,
          "1": 640,
          "0": 576,
          "8": 551,
          "4": 543
        },
        "9": {
          "8": 569,
          "0": 637,
          "2": 544,
          "6": 541,
          "7": 583,
          "3": 591,
          "9": 609,
          "4": 618,
          "1": 665,
          "5": 543
        }
      }
    },
    "malicious_clients": {
      "13285461903204447935": true,
      "2494900770495706415": false,
      "8433647925974536013": true,
      "17520342142540828975": false,
      "13964400910448379518": false,
      "8337236791375151546": false,
      "6600641113226657084": false,
      "8286824465064957553": false,
      "11786144710284405416": false,
      "11312518397685821423": false
    },
    "per_round": [
      {
        "round": 1,
        "loss": 2.2748439121551027,
        "accuracy": 0.1058,
        "epsilon": 3.707310167151577,
        "trust_scores": {
          "13285461903204447935": 0.0703,
          "2494900770495706415": 0.0933,
          "8433647925974536013": 0.0815,
          "17520342142540828975": 0.097,
          "13964400910448379518": 0.1067,
          "8337236791375151546": 0.0951,
          "6600641113226657084": 0.0967,
          "8286824465064957553": 0.1009,
          "11786144710284405416": 0.097,
          "11312518397685821423": 0.1015
        }
      },
      {
        "round": 2,
        "loss": 2.245949467150167,
        "accuracy": 0.1157,
        "epsilon": 4.133397465869384,
        "trust_scores": {
          "13285461903204447935": 0.0667,
          "2494900770495706415": 0.0936,
          "8433647925974536013": 0.0619,
          "17520342142540828975": 0.0938,
          "13964400910448379518": 0.0868,
          "8337236791375151546": 0.082,
          "6600641113226657084": 0.0799,
          "8286824465064957553": 0.0889,
          "11786144710284405416": 0.0877,
          "11312518397685821423": 0.0961
        }
      },
      {
        "round": 3,
        "loss": 2.207112606341085,
        "accuracy": 0.2627,
        "epsilon": 4.461083195047627,
        "trust_scores": {
          "13285461903204447935": 0.0739,
          "2494900770495706415": 0.1069,
          "8433647925974536013": 0.0849,
          "17520342142540828975": 0.0996,
          "13964400910448379518": 0.1015,
          "8337236791375151546": 0.0936,
          "6600641113226657084": 0.0955,
          "8286824465064957553": 0.0986,
          "11786144710284405416": 0.0906,
          "11312518397685821423": 0.0998
        }
      },
      {
        "round": 4,
        "loss": 2.155025104364267,
        "accuracy": 0.3101,
        "epsilon": 4.7447912628355375,
        "trust_scores": {
          "13285461903204447935": 0.0878,
          "2494900770495706415": 0.1003,
          "8433647925974536013": 0.0895,
          "17520342142540828975": 0.1096,
          "13964400910448379518": 0.1105,
          "8337236791375151546": 0.1024,