{
  "config": {
    "config_id": 2,
    "dataset": "mnist",
    "num_clients": 10,
    "num_rounds": 5,
    "num_byzantine": 2,
    "use_dp": true,
    "epsilon": 5.0,
    "delta": 1e-05,
    "use_fltrust": false,
    "use_topk": false,
    "topk_ratio": 0.1,
    "root_dataset_size": 1000,
    "rescale_to_ref_norm": false,
    "attack_type": "label_flip",
    "attack_scale": 3.0,
    "source_label": 3,
    "target_label": 7
  },
  "results": {
    "elapsed_seconds": 41.05437636375427,
    "noise_multiplier": 0.615234375,
    "confusion_matrix": [
      [
        885,
        9,
        83,
        1,
        1,
        0,
        1,
        0,
        0,
        0
      ],
      [
        0,
        1124,
        10,
        1,
        0,
        0,
        0,
        0,
        0,
        0
      ],
      [
        44,
        93,
        887,
        3,
        4,
        0,
        0,
        1,
        0,
        0
      ],
      [
        94,
        147,
        505,
        176,
        3,
        0,
        1,
        42,
        38,
        4
      ],
      [
        14,
        163,
        178,
        0,
        597,
        0,
        6,
        2,
        8,
        14
      ],
      [
        177,
        182,
        349,
        56,
        62,
        1,
        0,
        19,
        39,
        7
      ],
      [
        41,
        79,
        570,
        0,
        4,
        0,
        264,
        0,
        0,
        0
      ],
      [
        13,
        453,
        55,
        63,
        79,
        0,
        0,
        330,
        6,
        29
      ],
      [
        85,
        134,
        341,
        2,
        30,
        0,
        2,
        23,
        352,
        5
      ],
      [
        28,
        224,
        79,
        5,
        344,
        0,
        0,
        76,
        17,
        236
      ]
    ],
    "per_class_scores": {
      "0": {
        "precision": 0.6408,
        "recall": 0.9031,
        "f1": 0.7497
      },
      "1": {
        "precision": 0.431,
        "recall": 0.9903,
        "f1": 0.6006
      },
      "2": {
        "precision": 0.2902,
        "recall": 0.8595,
        "f1": 0.4338
      },
      "3": {
        "precision": 0.5733,
        "recall": 0.1743,
        "f1": 0.2673
      },
      "4": {
        "precision": 0.5311,
        "recall": 0.6079,
        "f1": 0.567
      },
      "5": {
        "precision": 1.0,
        "recall": 0.0011,
        "f1": 0.0022
      },
      "6": {
        "precision": 0.9635,
        "recall": 0.2756,
        "f1": 0.4286
      },
      "7": {
        "precision": 0.6694,
        "recall": 0.321,
        "f1": 0.4339
      },
      "8": {
        "precision": 0.7652,
        "recall": 0.3614,
        "f1": 0.4909
      },
      "9": {
        "precision": 0.8,
        "recall": 0.2339,
        "f1": 0.362
      }
    },
    "label_distribution": {
      "root": {
        "9": 99,
        "6": 99,
        "1": 112,
        "0": 99,
        "2": 99,
        "5": 90,
        "3": 102,
        "8": 98,
        "4": 97,
        "7": 105
      },
      "clients": {
        "0": {
          "1": 645,
          "5": 537,
          "9": 626,
          "2": 594,
          "3": 553,
          "6": 572,
          "4": 521,
          "8": 616,
          "0": 587,
          "7": 649
        },
        "1": {
          "5": 533,
          "6": 593,
          "7": 647,
          "1": 631,
          "8": 558,
          "0": 592,
          "2": 563,
          "3": 590,
          "9": 601,
          "4": 592
        },
        "2": {
          "2": 627,
          "1": 683,
          "3": 627,
          "4": 577,
          "9": 595,
          "0": 593,
          "5": 480,
          "7": 584,
          "6": 559,
          "8": 575
        },
        "3": {
          "5": 547,
          "3": 606,
          "1": 676,
          "8": 543,
          "7": 598,
          "4": 583,
          "6": 599,
          "9": 569,
          "2": 563,
          "0": 616
        },
        "4": {
          "7": 601,
          "9": 566,
          "3": 630,
          "5": 520,
          "6": 605,
          "1": 709,
          "4": 600,
          "2": 554,
          "0": 549,
          "8": 566
        },
        "5": {
          "0": 585,
          "2": 599,
          "3": 576,
          "7": 606,
          "9": 568,
          "5": 521,
          "1": 671,
          "6": 603,
          "4": 554,
          "8": 617
        },
        "6": {
          "6": 577,
          "8": 597,
          "3": 621,
          "0": 501,
          "5": 534,
          "2": 604,
          "9": 583,
          "1": 661,
          "7": 644,
          "4": 578
        },
        "7": {
          "7": 627,
          "8": 561,
          "1": 649,
          "0": 588,
          "4": 579,
          "5": 537,
          "2": 604,
          "3": 612,
          "6": 599,
          "9": 544
        },
        "8": {
          "2": 607,
          "6": 571,
          "9": 589,
          "3": 623,
          "5": 579,
          "7": 621,
          "1": 640,
          "0": 576,
          "8": 551,
          "4": 543
        },
        "9": {
          "8": 569,
          "0": 637,
          "2": 544,
          "6": 541,
          "7": 583,
          "3": 591,
          "9": 609,
          "4": 618,
          "1": 665,
          "5": 543
        }
      }
    },
    "malicious_clients": {},
    "per_round": [
      {
        "round": 1,
        "loss": 2.273392880686556,
        "accuracy": 0.1033,
        "epsilon": 3.707310167151577,
        "trust_scores": {}
      },
      {
        "round": 2,
        "loss": 2.2393810314873157,
        "accuracy": 0.1398,
        "epsilon": 4.133397465869384,
        "trust_scores": {}
      },
      {
        "round": 3,
        "loss": 2.1936108197647926,
        "accuracy": 0.2909,
        "epsilon": 4.461083195047627,
        "trust_scores": {}
      },
      {
        "round": 4,
        "loss": 2.1302191898845635,
        "accuracy": 0.3254,
        "epsilon": 4.7447912628355375,
        "trust_scores": {}
      },
      {
        "round": 5,
        "loss": 2.0477855098894993,
        "accuracy": 0.4852,
        "epsilon": 4.9958357587364075,
        "trust_scores": {}
      }
    ]
  }
}