{
  "config": {
    "config_id": 8,
    "dataset": "mnist",
    "num_clients": 10,
    "num_rounds": 5,
    "num_byzantine": 2,
    "use_dp": true,
    "epsilon": 10.0,
    "delta": 1e-05,
    "use_fltrust": true,
    "use_topk": true,
    "topk_ratio": 0.5,
    "root_dataset_size": 1000,
    "rescale_to_ref_norm": false,
    "attack_type": "label_flip",
    "attack_scale": 3.0,
    "source_label": 3,
    "target_label": 7
  },
  "results": {
    "elapsed_seconds": 44.796711444854736,
    "noise_multiplier": 0.496368408203125,
    "confusion_matrix": [
      [
        820,
        6,
        153,
        0,
        0,
        0,
        0,
        1,
        0,
        0
      ],
      [
        0,
        1118,
        17,
        0,
        0,
        0,
        0,
        0,
        0,
        0
      ],
      [
        34,
        62,
        931,
        1,
        2,
        0,
        0,
        2,
        0,
        0
      ],
      [
        58,
        113,
        650,
        116,
        3,
        0,
        0,
        46,
        21,
        3
      ],
      [
        2,
        157,
        315,
        0,
        489,
        0,
        0,
        7,
        6,
        6
      ],
      [
        124,
        160,
        482,
        44,
        33,
        0,
        0,
        22,
        24,
        3
      ],
      [
        22,
        69,
        743,
        0,
        1,
        0,
        123,
        0,
        0,
        0
      ],
      [
        11,
        380,
        77,
        4,
        53,
        0,
        0,
        476,
        5,
        22
      ],
      [
        64,
        115,
        491,
        0,
        15,
        0,
        0,
        26,
        261,
        2
      ],
      [
        24,
        197,
        148,
        1,
        284,
        0,
        0,
        129,
        22,
        204
      ]
    ],
    "per_class_scores": {
      "0": {
        "precision": 0.7075,
        "recall": 0.8367,
        "f1": 0.7667
      },
      "1": {
        "precision": 0.4703,
        "recall": 0.985,
        "f1": 0.6367
      },
      "2": {
        "precision": 0.2323,
        "recall": 0.9021,
        "f1": 0.3695
      },
      "3": {
        "precision": 0.6988,
        "recall": 0.1149,
        "f1": 0.1973
      },
      "4": {
        "precision": 0.5557,
        "recall": 0.498,
        "f1": 0.5252
      },
      "5": {
        "precision": 0.0,
        "recall": 0.0,
        "f1": 0.0
      },
      "6": {
        "precision": 1.0,
        "recall": 0.1284,
        "f1": 0.2276
      },
      "7": {
        "precision": 0.6714,
        "recall": 0.463,
        "f1": 0.5481
      },
      "8": {
        "precision": 0.7699,
        "recall": 0.268,
        "f1": 0.3976
      },
      "9": {
        "precision": 0.85,
        "recall": 0.2022,
        "f1": 0.3267
      }
    },
    "label_distribution": {
      "root": {
        "9": 99,
        "6": 99,
        "1": 112,
        "0": 99,
        "2": 99,
        "5": 90,
        "3": 102,
        "8": 98,
        "4": 97,
        "7": 105
      },
      "clients": {
        "0": {
          "1": 645,
          "5": 537,
          "9": 626,
          "2": 594,
          "3": 553,
          "6": 572,
          "4": 521,
          "8": 616,
          "0": 587,
          "7": 649
        },
        "1": {
          "5": 533,
          "6": 593,
          "7": 647,
          "1": 631,
          "8": 558,
          "0": 592,
          "2": 563,
          "3": 590,
          "9": 601,
          "4": 592
        },
        "2": {
          "2": 627,
          "1": 683,
          "3": 627,
          "4": 577,
          "9": 595,
          "0": 593,
          "5": 480,
          "7": 584,
          "6": 559,
          "8": 575
        },
        "3": {
          "5": 547,
          "3": 606,
          "1": 676,
          "8": 543,
          "7": 598,
          "4": 583,
          "6": 599,
          "9": 569,
          "2": 563,
          "0": 616
        },
        "4": {
          "7": 601,
          "9": 566,
          "3": 630,
          "5": 520,
          "6": 605,
          "1": 709,
          "4": 600,
          "2": 554,
          "0": 549,
          "8": 566
        },
        "5": {
          "0": 585,
          "2": 599,
          "3": 576,
          "7": 606,
          "9": 568,
          "5": 521,
          "1": 671,
          "6": 603,
          "4": 554,
          "8": 617
        },
        "6": {
          "6": 577,
          "8": 597,
          "3": 621,
          "0": 501,
          "5": 534,
          "2": 604,
          "9": 583,
          "1": 661,
          "7": 644,
          "4": 578
        },
        "7": {
          "7": 627,
          "8": 561,
          "1": 649,
          "0": 588,
          "4": 579,
          "5": 537,
          "2": 604,
          "3": 612,
          "6": 599,
          "9": 544
        },
        "8": {
          "2": 607,
          "6": 571,
          "9": 589,
          "3": 623,
          "5": 579,
          "7": 621,
          "1": 640,
          "0": 576,
          "8": 551,
          "4": 543
        },
        "9": {
          "8": 569,
          "0": 637,
          "2": 544,
          "6": 541,
          "7": 583,
          "3": 591,
          "9": 609,
          "4": 618,
          "1": 665,
          "5": 543
        }
      }
    },
    "malicious_clients": {
      "2558711439923031118": false,
      "10941942792708036822": false,
      "2630873973479243447": false,
      "14679145916803599336": false,
      "7918134958186222854": false,
      "1725937158737485174": true,
      "16320343042280595134": false,
      "8596210921852694027": true,
      "11453864648087960616": false,
      "1603798272962754380": false
    },
    "per_round": [
      {
        "round": 1,
        "loss": 2.2746482329627575,
        "accuracy": 0.1054,
        "epsilon": 6.906433184789564,
        "trust_scores": {
          "2558711439923031118": 0.1326,
          "10941942792708036822": 0.1157,
          "2630873973479243447": 0.1195,
          "14679145916803599336": 0.1254,
          "7918134958186222854": 0.1191,
          "1725937158737485174": 0.0888,
          "16320343042280595134": 0.1185,
          "8596210921852694027": 0.1018,
          "11453864648087960616": 0.1252,
          "1603798272962754380": 0.1214
        }
      },
      {
        "round": 2,
        "loss": 2.245712436426181,
        "accuracy": 0.1212,
        "epsilon": 7.930951829285942,
        "trust_scores": {
          "2558711439923031118": 0.108,
          "10941942792708036822": 0.1161,
          "2630873973479243447": 0.1146,
          "14679145916803599336": 0.1084,
          "7918134958186222854": 0.1087,
          "1725937158737485174": 0.083,
          "16320343042280595134": 0.1023,
          "8596210921852694027": 0.0767,
          "11453864648087960616": 0.1181,
          "1603798272962754380": 0.0989
        }
      },
      {
        "round": 3,
        "loss": 2.206231660355394,
        "accuracy": 0.263,
        "epsilon": 8.717222781186257,
        "trust_scores": {
          "2558711439923031118": 0.1259,
          "10941942792708036822": 0.132,
          "2630873973479243447": 0.1241,
          "14679145916803599336": 0.1231,
          "7918134958186222854": 0.1138,
          "1725937158737485174": 0.0943,
          "16320343042280595134": 0.1162,
          "8596210921852694027": 0.105,
          "11453864648087960616": 0.1239,
          "1603798272962754380": 0.1188
        }
      },
      {
        "round": 4,
        "loss": 2.153509582574375,
        "accuracy": 0.3121,
        "epsilon": 9.407452830740656,
        "trust_scores": {
          "2558711439923031118": 0.1367,
          "10941942792708036822": 0.126,
          "2630873973479243447": 0.1376,
          "14679145916803599336": 0.1409,
          "7918134958186222854": 0.1365,
          "1725937158737485174": 0.1102,