{
  "config": {
    "config_id": 5,
    "num_clients": 10,
    "num_rounds": 8,
    "num_byzantine": 2,
    "use_dp": true,
    "epsilon": 10.0,
    "delta": 1e-05,
    "use_fltrust": true,
    "use_topk": false,
    "topk_ratio": 0.1,
    "root_dataset_size": 1000,
    "rescale_to_ref_norm": false
  },
  "results": {
    "elapsed_seconds": 261.48616433143616,
    "noise_multiplier": 0.51849365234375,
    "confusion_matrix": [
      [
        942,
        5,
        0,
        0,
        0,
        0,
        2,
        6,
        25,
        0
      ],
      [
        0,
        1127,
        0,
        3,
        0,
        0,
        4,
        0,
        1,
        0
      ],
      [
        154,
        202,
        349,
        58,
        12,
        0,
        160,
        33,
        63,
        1
      ],
      [
        126,
        131,
        3,
        591,
        3,
        6,
        10,
        52,
        87,
        1
      ],
      [
        59,
        142,
        0,
        0,
        542,
        0,
        24,
        38,
        35,
        142
      ],
      [
        257,
        131,
        0,
        75,
        30,
        157,
        17,
        32,
        185,
        8
      ],
      [
        162,
        97,
        1,
        0,
        9,
        0,
        640,
        1,
        48,
        0
      ],
      [
        36,
        183,
        4,
        0,
        8,
        0,
        1,
        766,
        16,
        14
      ],
      [
        119,
        179,
        0,
        11,
        8,
        4,
        16,
        54,
        575,
        8
      ],
      [
        87,
        148,
        0,
        4,
        72,
        1,
        4,
        181,
        33,
        479
      ]
    ],
    "per_class_scores": {
      "0": {
        "precision": 0.4851,
        "recall": 0.9612,
        "f1": 0.6448
      },
      "1": {
        "precision": 0.4806,
        "recall": 0.993,
        "f1": 0.6477
      },
      "2": {
        "precision": 0.9776,
        "recall": 0.3382,
        "f1": 0.5025
      },
      "3": {
        "precision": 0.7965,
        "recall": 0.5851,
        "f1": 0.6747
      },
      "4": {
        "precision": 0.7924,
        "recall": 0.5519,
        "f1": 0.6507
      },
      "5": {
        "precision": 0.9345,
        "recall": 0.176,
        "f1": 0.2962
      },
      "6": {
        "precision": 0.7289,
        "recall": 0.6681,
        "f1": 0.6972
      },
      "7": {
        "precision": 0.6586,
        "recall": 0.7451,
        "f1": 0.6992
      },
      "8": {
        "precision": 0.5384,
        "recall": 0.5903,
        "f1": 0.5632
      },
      "9": {
        "precision": 0.7335,
        "recall": 0.4747,
        "f1": 0.5764
      }
    },
    "per_round": [
      {
        "round": 1,
        "loss": 2.2810861881548603,
        "accuracy": 0.1754,
        "epsilon": 6.082541619760116,
        "trust_scores": {
          "722321361732548650": 0.1059,
          "1594633269754901642": 0.1387,
          "5842535433432958295": 0.1355,
          "1570170552103132417": 0.1451,
          "12374242819741723784": 0.1402,
          "7003758050082474482": 0.1423,
          "16751575910116810455": 0.1411,
          "4335352492117805506": 0.1301,
          "8466853536139177822": 0.1379,
          "7502252232150408358": 0.1397
        }
      },
      {
        "round": 2,
        "loss": 2.2543387923377773,
        "accuracy": 0.2098,
        "epsilon": 6.9455236094379735,
        "trust_scores": {
          "722321361732548650": 0.1179,
          "1594633269754901642": 0.1451,
          "5842535433432958295": 0.1435,
          "1570170552103132417": 0.1543,
          "12374242819741723784": 0.1475,
          "7003758050082474482": 0.1534,
          "16751575910116810455": 0.1438,
          "4335352492117805506": 0.1416,
          "8466853536139177822": 0.1485,
          "7502252232150408358": 0.1456
        }
      },
      {
        "round": 3,
        "loss": 2.2194276572035525,
        "accuracy": 0.2941,
        "epsilon": 7.601888721722664,
        "trust_scores": {
          "722321361732548650": 0.1353,
          "1594633269754901642": 0.1579,
          "5842535433432958295": 0.1723,
          "1570170552103132417": 0.1683,
          "12374242819741723784": 0.1712,
          "7003758050082474482": 0.1654,
          "16751575910116810455": 0.164,
          "4335352492117805506": 0.1645,
          "8466853536139177822": 0.1659,
          "7502252232150408358": 0.1667
        }
      },
      {
        "round": 4,
        "loss": 2.172308101440771,
        "accuracy": 0.347,
        "epsilon": 8.166418954278504,
        "trust_scores": {
          "722321361732548650": 0.1446,
          "1594633269754901642": 0.1705,
          "5842535433432958295": 0.1831,
          "1570170552103132417": 0.1829,
          "12374242819741723784": 0.1826,
          "7003758050082474482": 0.1863,
          "16751575910116810455": 0.1773,
          "4335352492117805506": 0.1781,
          "8466853536139177822": 0.1784,
          "7502252232150408358": 0.1844
        }
      },
      {
        "round": 5,
        "loss": 2.1070556122654924,
        "accuracy": 0.4414,
        "epsilon": 8.679804706177494,
        "trust_scores": {
          "722321361732548650": 0.1597,
          "1594633269754901642": 0.2014,
          "5842535433432958295": 0.2034,
          "1570170552103132417": 0.1981,
          "12374242819741723784": 0.2072,
          "7003758050082474482": 0.199,
          "16751575910116810455": 0.1906,
          "4335352492117805506": 0.1958,
          "8466853536139177822": 0.1979,
          "7502252232150408358": 0.1928
        }
      },
      {
        "round": 6,
        "loss": 2.0204571694992604,
        "accuracy": 0.5062,
        "epsilon": 9.135819034344706,
        "trust_scores": {
          "722321361732548650": 0.1742,
          "1594633269754901642": 0.2085,
          "5842535433432958295": 0.2084,
          "1570170552103132417": 0.2082,
          "12374242819741723784": 0.2119,
          "7003758050082474482": 0.2032,
          "16751575910116810455": 0.212,
          "4335352492117805506": 0.2039,
          "8466853536139177822": 0.2025,
          "7502252232150408358": 0.2155
        }
      },
      {
        "round": 7,
        "loss": 1.910087867666738,
        "accuracy": 0.5732,
        "epsilon": 9.566189284796925,
        "trust_scores": {
          "722321361732548650": 0.1682,
          "1594633269754901642": 0.2192,
          "5842535433432958295": 0.2182,
          "1570170552103132417": 0.2214,
          "12374242819741723784": 0.2264,
          "7003758050082474482": 0.2198,
          "16751575910116810455": 0.2222,
          "4335352492117805506": 0.2179,
          "8466853536139177822": 0.2187,
          "7502252232150408358": 0.2213
        }
      },
      {
        "round": 8,
        "loss": 1.7784943207384298,
        "accuracy": 0.6168,
        "epsilon": 9.995739787666562,
        "trust_scores": {
          "722321361732548650": 0.1751,
          "1594633269754901642": 0.2314,
          "5842535433432958295": 0.2282,
          "1570170552103132417": 0.2307,
          "12374242819741723784": 0.225,
          "7003758050082474482": 0.2152,
          "16751575910116810455": 0.2204,
          "4335352492117805506": 0.2184,
          "8466853536139177822": 0.22,
          "7502252232150408358": 0.2188
        }
      }
    ]
  }
}