{
  "config": {
    "config_id": 8,
    "num_clients": 10,
    "num_rounds": 8,
    "num_byzantine": 2,
    "use_dp": true,
    "epsilon": 1.0,
    "delta": 1e-05,
    "use_fltrust": true,
    "use_topk": true,
    "topk_ratio": 0.01,
    "root_dataset_size": 1000,
    "rescale_to_ref_norm": false
  },
  "results": {
    "elapsed_seconds": 256.6404273509979,
    "noise_multiplier": 1.181640625,
    "confusion_matrix": [
      [
        932,
        48,
        0,
        0,
        0,
        0,
        0,
        0,
        0,
        0
      ],
      [
        0,
        1135,
        0,
        0,
        0,
        0,
        0,
        0,
        0,
        0
      ],
      [
        287,
        744,
        0,
        0,
        0,
        0,
        0,
        0,
        0,
        1
      ],
      [
        88,
        921,
        0,
        0,
        0,
        0,
        0,
        0,
        0,
        1
      ],
      [
        139,
        789,
        0,
        0,
        8,
        0,
        0,
        0,
        0,
        46
      ],
      [
        377,
        514,
        0,
        0,
        0,
        0,
        0,
        0,
        0,
        1
      ],
      [
        453,
        505,
        0,
        0,
        0,
        0,
        0,
        0,
        0,
        0
      ],
      [
        66,
        957,
        0,
        0,
        0,
        0,
        0,
        0,
        0,
        5
      ],
      [
        110,
        857,
        0,
        0,
        0,
        0,
        0,
        0,
        0,
        7
      ],
      [
        120,
        865,
        0,
        0,
        1,
        0,
        0,
        0,
        0,
        23
      ]
    ],
    "per_class_scores": {
      "0": {
        "precision": 0.3624,
        "recall": 0.951,
        "f1": 0.5248
      },
      "1": {
        "precision": 0.1547,
        "recall": 1.0,
        "f1": 0.268
      },
      "2": {
        "precision": 0.0,
        "recall": 0.0,
        "f1": 0.0
      },
      "3": {
        "precision": 0.0,
        "recall": 0.0,
        "f1": 0.0
      },
      "4": {
        "precision": 0.8889,
        "recall": 0.0081,
        "f1": 0.0161
      },
      "5": {
        "precision": 0.0,
        "recall": 0.0,
        "f1": 0.0
      },
      "6": {
        "precision": 0.0,
        "recall": 0.0,
        "f1": 0.0
      },
      "7": {
        "precision": 0.0,
        "recall": 0.0,
        "f1": 0.0
      },
      "8": {
        "precision": 0.0,
        "recall": 0.0,
        "f1": 0.0
      },
      "9": {
        "precision": 0.2738,
        "recall": 0.0228,
        "f1": 0.0421
      }
    },
    "per_round": [
      {
        "round": 1,
        "loss": 2.299227603327352,
        "accuracy": 0.1525,
        "epsilon": 0.6592539156274559,
        "trust_scores": {
          "1400128282500637984": 0.0199,
          "11290592994471049090": 0.012,
          "9721801135531430098": 0.0167,
          "2976005368844328006": 0.0211,
          "5481051317699829657": 0.014,
          "12175037198559835262": 0.0199,
          "6522533222088259599": 0.0194,
          "5627109416585512215": 0.0157,
          "12160299957327583130": 0.0166,
          "2740291066536961697": 0.0106
        }
      },
      {
        "round": 2,
        "loss": 2.296502323577198,
        "accuracy": 0.2001,
        "epsilon": 0.7100105622274823,
        "trust_scores": {
          "1400128282500637984": 0.0236,
          "11290592994471049090": 0.0124,
          "9721801135531430098": 0.0168,
          "2976005368844328006": 0.0182,
          "5481051317699829657": 0.0162,
          "12175037198559835262": 0.0177,
          "6522533222088259599": 0.0246,
          "5627109416585512215": 0.0195,
          "12160299957327583130": 0.0175,
          "2740291066536961697": 0.0142
        }
      },
      {
        "round": 3,
        "loss": 2.293828703724919,
        "accuracy": 0.2045,
        "epsilon": 0.7607672088275083,
        "trust_scores": {
          "1400128282500637984": 0.0202,
          "11290592994471049090": 0.0138,
          "9721801135531430098": 0.0209,
          "2976005368844328006": 0.0227,
          "5481051317699829657": 0.0098,
          "12175037198559835262": 0.0162,
          "6522533222088259599": 0.0147,
          "5627109416585512215": 0.0161,
          "12160299957327583130": 0.0158,
          "2740291066536961697": 0.0209
        }
      },
      {
        "round": 4,
        "loss": 2.2913843991276557,
        "accuracy": 0.2058,
        "epsilon": 0.8115238554275346,
        "trust_scores": {
          "1400128282500637984": 0.0198,
          "11290592994471049090": 0.0142,
          "9721801135531430098": 0.0184,
          "2976005368844328006": 0.0221,
          "5481051317699829657": 0.0098,
          "12175037198559835262": 0.0146,
          "6522533222088259599": 0.0127,
          "5627109416585512215": 0.0121,
          "12160299957327583130": 0.0148,
          "2740291066536961697": 0.0124
        }
      },
      {
        "round": 5,
        "loss": 2.2888645904894456,
        "accuracy": 0.2077,
        "epsilon": 0.8622805020275608,
        "trust_scores": {
          "1400128282500637984": 0.0105,
          "11290592994471049090": 0.0121,
          "9721801135531430098": 0.0141,
          "2976005368844328006": 0.0136,
          "5481051317699829657": 0.0137,
          "12175037198559835262": 0.0197,
          "6522533222088259599": 0.0206,
          "5627109416585512215": 0.0182,
          "12160299957327583130": 0.0168,
          "2740291066536961697": 0.0187
        }
      },
      {
        "round": 6,
        "loss": 2.286114591379135,
        "accuracy": 0.2075,
        "epsilon": 0.9090267938445136,
        "trust_scores": {
          "1400128282500637984": 0.015,
          "11290592994471049090": 0.0113,
          "9721801135531430098": 0.0145,
          "2976005368844328006": 0.0224,
          "5481051317699829657": 0.0224,
          "12175037198559835262": 0.0189,
          "6522533222088259599": 0.0243,
          "5627109416585512215": 0.0212,
          "12160299957327583130": 0.0141,
          "2740291066536961697": 0.0197
        }
      },
      {
        "round": 7,
        "loss": 2.2834719019576,
        "accuracy": 0.2084,
        "epsilon": 0.9495942648265677,
        "trust_scores": {
          "1400128282500637984": 0.0182,
          "11290592994471049090": 0.0129,
          "9721801135531430098": 0.0148,
          "2976005368844328006": 0.0225,
          "5481051317699829657": 0.0185,
          "12175037198559835262": 0.0205,
          "6522533222088259599": 0.0168,
          "5627109416585512215": 0.0095,
          "12160299957327583130": 0.0173,
          "2740291066536961697": 0.0106
        }
      },
      {
        "round": 8,
        "loss": 2.280973742183405,
        "accuracy": 0.2098,
        "epsilon": 0.9901617358086221,
        "trust_scores": {
          "1400128282500637984": 0.0183,
          "11290592994471049090": 0.0168,
          "9721801135531430098": 0.0157,
          "2976005368844328006": 0.0198,
          "5481051317699829657": 0.0155,
          "12175037198559835262": 0.0147,
          "6522533222088259599": 0.0197,
          "5627109416585512215": 0.0166,
          "12160299957327583130": 0.006,
          "2740291066536961697": 0.018
        }
      }
    ]
  }
}