{
  "config": {
    "config_id": 6,
    "num_clients": 10,
    "num_rounds": 8,
    "num_byzantine": 2,
    "use_dp": true,
    "epsilon": 5.0,
    "delta": 1e-05,
    "use_fltrust": false,
    "use_topk": true,
    "topk_ratio": 0.1,
    "root_dataset_size": 1000,
    "rescale_to_ref_norm": false
  },
  "results": {
    "elapsed_seconds": 259.323778629303,
    "noise_multiplier": 0.6396484375,
    "confusion_matrix": [
      [
        891,
        8,
        0,
        0,
        0,
        0,
        68,
        1,
        12,
        0
      ],
      [
        0,
        1120,
        0,
        1,
        0,
        0,
        13,
        0,
        1,
        0
      ],
      [
        99,
        88,
        37,
        7,
        6,
        0,
        692,
        8,
        87,
        8
      ],
      [
        93,
        91,
        0,
        226,
        1,
        0,
        275,
        5,
        282,
        37
      ],
      [
        0,
        80,
        0,
        0,
        512,
        0,
        166,
        3,
        72,
        149
      ],
      [
        72,
        118,
        0,
        7,
        6,
        2,
        227,
        4,
        406,
        50
      ],
      [
        10,
        37,
        0,
        0,
        2,
        0,
        905,
        0,
        4,
        0
      ],
      [
        6,
        138,
        0,
        2,
        12,
        0,
        24,
        742,
        78,
        26
      ],
      [
        21,
        77,
        0,
        1,
        0,
        0,
        83,
        3,
        781,
        8
      ],
      [
        14,
        96,
        0,
        2,
        44,
        0,
        31,
        12,
        270,
        540
      ]
    ],
    "per_class_scores": {
      "0": {
        "precision": 0.7388,
        "recall": 0.9092,
        "f1": 0.8152
      },
      "1": {
        "precision": 0.6044,
        "recall": 0.9868,
        "f1": 0.7497
      },
      "2": {
        "precision": 1.0,
        "recall": 0.0359,
        "f1": 0.0692
      },
      "3": {
        "precision": 0.9187,
        "recall": 0.2238,
        "f1": 0.3599
      },
      "4": {
        "precision": 0.8782,
        "recall": 0.5214,
        "f1": 0.6543
      },
      "5": {
        "precision": 1.0,
        "recall": 0.0022,
        "f1": 0.0045
      },
      "6": {
        "precision": 0.3643,
        "recall": 0.9447,
        "f1": 0.5259
      },
      "7": {
        "precision": 0.9537,
        "recall": 0.7218,
        "f1": 0.8217
      },
      "8": {
        "precision": 0.3919,
        "recall": 0.8018,
        "f1": 0.5265
      },
      "9": {
        "precision": 0.6601,
        "recall": 0.5352,
        "f1": 0.5911
      }
    },
    "per_round": [
      {
        "round": 1,
        "loss": 2.294271677065962,
        "accuracy": 0.124,
        "epsilon": 3.3163329313247574,
        "trust_scores": {}
      },
      {
        "round": 2,
        "loss": 2.273314701482511,
        "accuracy": 0.1888,
        "epsilon": 3.67597295506474,
        "trust_scores": {}
      },
      {
        "round": 3,
        "loss": 2.251395759491113,
        "accuracy": 0.2838,
        "epsilon": 3.955957794737051,
        "trust_scores": {}
      },
      {
        "round": 4,
        "loss": 2.2263677851460613,
        "accuracy": 0.3435,
        "epsilon": 4.201516339344577,
        "trust_scores": {}
      },
      {
        "round": 5,
        "loss": 2.196807644999446,
        "accuracy": 0.3873,
        "epsilon": 4.419497586725848,
        "trust_scores": {}
      },
      {
        "round": 6,
        "loss": 2.161011756799472,
        "accuracy": 0.4303,
        "epsilon": 4.622271726322694,
        "trust_scores": {}
      },
      {
        "round": 7,
        "loss": 2.115043947110161,
        "accuracy": 0.503,
        "epsilon": 4.815250728895467,
        "trust_scores": {}
      },
      {
        "round": 8,
        "loss": 2.0598245245960953,
        "accuracy": 0.5756,
        "epsilon": 4.995908066782214,
        "trust_scores": {}
      }
    ]
  }
}