{
  "config": {
    "config_id": 5,
    "num_clients": 10,
    "num_rounds": 8,
    "num_byzantine": 2,
    "use_dp": true,
    "epsilon": 5.0,
    "delta": 1e-05,
    "use_fltrust": true,
    "use_topk": false,
    "topk_ratio": 0.1,
    "root_dataset_size": 1000,
    "rescale_to_ref_norm": false
  },
  "results": {
    "elapsed_seconds": 260.69289207458496,
    "noise_multiplier": 0.6396484375,
    "confusion_matrix": [
      [
        928,
        7,
        2,
        0,
        1,
        0,
        32,
        6,
        2,
        2
      ],
      [
        0,
        1129,
        0,
        0,
        0,
        0,
        4,
        2,
        0,
        0
      ],
      [
        48,
        222,
        656,
        0,
        3,
        0,
        46,
        35,
        20,
        2
      ],
      [
        127,
        135,
        63,
        265,
        0,
        0,
        74,
        298,
        41,
        7
      ],
      [
        41,
        83,
        12,
        0,
        471,
        0,
        50,
        273,
        0,
        52
      ],
      [
        247,
        162,
        3,
        38,
        4,
        25,
        86,
        225,
        19,
        83
      ],
      [
        120,
        73,
        17,
        0,
        6,
        0,
        739,
        3,
        0,
        0
      ],
      [
        11,
        114,
        15,
        0,
        2,
        0,
        0,
        785,
        2,
        99
      ],
      [
        79,
        210,
        40,
        1,
        8,
        0,
        50,
        222,
        341,
        23
      ],
      [
        49,
        44,
        3,
        2,
        48,
        0,
        5,
        408,
        1,
        449
      ]
    ],
    "per_class_scores": {
      "0": {
        "precision": 0.5624,
        "recall": 0.9469,
        "f1": 0.7057
      },
      "1": {
        "precision": 0.5181,
        "recall": 0.9947,
        "f1": 0.6814
      },
      "2": {
        "precision": 0.8089,
        "recall": 0.6357,
        "f1": 0.7119
      },
      "3": {
        "precision": 0.866,
        "recall": 0.2624,
        "f1": 0.4027
      },
      "4": {
        "precision": 0.8674,
        "recall": 0.4796,
        "f1": 0.6177
      },
      "5": {
        "precision": 1.0,
        "recall": 0.028,
        "f1": 0.0545
      },
      "6": {
        "precision": 0.6805,
        "recall": 0.7714,
        "f1": 0.7231
      },
      "7": {
        "precision": 0.3478,
        "recall": 0.7636,
        "f1": 0.4779
      },
      "8": {
        "precision": 0.8005,
        "recall": 0.3501,
        "f1": 0.4871
      },
      "9": {
        "precision": 0.6262,
        "recall": 0.445,
        "f1": 0.5203
      }
    },
    "per_round": [
      {
        "round": 1,
        "loss": 2.2788530188246656,
        "accuracy": 0.1168,
        "epsilon": 3.3163329313247574,
        "trust_scores": {
          "13901448435716926161": 0.1018,
          "3493487310038652600": 0.0926,
          "2510954423574618928": 0.1225,
          "2869145823709627259": 0.119,
          "1172824609952878903": 0.1302,
          "5126601550229843871": 0.0948,
          "5882096582753418608": 0.1265,
          "8504661027380862319": 0.1293,
          "3908207119156486716": 0.1264,
          "7170113265982832856": 0.1263
        }
      },
      {
        "round": 2,
        "loss": 2.2516633656839975,
        "accuracy": 0.1269,
        "epsilon": 3.67597295506474,
        "trust_scores": {
          "13901448435716926161": 0.1035,
          "3493487310038652600": 0.1048,
          "2510954423574618928": 0.1241,
          "2869145823709627259": 0.1234,
          "1172824609952878903": 0.1281,
          "5126601550229843871": 0.1101,
          "5882096582753418608": 0.1244,
          "8504661027380862319": 0.1289,
          "3908207119156486716": 0.1234,
          "7170113265982832856": 0.1119
        }
      },
      {
        "round": 3,
        "loss": 2.2138254916706024,
        "accuracy": 0.2361,
        "epsilon": 3.955957794737051,
        "trust_scores": {
          "13901448435716926161": 0.1121,
          "3493487310038652600": 0.1083,
          "2510954423574618928": 0.1388,
          "2869145823709627259": 0.1406,
          "1172824609952878903": 0.142,
          "5126601550229843871": 0.1002,
          "5882096582753418608": 0.1346,
          "8504661027380862319": 0.1338,
          "3908207119156486716": 0.1383,
          "7170113265982832856": 0.1333
        }
      },
      {
        "round": 4,
        "loss": 2.161889465472188,
        "accuracy": 0.3674,
        "epsilon": 4.201516339344577,
        "trust_scores": {
          "13901448435716926161": 0.1224,
          "3493487310038652600": 0.1276,
          "2510954423574618928": 0.1522,
          "2869145823709627259": 0.1498,
          "1172824609952878903": 0.1486,
          "5126601550229843871": 0.1268,
          "5882096582753418608": 0.1523,
          "8504661027380862319": 0.1492,
          "3908207119156486716": 0.15,
          "7170113265982832856": 0.1477
        }
      },
      {
        "round": 5,
        "loss": 2.090561709084069,
        "accuracy": 0.4541,
        "epsilon": 4.419497586725848,
        "trust_scores": {
          "13901448435716926161": 0.1387,
          "3493487310038652600": 0.1444,
          "2510954423574618928": 0.1595,
          "2869145823709627259": 0.1647,
          "1172824609952878903": 0.1586,
          "5126601550229843871": 0.137,
          "5882096582753418608": 0.1611,
          "8504661027380862319": 0.1608,
          "3908207119156486716": 0.1648,
          "7170113265982832856": 0.1629
        }
      },
      {
        "round": 6,
        "loss": 1.996359525397182,
        "accuracy": 0.4985,
        "epsilon": 4.622271726322694,
        "trust_scores": {
          "13901448435716926161": 0.148,
          "3493487310038652600": 0.1465,
          "2510954423574618928": 0.1795,
          "2869145823709627259": 0.1711,
          "1172824609952878903": 0.1759,
          "5126601550229843871": 0.1487,
          "5882096582753418608": 0.1755,
          "8504661027380862319": 0.1792,
          "3908207119156486716": 0.1765,
          "7170113265982832856": 0.1781
        }
      },
      {
        "round": 7,
        "loss": 1.879219343487066,
        "accuracy": 0.5507,
        "epsilon": 4.815250728895467,
        "trust_scores": {
          "13901448435716926161": 0.1544,
          "3493487310038652600": 0.1581,
          "2510954423574618928": 0.1886,
          "2869145823709627259": 0.1822,
          "1172824609952878903": 0.1807,
          "5126601550229843871": 0.1508,
          "5882096582753418608": 0.1835,
          "8504661027380862319": 0.1787,
          "3908207119156486716": 0.1834,
          "7170113265982832856": 0.1908
        }
      },
      {
        "round": 8,
        "loss": 1.7432285867179165,
        "accuracy": 0.5788,
        "epsilon": 4.995908066782214,
        "trust_scores": {
          "13901448435716926161": 0.1568,
          "3493487310038652600": 0.1643,
          "2510954423574618928": 0.1882,
          "2869145823709627259": 0.1883,
          "1172824609952878903": 0.1887,
          "5126601550229843871": 0.1574,
          "5882096582753418608": 0.1848,
          "8504661027380862319": 0.1883,
          "3908207119156486716": 0.1848,
          "7170113265982832856": 0.1779
        }
      }
    ]
  }
}