{
  "config": {
    "config_id": 6,
    "num_clients": 10,
    "num_rounds": 8,
    "num_byzantine": 2,
    "use_dp": true,
    "epsilon": 10.0,
    "delta": 1e-05,
    "use_fltrust": false,
    "use_topk": true,
    "topk_ratio": 0.01,
    "root_dataset_size": 1000,
    "rescale_to_ref_norm": false
  },
  "results": {
    "elapsed_seconds": 257.3717863559723,
    "noise_multiplier": 0.51849365234375,
    "confusion_matrix": [
      [
        0,
        0,
        0,
        0,
        824,
        0,
        59,
        97,
        0,
        0
      ],
      [
        0,
        0,
        0,
        0,
        504,
        0,
        0,
        631,
        0,
        0
      ],
      [
        0,
        0,
        0,
        0,
        642,
        0,
        128,
        262,
        0,
        0
      ],
      [
        0,
        0,
        0,
        0,
        679,
        0,
        4,
        327,
        0,
        0
      ],
      [
        0,
        0,
        0,
        0,
        750,
        0,
        0,
        232,
        0,
        0
      ],
      [
        0,
        0,
        0,
        0,
        602,
        0,
        15,
        275,
        0,
        0
      ],
      [
        0,
        0,
        0,
        0,
        789,
        0,
        76,
        93,
        0,
        0
      ],
      [
        0,
        0,
        0,
        0,
        234,
        0,
        0,
        794,
        0,
        0
      ],
      [
        0,
        0,
        0,
        0,
        732,
        0,
        10,
        232,
        0,
        0
      ],
      [
        0,
        0,
        0,
        0,
        498,
        0,
        0,
        511,
        0,
        0
      ]
    ],
    "per_class_scores": {
      "0": {
        "precision": 0.0,
        "recall": 0.0,
        "f1": 0.0
      },
      "1": {
        "precision": 0.0,
        "recall": 0.0,
        "f1": 0.0
      },
      "2": {
        "precision": 0.0,
        "recall": 0.0,
        "f1": 0.0
      },
      "3": {
        "precision": 0.0,
        "recall": 0.0,
        "f1": 0.0
      },
      "4": {
        "precision": 0.1199,
        "recall": 0.7637,
        "f1": 0.2073
      },
      "5": {
        "precision": 0.0,
        "recall": 0.0,
        "f1": 0.0
      },
      "6": {
        "precision": 0.2603,
        "recall": 0.0793,
        "f1": 0.1216
      },
      "7": {
        "precision": 0.2299,
        "recall": 0.7724,
        "f1": 0.3543
      },
      "8": {
        "precision": 0.0,
        "recall": 0.0,
        "f1": 0.0
      },
      "9": {
        "precision": 0.0,
        "recall": 0.0,
        "f1": 0.0
      }
    },
    "per_round": [
      {
        "round": 1,
        "loss": 2.3072022630002933,
        "accuracy": 0.1195,
        "epsilon": 6.082541619760116,
        "trust_scores": {}
      },
      {
        "round": 2,
        "loss": 2.3039208364943726,
        "accuracy": 0.1229,
        "epsilon": 6.9455236094379735,
        "trust_scores": {}
      },
      {
        "round": 3,
        "loss": 2.3006003565681628,
        "accuracy": 0.1279,
        "epsilon": 7.601888721722664,
        "trust_scores": {}
      },
      {
        "round": 4,
        "loss": 2.2974265375838114,
        "accuracy": 0.132,
        "epsilon": 8.166418954278504,
        "trust_scores": {}
      },
      {
        "round": 5,
        "loss": 2.294000434418456,
        "accuracy": 0.1414,
        "epsilon": 8.679804706177494,
        "trust_scores": {}
      },
      {
        "round": 6,
        "loss": 2.290696138771959,
        "accuracy": 0.1464,
        "epsilon": 9.135819034344706,
        "trust_scores": {}
      },
      {
        "round": 7,
        "loss": 2.286991354756462,
        "accuracy": 0.1555,
        "epsilon": 9.566189284796925,
        "trust_scores": {}
      },
      {
        "round": 8,
        "loss": 2.2832627700159724,
        "accuracy": 0.162,
        "epsilon": 9.995739787666562,
        "trust_scores": {}
      }
    ]
  }
}