{
  "config": {
    "config_id": 2,
    "num_clients": 10,
    "num_rounds": 8,
    "num_byzantine": 2,
    "use_dp": true,
    "epsilon": 1.0,
    "delta": 1e-05,
    "use_fltrust": false,
    "use_topk": false,
    "topk_ratio": 0.1,
    "root_dataset_size": 1000,
    "rescale_to_ref_norm": false
  },
  "results": {
    "elapsed_seconds": 275.8374614715576,
    "noise_multiplier": 1.181640625,
    "confusion_matrix": [
      [
        944,
        11,
        0,
        4,
        2,
        0,
        17,
        2,
        0,
        0
      ],
      [
        0,
        1127,
        1,
        3,
        0,
        0,
        3,
        0,
        0,
        1
      ],
      [
        81,
        119,
        680,
        25,
        24,
        2,
        78,
        23,
        0,
        0
      ],
      [
        58,
        48,
        109,
        708,
        1,
        3,
        17,
        51,
        0,
        15
      ],
      [
        1,
        30,
        0,
        0,
        771,
        0,
        74,
        1,
        0,
        105
      ],
      [
        68,
        94,
        23,
        233,
        34,
        258,
        95,
        60,
        1,
        26
      ],
      [
        46,
        55,
        0,
        0,
        16,
        0,
        841,
        0,
        0,
        0
      ],
      [
        0,
        55,
        9,
        9,
        11,
        0,
        1,
        909,
        0,
        34
      ],
      [
        81,
        156,
        33,
        259,
        23,
        113,
        103,
        75,
        98,
        33
      ],
      [
        17,
        33,
        0,
        16,
        113,
        6,
        13,
        104,
        2,
        705
      ]
    ],
    "per_class_scores": {
      "0": {
        "precision": 0.7284,
        "recall": 0.9633,
        "f1": 0.8295
      },
      "1": {
        "precision": 0.6522,
        "recall": 0.993,
        "f1": 0.7873
      },
      "2": {
        "precision": 0.7953,
        "recall": 0.6589,
        "f1": 0.7207
      },
      "3": {
        "precision": 0.5632,
        "recall": 0.701,
        "f1": 0.6246
      },
      "4": {
        "precision": 0.7749,
        "recall": 0.7851,
        "f1": 0.78
      },
      "5": {
        "precision": 0.6754,
        "recall": 0.2892,
        "f1": 0.405
      },
      "6": {
        "precision": 0.6771,
        "recall": 0.8779,
        "f1": 0.7645
      },
      "7": {
        "precision": 0.742,
        "recall": 0.8842,
        "f1": 0.8069
      },
      "8": {
        "precision": 0.9703,
        "recall": 0.1006,
        "f1": 0.1823
      },
      "9": {
        "precision": 0.7671,
        "recall": 0.6987,
        "f1": 0.7313
      }
    },
    "per_round": [
      {
        "round": 1,
        "loss": 2.2879149174918765,
        "accuracy": 0.1491,
        "epsilon": 0.6592539156274559,
        "trust_scores": {}
      },
      {
        "round": 2,
        "loss": 2.262349957475266,
        "accuracy": 0.2558,
        "epsilon": 0.7100105622274823,
        "trust_scores": {}
      },
      {
        "round": 3,
        "loss": 2.2260472980170203,
        "accuracy": 0.476,
        "epsilon": 0.7607672088275083,
        "trust_scores": {}
      },
      {
        "round": 4,
        "loss": 2.1751018507412065,
        "accuracy": 0.5391,
        "epsilon": 0.8115238554275346,
        "trust_scores": {}
      },
      {
        "round": 5,
        "loss": 2.105243937276042,
        "accuracy": 0.5891,
        "epsilon": 0.8622805020275608,
        "trust_scores": {}
      },
      {
        "round": 6,
        "loss": 2.012234394161846,
        "accuracy": 0.6496,
        "epsilon": 0.9090267938445136,
        "trust_scores": {}
      },
      {
        "round": 7,
        "loss": 1.8958506709851397,
        "accuracy": 0.6766,
        "epsilon": 0.9495942648265677,
        "trust_scores": {}
      },
      {
        "round": 8,
        "loss": 1.755542857197527,
        "accuracy": 0.7041,
        "epsilon": 0.9901617358086221,
        "trust_scores": {}
      }
    ]
  }
}