{
  "config": {
    "config_id": 2,
    "num_clients": 10,
    "num_rounds": 8,
    "num_byzantine": 2,
    "use_dp": true,
    "epsilon": 5.0,
    "delta": 1e-05,
    "use_fltrust": false,
    "use_topk": false,
    "topk_ratio": 0.1,
    "root_dataset_size": 1000,
    "rescale_to_ref_norm": false
  },
  "results": {
    "elapsed_seconds": 276.9521839618683,
    "noise_multiplier": 0.6396484375,
    "confusion_matrix": [
      [
        845,
        4,
        15,
        45,
        0,
        0,
        50,
        19,
        1,
        1
      ],
      [
        0,
        1126,
        4,
        3,
        0,
        0,
        1,
        0,
        0,
        1
      ],
      [
        12,
        103,
        832,
        26,
        0,
        0,
        25,
        29,
        0,
        5
      ],
      [
        1,
        65,
        87,
        837,
        0,
        0,
        6,
        9,
        0,
        5
      ],
      [
        9,
        88,
        15,
        7,
        0,
        0,
        44,
        17,
        0,
        802
      ],
      [
        7,
        127,
        39,
        466,
        0,
        126,
        53,
        7,
        4,
        63
      ],
      [
        9,
        59,
        42,
        1,
        0,
        0,
        833,
        11,
        0,
        3
      ],
      [
        2,
        127,
        21,
        463,
        0,
        0,
        0,
        305,
        0,
        110
      ],
      [
        21,
        137,
        134,
        419,
        0,
        5,
        29,
        5,
        166,
        58
      ],
      [
        8,
        50,
        0,
        115,
        0,
        0,
        11,
        27,
        0,
        798
      ]
    ],
    "per_class_scores": {
      "0": {
        "precision": 0.9245,
        "recall": 0.8622,
        "f1": 0.8923
      },
      "1": {
        "precision": 0.597,
        "recall": 0.9921,
        "f1": 0.7454
      },
      "2": {
        "precision": 0.6997,
        "recall": 0.8062,
        "f1": 0.7492
      },
      "3": {
        "precision": 0.3514,
        "recall": 0.8287,
        "f1": 0.4935
      },
      "4": {
        "precision": 0.0,
        "recall": 0.0,
        "f1": 0.0
      },
      "5": {
        "precision": 0.9618,
        "recall": 0.1413,
        "f1": 0.2463
      },
      "6": {
        "precision": 0.7918,
        "recall": 0.8695,
        "f1": 0.8289
      },
      "7": {
        "precision": 0.711,
        "recall": 0.2967,
        "f1": 0.4187
      },
      "8": {
        "precision": 0.9708,
        "recall": 0.1704,
        "f1": 0.29
      },
      "9": {
        "precision": 0.4323,
        "recall": 0.7909,
        "f1": 0.559
      }
    },
    "per_round": [
      {
        "round": 1,
        "loss": 2.2810069478738804,
        "accuracy": 0.245,
        "epsilon": 3.3163329313247574,
        "trust_scores": {}
      },
      {
        "round": 2,
        "loss": 2.2578993795778803,
        "accuracy": 0.3,
        "epsilon": 3.67597295506474,
        "trust_scores": {}
      },
      {
        "round": 3,
        "loss": 2.2322616630468888,
        "accuracy": 0.3535,
        "epsilon": 3.955957794737051,
        "trust_scores": {}
      },
      {
        "round": 4,
        "loss": 2.1997651223557444,
        "accuracy": 0.3765,
        "epsilon": 4.201516339344577,
        "trust_scores": {}
      },
      {
        "round": 5,
        "loss": 2.158026905486378,
        "accuracy": 0.4318,
        "epsilon": 4.419497586725848,
        "trust_scores": {}
      },
      {
        "round": 6,
        "loss": 2.105419810206745,
        "accuracy": 0.4661,
        "epsilon": 4.622271726322694,
        "trust_scores": {}
      },
      {
        "round": 7,
        "loss": 2.0403825509281583,
        "accuracy": 0.5419,
        "epsilon": 4.815250728895467,
        "trust_scores": {}
      },
      {
        "round": 8,
        "loss": 1.9629620862083312,
        "accuracy": 0.5868,
        "epsilon": 4.995908066782214,
        "trust_scores": {}
      }
    ]
  }
}