{
  "config": {
    "config_id": 8,
    "num_clients": 10,
    "num_rounds": 8,
    "num_byzantine": 2,
    "use_dp": true,
    "epsilon": 5.0,
    "delta": 1e-05,
    "use_fltrust": true,
    "use_topk": true,
    "topk_ratio": 0.1,
    "root_dataset_size": 1000,
    "rescale_to_ref_norm": false
  },
  "results": {
    "elapsed_seconds": 256.0454742908478,
    "noise_multiplier": 0.6396484375,
    "confusion_matrix": [
      [
        627,
        35,
        259,
        35,
        21,
        0,
        0,
        3,
        0,
        0
      ],
      [
        0,
        1099,
        12,
        23,
        0,
        0,
        0,
        1,
        0,
        0
      ],
      [
        12,
        108,
        782,
        84,
        38,
        0,
        0,
        8,
        0,
        0
      ],
      [
        0,
        49,
        84,
        853,
        8,
        0,
        0,
        16,
        0,
        0
      ],
      [
        0,
        19,
        24,
        15,
        881,
        0,
        0,
        43,
        0,
        0
      ],
      [
        20,
        121,
        79,
        493,
        142,
        0,
        0,
        37,
        0,
        0
      ],
      [
        2,
        62,
        620,
        62,
        130,
        0,
        81,
        1,
        0,
        0
      ],
      [
        3,
        82,
        36,
        22,
        68,
        0,
        0,
        817,
        0,
        0
      ],
      [
        4,
        121,
        229,
        501,
        86,
        0,
        0,
        27,
        6,
        0
      ],
      [
        2,
        22,
        33,
        55,
        626,
        0,
        0,
        271,
        0,
        0
      ]
    ],
    "per_class_scores": {
      "0": {
        "precision": 0.9358,
        "recall": 0.6398,
        "f1": 0.76
      },
      "1": {
        "precision": 0.6397,
        "recall": 0.9683,
        "f1": 0.7704
      },
      "2": {
        "precision": 0.3624,
        "recall": 0.7578,
        "f1": 0.4903
      },
      "3": {
        "precision": 0.398,
        "recall": 0.8446,
        "f1": 0.5411
      },
      "4": {
        "precision": 0.4405,
        "recall": 0.8971,
        "f1": 0.5909
      },
      "5": {
        "precision": 0.0,
        "recall": 0.0,
        "f1": 0.0
      },
      "6": {
        "precision": 1.0,
        "recall": 0.0846,
        "f1": 0.1559
      },
      "7": {
        "precision": 0.6675,
        "recall": 0.7947,
        "f1": 0.7256
      },
      "8": {
        "precision": 1.0,
        "recall": 0.0062,
        "f1": 0.0122
      },
      "9": {
        "precision": 0.0,
        "recall": 0.0,
        "f1": 0.0
      }
    },
    "per_round": [
      {
        "round": 1,
        "loss": 2.2859166437825458,
        "accuracy": 0.1532,
        "epsilon": 3.3163329313247574,
        "trust_scores": {
          "3702695256702761736": 0.0944,
          "12114734220353093047": 0.0894,
          "6251855935604837974": 0.0905,
          "16682479082373751969": 0.0823,
          "10092897769598681646": 0.0928,
          "16861701134767282438": 0.0803,
          "13171191776598750365": 0.0851,
          "17470169340052411882": 0.0848,
          "8580621203684144834": 0.0901,
          "12471028285251038650": 0.0728
        }
      },
      {
        "round": 2,
        "loss": 2.268819808959961,
        "accuracy": 0.2004,
        "epsilon": 3.67597295506474,
        "trust_scores": {
          "3702695256702761736": 0.1012,
          "12114734220353093047": 0.0909,
          "6251855935604837974": 0.0966,
          "16682479082373751969": 0.0878,
          "10092897769598681646": 0.0915,
          "16861701134767282438": 0.0839,
          "13171191776598750365": 0.0925,
          "17470169340052411882": 0.0925,
          "8580621203684144834": 0.0824,
          "12471028285251038650": 0.0662
        }
      },
      {
        "round": 3,
        "loss": 2.248713287682579,
        "accuracy": 0.2853,
        "epsilon": 3.955957794737051,
        "trust_scores": {
          "3702695256702761736": 0.0985,
          "12114734220353093047": 0.0942,
          "6251855935604837974": 0.1055,
          "16682479082373751969": 0.1029,
          "10092897769598681646": 0.0946,
          "16861701134767282438": 0.0982,
          "13171191776598750365": 0.0927,
          "17470169340052411882": 0.0935,
          "8580621203684144834": 0.1008,
          "12471028285251038650": 0.0792
        }
      },
      {
        "round": 4,
        "loss": 2.2254005628652846,
        "accuracy": 0.3501,
        "epsilon": 4.201516339344577,
        "trust_scores": {
          "3702695256702761736": 0.1051,
          "12114734220353093047": 0.1033,
          "6251855935604837974": 0.1077,
          "16682479082373751969": 0.1087,
          "10092897769598681646": 0.0977,
          "16861701134767282438": 0.1093,
          "13171191776598750365": 0.0953,
          "17470169340052411882": 0.1024,
          "8580621203684144834": 0.1091,
          "12471028285251038650": 0.0858
        }
      },
      {
        "round": 5,
        "loss": 2.1954788377109806,
        "accuracy": 0.4097,
        "epsilon": 4.419497586725848,
        "trust_scores": {
          "3702695256702761736": 0.1137,
          "12114734220353093047": 0.1145,
          "6251855935604837974": 0.1183,
          "16682479082373751969": 0.1121,
          "10092897769598681646": 0.1254,
          "16861701134767282438": 0.1197,
          "13171191776598750365": 0.1154,
          "17470169340052411882": 0.1145,
          "8580621203684144834": 0.1138,
          "12471028285251038650": 0.0902
        }
      },
      {
        "round": 6,
        "loss": 2.157383380225672,
        "accuracy": 0.4555,
        "epsilon": 4.622271726322694,
        "trust_scores": {
          "3702695256702761736": 0.1262,
          "12114734220353093047": 0.122,
          "6251855935604837974": 0.1341,
          "16682479082373751969": 0.1304,
          "10092897769598681646": 0.1189,
          "16861701134767282438": 0.1304,
          "13171191776598750365": 0.1329,
          "17470169340052411882": 0.128,
          "8580621203684144834": 0.1252,
          "12471028285251038650": 0.1088
        }
      },
      {
        "round": 7,
        "loss": 2.1095910140881524,
        "accuracy": 0.4919,
        "epsilon": 4.815250728895467,
        "trust_scores": {
          "3702695256702761736": 0.1488,
          "12114734220353093047": 0.1369,
          "6251855935604837974": 0.1506,
          "16682479082373751969": 0.1415,
          "10092897769598681646": 0.1335,
          "16861701134767282438": 0.1407,
          "13171191776598750365": 0.1425,
          "17470169340052411882": 0.136,
          "8580621203684144834": 0.1437,
          "12471028285251038650": 0.1141
        }
      },
      {
        "round": 8,
        "loss": 2.0509711778201996,
        "accuracy": 0.5146,
        "epsilon": 4.995908066782214,
        "trust_scores": {
          "3702695256702761736": 0.1541,
          "12114734220353093047": 0.1466,
          "6251855935604837974": 0.1666,
          "16682479082373751969": 0.1646,
          "10092897769598681646": 0.155,
          "16861701134767282438": 0.1561,
          "13171191776598750365": 0.1354,
          "17470169340052411882": 0.1461,
          "8580621203684144834": 0.1533,
          "12471028285251038650": 0.1235
        }
      }
    ]
  }
}