{
  "config": {
    "config_id": 2,
    "num_clients": 10,
    "num_rounds": 8,
    "num_byzantine": 2,
    "use_dp": true,
    "epsilon": 10.0,
    "delta": 1e-05,
    "use_fltrust": false,
    "use_topk": false,
    "topk_ratio": 0.1,
    "root_dataset_size": 1000,
    "rescale_to_ref_norm": false
  },
  "results": {
    "elapsed_seconds": 267.2915699481964,
    "noise_multiplier": 0.51849365234375,
    "confusion_matrix": [
      [
        944,
        3,
        0,
        1,
        0,
        0,
        25,
        4,
        3,
        0
      ],
      [
        0,
        1124,
        0,
        3,
        0,
        0,
        4,
        1,
        0,
        3
      ],
      [
        91,
        122,
        577,
        13,
        0,
        0,
        164,
        59,
        4,
        2
      ],
      [
        82,
        89,
        12,
        699,
        0,
        0,
        29,
        69,
        16,
        14
      ],
      [
        9,
        98,
        28,
        0,
        128,
        0,
        314,
        4,
        4,
        397
      ],
      [
        243,
        173,
        2,
        142,
        0,
        121,
        74,
        73,
        26,
        38
      ],
      [
        55,
        55,
        17,
        0,
        1,
        0,
        830,
        0,
        0,
        0
      ],
      [
        28,
        143,
        11,
        0,
        0,
        0,
        17,
        771,
        8,
        50
      ],
      [
        87,
        142,
        3,
        73,
        0,
        0,
        115,
        31,
        433,
        90
      ],
      [
        45,
        91,
        14,
        8,
        0,
        0,
        51,
        66,
        38,
        696
      ]
    ],
    "per_class_scores": {
      "0": {
        "precision": 0.596,
        "recall": 0.9633,
        "f1": 0.7363
      },
      "1": {
        "precision": 0.551,
        "recall": 0.9903,
        "f1": 0.708
      },
      "2": {
        "precision": 0.869,
        "recall": 0.5591,
        "f1": 0.6804
      },
      "3": {
        "precision": 0.7444,
        "recall": 0.6921,
        "f1": 0.7173
      },
      "4": {
        "precision": 0.9922,
        "recall": 0.1303,
        "f1": 0.2304
      },
      "5": {
        "precision": 1.0,
        "recall": 0.1357,
        "f1": 0.2389
      },
      "6": {
        "precision": 0.5114,
        "recall": 0.8664,
        "f1": 0.6432
      },
      "7": {
        "precision": 0.7152,
        "recall": 0.75,
        "f1": 0.7322
      },
      "8": {
        "precision": 0.8139,
        "recall": 0.4446,
        "f1": 0.575
      },
      "9": {
        "precision": 0.5395,
        "recall": 0.6898,
        "f1": 0.6055
      }
    },
    "per_round": [
      {
        "round": 1,
        "loss": 2.2825313132410994,
        "accuracy": 0.2942,
        "epsilon": 6.082541619760116,
        "trust_scores": {}
      },
      {
        "round": 2,
        "loss": 2.2606263236877635,
        "accuracy": 0.4206,
        "epsilon": 6.9455236094379735,
        "trust_scores": {}
      },
      {
        "round": 3,
        "loss": 2.232433321376959,
        "accuracy": 0.4608,
        "epsilon": 7.601888721722664,
        "trust_scores": {}
      },
      {
        "round": 4,
        "loss": 2.1946894848308625,
        "accuracy": 0.5242,
        "epsilon": 8.166418954278504,
        "trust_scores": {}
      },
      {
        "round": 5,
        "loss": 2.1438695645560855,
        "accuracy": 0.5565,
        "epsilon": 8.679804706177494,
        "trust_scores": {}
      },
      {
        "round": 6,
        "loss": 2.078517383279892,
        "accuracy": 0.5938,
        "epsilon": 9.135819034344706,
        "trust_scores": {}
      },
      {
        "round": 7,
        "loss": 1.996839615102774,
        "accuracy": 0.6072,
        "epsilon": 9.566189284796925,
        "trust_scores": {}
      },
      {
        "round": 8,
        "loss": 1.8986181664390687,
        "accuracy": 0.6323,
        "epsilon": 9.995739787666562,
        "trust_scores": {}
      }
    ]
  }
}