{
  "config": {
    "config_id": 8,
    "num_clients": 10,
    "num_rounds": 8,
    "num_byzantine": 2,
    "use_dp": true,
    "epsilon": 10.0,
    "delta": 1e-05,
    "use_fltrust": true,
    "use_topk": true,
    "topk_ratio": 0.1,
    "root_dataset_size": 1000,
    "rescale_to_ref_norm": false
  },
  "results": {
    "elapsed_seconds": 255.8067946434021,
    "noise_multiplier": 0.51849365234375,
    "confusion_matrix": [
      [
        767,
        57,
        0,
        137,
        0,
        0,
        9,
        1,
        9,
        0
      ],
      [
        0,
        1116,
        0,
        10,
        2,
        0,
        0,
        1,
        6,
        0
      ],
      [
        18,
        295,
        342,
        324,
        10,
        0,
        24,
        6,
        13,
        0
      ],
      [
        0,
        99,
        1,
        879,
        5,
        0,
        0,
        20,
        6,
        0
      ],
      [
        2,
        192,
        0,
        2,
        759,
        0,
        20,
        3,
        4,
        0
      ],
      [
        2,
        184,
        0,
        504,
        58,
        0,
        2,
        11,
        131,
        0
      ],
      [
        29,
        189,
        2,
        46,
        7,
        0,
        673,
        0,
        12,
        0
      ],
      [
        0,
        238,
        0,
        13,
        11,
        0,
        0,
        748,
        18,
        0
      ],
      [
        0,
        169,
        0,
        433,
        28,
        0,
        0,
        15,
        329,
        0
      ],
      [
        4,
        231,
        2,
        35,
        453,
        0,
        10,
        252,
        22,
        0
      ]
    ],
    "per_class_scores": {
      "0": {
        "precision": 0.9331,
        "recall": 0.7827,
        "f1": 0.8513
      },
      "1": {
        "precision": 0.4029,
        "recall": 0.9833,
        "f1": 0.5716
      },
      "2": {
        "precision": 0.9856,
        "recall": 0.3314,
        "f1": 0.496
      },
      "3": {
        "precision": 0.3689,
        "recall": 0.8703,
        "f1": 0.5181
      },
      "4": {
        "precision": 0.5694,
        "recall": 0.7729,
        "f1": 0.6557
      },
      "5": {
        "precision": 0.0,
        "recall": 0.0,
        "f1": 0.0
      },
      "6": {
        "precision": 0.9119,
        "recall": 0.7025,
        "f1": 0.7936
      },
      "7": {
        "precision": 0.7077,
        "recall": 0.7276,
        "f1": 0.7175
      },
      "8": {
        "precision": 0.5982,
        "recall": 0.3378,
        "f1": 0.4318
      },
      "9": {
        "precision": 0.0,
        "recall": 0.0,
        "f1": 0.0
      }
    },
    "per_round": [
      {
        "round": 1,
        "loss": 2.2916025247055885,
        "accuracy": 0.0985,
        "epsilon": 6.082541619760116,
        "trust_scores": {
          "878982945783130960": 0.1047,
          "16822217019871373776": 0.1174,
          "18369458963404536459": 0.1214,
          "842783172389051497": 0.1135,
          "9019721547854173046": 0.1259,
          "2469572787683680709": 0.1141,
          "5286778726480175299": 0.1212,
          "1624904928591060734": 0.1219,
          "8894327986587704287": 0.116,
          "8243869979253159823": 0.1264
        }
      },
      {
        "round": 2,
        "loss": 2.274405500759332,
        "accuracy": 0.2193,
        "epsilon": 6.9455236094379735,
        "trust_scores": {
          "878982945783130960": 0.0968,
          "16822217019871373776": 0.1259,
          "18369458963404536459": 0.1201,
          "842783172389051497": 0.1199,
          "9019721547854173046": 0.1255,
          "2469572787683680709": 0.1211,
          "5286778726480175299": 0.1247,
          "1624904928591060734": 0.1306,
          "8894327986587704287": 0.1247,
          "8243869979253159823": 0.1242
        }
      },
      {
        "round": 3,
        "loss": 2.2553357224875747,
        "accuracy": 0.2374,
        "epsilon": 7.601888721722664,
        "trust_scores": {
          "878982945783130960": 0.0965,
          "16822217019871373776": 0.1293,
          "18369458963404536459": 0.1265,
          "842783172389051497": 0.1304,
          "9019721547854173046": 0.1221,
          "2469572787683680709": 0.1238,
          "5286778726480175299": 0.129,
          "1624904928591060734": 0.1181,
          "8894327986587704287": 0.1334,
          "8243869979253159823": 0.1314
        }
      },
      {
        "round": 4,
        "loss": 2.2323132863821695,
        "accuracy": 0.2932,
        "epsilon": 8.166418954278504,
        "trust_scores": {
          "878982945783130960": 0.1061,
          "16822217019871373776": 0.1387,
          "18369458963404536459": 0.1311,
          "842783172389051497": 0.1393,
          "9019721547854173046": 0.1369,
          "2469572787683680709": 0.1354,
          "5286778726480175299": 0.1301,
          "1624904928591060734": 0.1309,
          "8894327986587704287": 0.1389,
          "8243869979253159823": 0.1418
        }
      },
      {
        "round": 5,
        "loss": 2.204298986794469,
        "accuracy": 0.3997,
        "epsilon": 8.679804706177494,
        "trust_scores": {
          "878982945783130960": 0.0997,
          "16822217019871373776": 0.1462,
          "18369458963404536459": 0.1417,
          "842783172389051497": 0.1423,
          "9019721547854173046": 0.151,
          "2469572787683680709": 0.1415,
          "5286778726480175299": 0.1418,
          "1624904928591060734": 0.1408,
          "8894327986587704287": 0.1402,
          "8243869979253159823": 0.1524
        }
      },
      {
        "round": 6,
        "loss": 2.1694791408392566,
        "accuracy": 0.4756,
        "epsilon": 9.135819034344706,
        "trust_scores": {
          "878982945783130960": 0.1089,
          "16822217019871373776": 0.1604,
          "18369458963404536459": 0.1605,
          "842783172389051497": 0.152,
          "9019721547854173046": 0.1577,
          "2469572787683680709": 0.1516,
          "5286778726480175299": 0.1689,
          "1624904928591060734": 0.1526,
          "8894327986587704287": 0.1659,
          "8243869979253159823": 0.1626
        }
      },
      {
        "round": 7,
        "loss": 2.1270021257309106,
        "accuracy": 0.5247,
        "epsilon": 9.566189284796925,
        "trust_scores": {
          "878982945783130960": 0.1193,
          "16822217019871373776": 0.1751,
          "18369458963404536459": 0.1634,
          "842783172389051497": 0.1737,
          "9019721547854173046": 0.1628,
          "2469572787683680709": 0.1795,
          "5286778726480175299": 0.1706,
          "1624904928591060734": 0.1722,
          "8894327986587704287": 0.1709,
          "8243869979253159823": 0.1743
        }
      },
      {
        "round": 8,
        "loss": 2.0755194882615307,
        "accuracy": 0.5613,
        "epsilon": 9.995739787666562,
        "trust_scores": {
          "878982945783130960": 0.121,
          "16822217019871373776": 0.1623,
          "18369458963404536459": 0.1887,
          "842783172389051497": 0.1845,
          "9019721547854173046": 0.1906,
          "2469572787683680709": 0.1746,
          "5286778726480175299": 0.1744,
          "1624904928591060734": 0.1761,
          "8894327986587704287": 0.1839,
          "8243869979253159823": 0.1853
        }
      }
    ]
  }
}