{
  "config": {
    "config_id": 5,
    "num_clients": 10,
    "num_rounds": 8,
    "num_byzantine": 2,
    "use_dp": true,
    "epsilon": 1.0,
    "delta": 1e-05,
    "use_fltrust": true,
    "use_topk": false,
    "topk_ratio": 0.1,
    "root_dataset_size": 1000,
    "rescale_to_ref_norm": false
  },
  "results": {
    "elapsed_seconds": 259.74121141433716,
    "noise_multiplier": 1.181640625,
    "confusion_matrix": [
      [
        946,
        11,
        0,
        18,
        2,
        0,
        0,
        1,
        2,
        0
      ],
      [
        0,
        1130,
        0,
        4,
        0,
        0,
        1,
        0,
        0,
        0
      ],
      [
        166,
        320,
        355,
        149,
        34,
        0,
        3,
        2,
        1,
        2
      ],
      [
        68,
        165,
        3,
        749,
        9,
        1,
        3,
        2,
        8,
        2
      ],
      [
        25,
        99,
        0,
        3,
        776,
        0,
        5,
        0,
        2,
        72
      ],
      [
        193,
        237,
        0,
        157,
        129,
        34,
        6,
        0,
        104,
        32
      ],
      [
        162,
        143,
        1,
        4,
        79,
        0,
        560,
        0,
        9,
        0
      ],
      [
        28,
        258,
        5,
        23,
        26,
        0,
        0,
        462,
        6,
        220
      ],
      [
        127,
        265,
        0,
        131,
        66,
        1,
        6,
        5,
        343,
        30
      ],
      [
        45,
        122,
        0,
        9,
        216,
        0,
        0,
        5,
        10,
        602
      ]
    ],
    "per_class_scores": {
      "0": {
        "precision": 0.5375,
        "recall": 0.9653,
        "f1": 0.6905
      },
      "1": {
        "precision": 0.4109,
        "recall": 0.9956,
        "f1": 0.5817
      },
      "2": {
        "precision": 0.9753,
        "recall": 0.344,
        "f1": 0.5086
      },
      "3": {
        "precision": 0.6006,
        "recall": 0.7416,
        "f1": 0.6637
      },
      "4": {
        "precision": 0.5804,
        "recall": 0.7902,
        "f1": 0.6693
      },
      "5": {
        "precision": 0.9444,
        "recall": 0.0381,
        "f1": 0.0733
      },
      "6": {
        "precision": 0.9589,
        "recall": 0.5846,
        "f1": 0.7263
      },
      "7": {
        "precision": 0.9686,
        "recall": 0.4494,
        "f1": 0.614
      },
      "8": {
        "precision": 0.7072,
        "recall": 0.3522,
        "f1": 0.4702
      },
      "9": {
        "precision": 0.6271,
        "recall": 0.5966,
        "f1": 0.6115
      }
    },
    "per_round": [
      {
        "round": 1,
        "loss": 2.2892860216073716,
        "accuracy": 0.1407,
        "epsilon": 0.6592539156274559,
        "trust_scores": {
          "6113345087818133209": 0.0501,
          "16152758587315352157": 0.0561,
          "7638117328953219519": 0.0511,
          "9613798033461054580": 0.0432,
          "3317214129511443649": 0.0469,
          "14808382964897602610": 0.0395,
          "9000645201554101267": 0.0564,
          "4589011819171617677": 0.048,
          "17682444962382106385": 0.0506,
          "17304609941211537122": 0.0552
        }
      },
      {
        "round": 2,
        "loss": 2.270103908575381,
        "accuracy": 0.1403,
        "epsilon": 0.7100105622274823,
        "trust_scores": {
          "6113345087818133209": 0.048,
          "16152758587315352157": 0.0598,
          "7638117328953219519": 0.056,
          "9613798033461054580": 0.0454,
          "3317214129511443649": 0.0564,
          "14808382964897602610": 0.0431,
          "9000645201554101267": 0.0509,
          "4589011819171617677": 0.0542,
          "17682444962382106385": 0.0492,
          "17304609941211537122": 0.0507
        }
      },
      {
        "round": 3,
        "loss": 2.2454517573213426,
        "accuracy": 0.2042,
        "epsilon": 0.7607672088275083,
        "trust_scores": {
          "6113345087818133209": 0.0606,
          "16152758587315352157": 0.0592,
          "7638117328953219519": 0.0596,
          "9613798033461054580": 0.0417,
          "3317214129511443649": 0.0557,
          "14808382964897602610": 0.0451,
          "9000645201554101267": 0.0617,
          "4589011819171617677": 0.0584,
          "17682444962382106385": 0.058,
          "17304609941211537122": 0.0554
        }
      },
      {
        "round": 4,
        "loss": 2.21155969098734,
        "accuracy": 0.2862,
        "epsilon": 0.8115238554275346,
        "trust_scores": {
          "6113345087818133209": 0.0687,
          "16152758587315352157": 0.0645,
          "7638117328953219519": 0.0622,
          "9613798033461054580": 0.0484,
          "3317214129511443649": 0.0704,
          "14808382964897602610": 0.0522,
          "9000645201554101267": 0.0607,
          "4589011819171617677": 0.0644,
          "17682444962382106385": 0.0643,
          "17304609941211537122": 0.0664
        }
      },
      {
        "round": 5,
        "loss": 2.1634512107593182,
        "accuracy": 0.3488,
        "epsilon": 0.8622805020275608,
        "trust_scores": {
          "6113345087818133209": 0.0737,
          "16152758587315352157": 0.0733,
          "7638117328953219519": 0.0746,
          "9613798033461054580": 0.0628,
          "3317214129511443649": 0.0723,
          "14808382964897602610": 0.0606,
          "9000645201554101267": 0.078,
          "4589011819171617677": 0.0789,
          "17682444962382106385": 0.0734,
          "17304609941211537122": 0.0694
        }
      },
      {
        "round": 6,
        "loss": 2.098163183504781,
        "accuracy": 0.4476,
        "epsilon": 0.9090267938445136,
        "trust_scores": {
          "6113345087818133209": 0.0776,
          "16152758587315352157": 0.0873,
          "7638117328953219519": 0.084,
          "9613798033461054580": 0.0698,
          "3317214129511443649": 0.079,
          "14808382964897602610": 0.0623,
          "9000645201554101267": 0.0831,
          "4589011819171617677": 0.0857,
          "17682444962382106385": 0.0804,
          "17304609941211537122": 0.0821
        }
      },
      {
        "round": 7,
        "loss": 2.013169138576276,
        "accuracy": 0.5501,
        "epsilon": 0.9495942648265677,
        "trust_scores": {
          "6113345087818133209": 0.0815,
          "16152758587315352157": 0.0881,
          "7638117328953219519": 0.0858,
          "9613798033461054580": 0.0694,
          "3317214129511443649": 0.0862,
          "14808382964897602610": 0.0673,
          "9000645201554101267": 0.0869,
          "4589011819171617677": 0.0824,
          "17682444962382106385": 0.0868,
          "17304609941211537122": 0.0911
        }
      },
      {
        "round": 8,
        "loss": 1.9034456216489164,
        "accuracy": 0.5957,
        "epsilon": 0.9901617358086221,
        "trust_scores": {
          "6113345087818133209": 0.0924,
          "16152758587315352157": 0.093,
          "7638117328953219519": 0.0944,
          "9613798033461054580": 0.0776,
          "3317214129511443649": 0.0889,
          "14808382964897602610": 0.0759,
          "9000645201554101267": 0.0984,
          "4589011819171617677": 0.0921,
          "17682444962382106385": 0.0916,
          "17304609941211537122": 0.0867
        }
      }
    ]
  }
}