{
  "config": {
    "config_id": 8,
    "num_clients": 10,
    "num_rounds": 8,
    "num_byzantine": 2,
    "use_dp": true,
    "epsilon": 10.0,
    "delta": 1e-05,
    "use_fltrust": true,
    "use_topk": true,
    "topk_ratio": 0.01,
    "root_dataset_size": 1000,
    "rescale_to_ref_norm": false
  },
  "results": {
    "elapsed_seconds": 260.0824089050293,
    "noise_multiplier": 0.51849365234375,
    "confusion_matrix": [
      [
        274,
        71,
        0,
        0,
        0,
        0,
        0,
        635,
        0,
        0
      ],
      [
        0,
        1097,
        0,
        0,
        0,
        0,
        0,
        38,
        0,
        0
      ],
      [
        2,
        404,
        1,
        0,
        2,
        0,
        0,
        623,
        0,
        0
      ],
      [
        24,
        362,
        0,
        0,
        0,
        0,
        0,
        624,
        0,
        0
      ],
      [
        0,
        344,
        0,
        0,
        0,
        0,
        0,
        638,
        0,
        0
      ],
      [
        15,
        396,
        0,
        0,
        1,
        0,
        0,
        480,
        0,
        0
      ],
      [
        8,
        268,
        0,
        0,
        0,
        0,
        0,
        682,
        0,
        0
      ],
      [
        0,
        542,
        0,
        0,
        0,
        0,
        0,
        486,
        0,
        0
      ],
      [
        3,
        479,
        0,
        0,
        0,
        0,
        0,
        492,
        0,
        0
      ],
      [
        0,
        447,
        0,
        0,
        3,
        0,
        0,
        559,
        0,
        0
      ]
    ],
    "per_class_scores": {
      "0": {
        "precision": 0.8405,
        "recall": 0.2796,
        "f1": 0.4196
      },
      "1": {
        "precision": 0.2488,
        "recall": 0.9665,
        "f1": 0.3957
      },
      "2": {
        "precision": 1.0,
        "recall": 0.001,
        "f1": 0.0019
      },
      "3": {
        "precision": 0.0,
        "recall": 0.0,
        "f1": 0.0
      },
      "4": {
        "precision": 0.0,
        "recall": 0.0,
        "f1": 0.0
      },
      "5": {
        "precision": 0.0,
        "recall": 0.0,
        "f1": 0.0
      },
      "6": {
        "precision": 0.0,
        "recall": 0.0,
        "f1": 0.0
      },
      "7": {
        "precision": 0.0924,
        "recall": 0.4728,
        "f1": 0.1547
      },
      "8": {
        "precision": 0.0,
        "recall": 0.0,
        "f1": 0.0
      },
      "9": {
        "precision": 0.0,
        "recall": 0.0,
        "f1": 0.0
      }
    },
    "per_round": [
      {
        "round": 1,
        "loss": 2.299711585425721,
        "accuracy": 0.1856,
        "epsilon": 6.082541619760116,
        "trust_scores": {
          "5276203032159727062": 0.0505,
          "11872890208367184739": 0.0438,
          "6949479661326927450": 0.0451,
          "4344155732892980289": 0.0465,
          "9378931237333491484": 0.0489,
          "6782236631627379309": 0.0506,
          "9926846055456667772": 0.0451,
          "9479649311346439700": 0.0389,
          "9506502538436485821": 0.0394,
          "9825249955827315178": 0.0527
        }
      },
      {
        "round": 2,
        "loss": 2.2968368416015332,
        "accuracy": 0.2165,
        "epsilon": 6.9455236094379735,
        "trust_scores": {
          "5276203032159727062": 0.0497,
          "11872890208367184739": 0.0444,
          "6949479661326927450": 0.0322,
          "4344155732892980289": 0.0423,
          "9378931237333491484": 0.0487,
          "6782236631627379309": 0.0513,
          "9926846055456667772": 0.0594,
          "9479649311346439700": 0.0323,
          "9506502538436485821": 0.0332,
          "9825249955827315178": 0.0519
        }
      },
      {
        "round": 3,
        "loss": 2.2939205680030605,
        "accuracy": 0.2125,
        "epsilon": 7.601888721722664,
        "trust_scores": {
          "5276203032159727062": 0.0529,
          "11872890208367184739": 0.0436,
          "6949479661326927450": 0.0395,
          "4344155732892980289": 0.0541,
          "9378931237333491484": 0.0523,
          "6782236631627379309": 0.0419,
          "9926846055456667772": 0.0478,
          "9479649311346439700": 0.0374,
          "9506502538436485821": 0.0387,
          "9825249955827315178": 0.0463
        }
      },
      {
        "round": 4,
        "loss": 2.2909481342608173,
        "accuracy": 0.2025,
        "epsilon": 8.166418954278504,
        "trust_scores": {
          "5276203032159727062": 0.0565,
          "11872890208367184739": 0.0419,
          "6949479661326927450": 0.0411,
          "4344155732892980289": 0.0467,
          "9378931237333491484": 0.0521,
          "6782236631627379309": 0.0527,
          "9926846055456667772": 0.0489,
          "9479649311346439700": 0.0364,
          "9506502538436485821": 0.0408,
          "9825249955827315178": 0.0448
        }
      },
      {
        "round": 5,
        "loss": 2.2879785874400276,
        "accuracy": 0.1978,
        "epsilon": 8.679804706177494,
        "trust_scores": {
          "5276203032159727062": 0.0497,
          "11872890208367184739": 0.0443,
          "6949479661326927450": 0.0396,
          "4344155732892980289": 0.05,
          "9378931237333491484": 0.0557,
          "6782236631627379309": 0.053,
          "9926846055456667772": 0.0481,
          "9479649311346439700": 0.04,
          "9506502538436485821": 0.0314,
          "9825249955827315178": 0.0511
        }
      },
      {
        "round": 6,
        "loss": 2.2851316342338586,
        "accuracy": 0.1895,
        "epsilon": 9.135819034344706,
        "trust_scores": {
          "5276203032159727062": 0.0448,
          "11872890208367184739": 0.0465,
          "6949479661326927450": 0.047,
          "4344155732892980289": 0.0496,
          "9378931237333491484": 0.0432,
          "6782236631627379309": 0.0467,
          "9926846055456667772": 0.0477,
          "9479649311346439700": 0.0443,
          "9506502538436485821": 0.0405,
          "9825249955827315178": 0.049
        }
      },
      {
        "round": 7,
        "loss": 2.2820896393955707,
        "accuracy": 0.1834,
        "epsilon": 9.566189284796925,
        "trust_scores": {
          "5276203032159727062": 0.0542,
          "11872890208367184739": 0.0531,
          "6949479661326927450": 0.0469,
          "4344155732892980289": 0.0407,
          "9378931237333491484": 0.0558,
          "6782236631627379309": 0.0476,
          "9926846055456667772": 0.0554,
          "9479649311346439700": 0.0435,
          "9506502538436485821": 0.0428,
          "9825249955827315178": 0.0416
        }
      },
      {
        "round": 8,
        "loss": 2.2788253508436793,
        "accuracy": 0.1858,
        "epsilon": 9.995739787666562,
        "trust_scores": {
          "5276203032159727062": 0.0565,
          "11872890208367184739": 0.0527,
          "6949479661326927450": 0.0406,
          "4344155732892980289": 0.0434,
          "9378931237333491484": 0.0527,
          "6782236631627379309": 0.0415,
          "9926846055456667772": 0.0519,
          "9479649311346439700": 0.0397,
          "9506502538436485821": 0.0447,
          "9825249955827315178": 0.0479
        }
      }
    ]
  }
}