{
  "config": {
    "config_id": 8,
    "num_clients": 10,
    "num_rounds": 8,
    "num_byzantine": 2,
    "use_dp": true,
    "epsilon": 1.0,
    "delta": 1e-05,
    "use_fltrust": true,
    "use_topk": true,
    "topk_ratio": 0.1,
    "root_dataset_size": 1000,
    "rescale_to_ref_norm": false
  },
  "results": {
    "elapsed_seconds": 255.76157569885254,
    "noise_multiplier": 1.181640625,
    "confusion_matrix": [
      [
        924,
        55,
        0,
        0,
        0,
        0,
        1,
        0,
        0,
        0
      ],
      [
        0,
        1135,
        0,
        0,
        0,
        0,
        0,
        0,
        0,
        0
      ],
      [
        147,
        881,
        1,
        0,
        0,
        0,
        0,
        3,
        0,
        0
      ],
      [
        110,
        892,
        0,
        2,
        0,
        0,
        0,
        6,
        0,
        0
      ],
      [
        189,
        752,
        0,
        0,
        8,
        0,
        3,
        27,
        0,
        3
      ],
      [
        181,
        708,
        0,
        0,
        0,
        0,
        0,
        2,
        0,
        1
      ],
      [
        346,
        577,
        0,
        0,
        1,
        0,
        34,
        0,
        0,
        0
      ],
      [
        85,
        761,
        0,
        0,
        0,
        0,
        0,
        182,
        0,
        0
      ],
      [
        105,
        866,
        0,
        0,
        0,
        0,
        0,
        2,
        0,
        1
      ],
      [
        114,
        839,
        0,
        0,
        0,
        0,
        0,
        41,
        0,
        15
      ]
    ],
    "per_class_scores": {
      "0": {
        "precision": 0.4198,
        "recall": 0.9429,
        "f1": 0.5809
      },
      "1": {
        "precision": 0.152,
        "recall": 1.0,
        "f1": 0.2639
      },
      "2": {
        "precision": 1.0,
        "recall": 0.001,
        "f1": 0.0019
      },
      "3": {
        "precision": 1.0,
        "recall": 0.002,
        "f1": 0.004
      },
      "4": {
        "precision": 0.8889,
        "recall": 0.0081,
        "f1": 0.0161
      },
      "5": {
        "precision": 0.0,
        "recall": 0.0,
        "f1": 0.0
      },
      "6": {
        "precision": 0.8947,
        "recall": 0.0355,
        "f1": 0.0683
      },
      "7": {
        "precision": 0.692,
        "recall": 0.177,
        "f1": 0.282
      },
      "8": {
        "precision": 0.0,
        "recall": 0.0,
        "f1": 0.0
      },
      "9": {
        "precision": 0.75,
        "recall": 0.0149,
        "f1": 0.0292
      }
    },
    "per_round": [
      {
        "round": 1,
        "loss": 2.2943826270179626,
        "accuracy": 0.1252,
        "epsilon": 0.6592539156274559,
        "trust_scores": {
          "9181740210385367805": 0.0357,
          "9354703345917535815": 0.0323,
          "11353692568198620895": 0.033,
          "12331166183804528202": 0.0417,
          "5492720067158242877": 0.0366,
          "8968074849507685036": 0.0371,
          "558046365332423994": 0.0418,
          "16317098961207251800": 0.0401,
          "1878766769049343703": 0.0359,
          "9232617660397760137": 0.0372
        }
      },
      {
        "round": 2,
        "loss": 2.2865504014987152,
        "accuracy": 0.119,
        "epsilon": 0.7100105622274823,
        "trust_scores": {
          "9181740210385367805": 0.025,
          "9354703345917535815": 0.0321,
          "11353692568198620895": 0.0345,
          "12331166183804528202": 0.0289,
          "5492720067158242877": 0.0306,
          "8968074849507685036": 0.0297,
          "558046365332423994": 0.027,
          "16317098961207251800": 0.0294,
          "1878766769049343703": 0.0315,
          "9232617660397760137": 0.0295
        }
      },
      {
        "round": 3,
        "loss": 2.279559452312823,
        "accuracy": 0.1365,
        "epsilon": 0.7607672088275083,
        "trust_scores": {
          "9181740210385367805": 0.0289,
          "9354703345917535815": 0.0263,
          "11353692568198620895": 0.0268,
          "12331166183804528202": 0.023,
          "5492720067158242877": 0.0294,
          "8968074849507685036": 0.026,
          "558046365332423994": 0.0309,
          "16317098961207251800": 0.0224,
          "1878766769049343703": 0.0294,
          "9232617660397760137": 0.0313
        }
      },
      {
        "round": 4,
        "loss": 2.271774100800292,
        "accuracy": 0.1612,
        "epsilon": 0.8115238554275346,
        "trust_scores": {
          "9181740210385367805": 0.0251,
          "9354703345917535815": 0.0316,
          "11353692568198620895": 0.0337,
          "12331166183804528202": 0.0301,
          "5492720067158242877": 0.0272,
          "8968074849507685036": 0.0323,
          "558046365332423994": 0.027,
          "16317098961207251800": 0.0189,
          "1878766769049343703": 0.027,
          "9232617660397760137": 0.0333
        }
      },
      {
        "round": 5,
        "loss": 2.262913802942148,
        "accuracy": 0.1817,
        "epsilon": 0.8622805020275608,
        "trust_scores": {
          "9181740210385367805": 0.0303,
          "9354703345917535815": 0.0368,
          "11353692568198620895": 0.0275,
          "12331166183804528202": 0.0336,
          "5492720067158242877": 0.0297,
          "8968074849507685036": 0.0252,
          "558046365332423994": 0.0282,
          "16317098961207251800": 0.022,
          "1878766769049343703": 0.0247,
          "9232617660397760137": 0.0297
        }
      },
      {
        "round": 6,
        "loss": 2.253136774983269,
        "accuracy": 0.1949,
        "epsilon": 0.9090267938445136,
        "trust_scores": {
          "9181740210385367805": 0.0345,
          "9354703345917535815": 0.0323,
          "11353692568198620895": 0.0378,
          "12331166183804528202": 0.0263,
          "5492720067158242877": 0.0311,
          "8968074849507685036": 0.035,
          "558046365332423994": 0.03,
          "16317098961207251800": 0.0281,
          "1878766769049343703": 0.0313,
          "9232617660397760137": 0.0321
        }
      },
      {
        "round": 7,
        "loss": 2.242066579124036,
        "accuracy": 0.2066,
        "epsilon": 0.9495942648265677,
        "trust_scores": {
          "9181740210385367805": 0.0374,
          "9354703345917535815": 0.0322,
          "11353692568198620895": 0.0375,
          "12331166183804528202": 0.0352,
          "5492720067158242877": 0.0277,
          "8968074849507685036": 0.0386,
          "558046365332423994": 0.0352,
          "16317098961207251800": 0.0314,
          "1878766769049343703": 0.0279,
          "9232617660397760137": 0.0331
        }
      },
      {
        "round": 8,
        "loss": 2.2290672478965297,
        "accuracy": 0.2301,
        "epsilon": 0.9901617358086221,
        "trust_scores": {
          "9181740210385367805": 0.0391,
          "9354703345917535815": 0.0336,
          "11353692568198620895": 0.0387,
          "12331166183804528202": 0.0392,
          "5492720067158242877": 0.0389,
          "8968074849507685036": 0.0339,
          "558046365332423994": 0.0344,
          "16317098961207251800": 0.0334,
          "1878766769049343703": 0.0341,
          "9232617660397760137": 0.0382
        }
      }
    ]
  }
}