{
  "config": {
    "config_id": 6,
    "num_clients": 10,
    "num_rounds": 8,
    "num_byzantine": 2,
    "use_dp": true,
    "epsilon": 10.0,
    "delta": 1e-05,
    "use_fltrust": false,
    "use_topk": true,
    "topk_ratio": 0.1,
    "root_dataset_size": 1000,
    "rescale_to_ref_norm": false
  },
  "results": {
    "elapsed_seconds": 257.47585272789,
    "noise_multiplier": 0.51849365234375,
    "confusion_matrix": [
      [
        907,
        3,
        0,
        54,
        1,
        13,
        0,
        2,
        0,
        0
      ],
      [
        0,
        1123,
        0,
        7,
        0,
        5,
        0,
        0,
        0,
        0
      ],
      [
        126,
        53,
        296,
        362,
        16,
        143,
        6,
        28,
        0,
        2
      ],
      [
        9,
        31,
        1,
        930,
        0,
        25,
        0,
        13,
        0,
        1
      ],
      [
        10,
        211,
        3,
        208,
        382,
        7,
        5,
        121,
        0,
        35
      ],
      [
        83,
        113,
        0,
        437,
        1,
        251,
        0,
        2,
        1,
        4
      ],
      [
        153,
        91,
        30,
        112,
        15,
        164,
        389,
        4,
        0,
        0
      ],
      [
        7,
        91,
        3,
        81,
        0,
        0,
        0,
        846,
        0,
        0
      ],
      [
        62,
        79,
        0,
        762,
        1,
        52,
        0,
        9,
        8,
        1
      ],
      [
        33,
        78,
        2,
        497,
        4,
        0,
        0,
        152,
        0,
        243
      ]
    ],
    "per_class_scores": {
      "0": {
        "precision": 0.6525,
        "recall": 0.9255,
        "f1": 0.7654
      },
      "1": {
        "precision": 0.5996,
        "recall": 0.9894,
        "f1": 0.7467
      },
      "2": {
        "precision": 0.8836,
        "recall": 0.2868,
        "f1": 0.4331
      },
      "3": {
        "precision": 0.2696,
        "recall": 0.9208,
        "f1": 0.417
      },
      "4": {
        "precision": 0.9095,
        "recall": 0.389,
        "f1": 0.5449
      },
      "5": {
        "precision": 0.3803,
        "recall": 0.2814,
        "f1": 0.3235
      },
      "6": {
        "precision": 0.9725,
        "recall": 0.4061,
        "f1": 0.5729
      },
      "7": {
        "precision": 0.7188,
        "recall": 0.823,
        "f1": 0.7673
      },
      "8": {
        "precision": 0.8889,
        "recall": 0.0082,
        "f1": 0.0163
      },
      "9": {
        "precision": 0.8497,
        "recall": 0.2408,
        "f1": 0.3753
      }
    },
    "per_round": [
      {
        "round": 1,
        "loss": 2.295783987441383,
        "accuracy": 0.1144,
        "epsilon": 6.082541619760116,
        "trust_scores": {}
      },
      {
        "round": 2,
        "loss": 2.2811752698672847,
        "accuracy": 0.1223,
        "epsilon": 6.9455236094379735,
        "trust_scores": {}
      },
      {
        "round": 3,
        "loss": 2.2637410826576403,
        "accuracy": 0.1353,
        "epsilon": 7.601888721722664,
        "trust_scores": {}
      },
      {
        "round": 4,
        "loss": 2.242066641585134,
        "accuracy": 0.2347,
        "epsilon": 8.166418954278504,
        "trust_scores": {}
      },
      {
        "round": 5,
        "loss": 2.214189604067574,
        "accuracy": 0.2943,
        "epsilon": 8.679804706177494,
        "trust_scores": {}
      },
      {
        "round": 6,
        "loss": 2.1790031762168813,
        "accuracy": 0.3756,
        "epsilon": 9.135819034344706,
        "trust_scores": {}
      },
      {
        "round": 7,
        "loss": 2.1332637006863235,
        "accuracy": 0.4581,
        "epsilon": 9.566189284796925,
        "trust_scores": {}
      },
      {
        "round": 8,
        "loss": 2.076016195665914,
        "accuracy": 0.5375,
        "epsilon": 9.995739787666562,
        "trust_scores": {}
      }
    ]
  }
}