{
  "config": {
    "config_id": 6,
    "num_clients": 10,
    "num_rounds": 8,
    "num_byzantine": 2,
    "use_dp": true,
    "epsilon": 1.0,
    "delta": 1e-05,
    "use_fltrust": false,
    "use_topk": true,
    "topk_ratio": 0.01,
    "root_dataset_size": 1000,
    "rescale_to_ref_norm": false
  },
  "results": {
    "elapsed_seconds": 256.09754967689514,
    "noise_multiplier": 1.181640625,
    "confusion_matrix": [
      [
        0,
        16,
        324,
        3,
        521,
        0,
        0,
        116,
        0,
        0
      ],
      [
        0,
        327,
        2,
        0,
        806,
        0,
        0,
        0,
        0,
        0
      ],
      [
        0,
        209,
        340,
        0,
        480,
        0,
        0,
        3,
        0,
        0
      ],
      [
        0,
        136,
        41,
        8,
        814,
        0,
        0,
        11,
        0,
        0
      ],
      [
        0,
        3,
        190,
        0,
        785,
        0,
        0,
        4,
        0,
        0
      ],
      [
        0,
        58,
        96,
        0,
        717,
        0,
        0,
        21,
        0,
        0
      ],
      [
        0,
        11,
        518,
        0,
        426,
        0,
        0,
        3,
        0,
        0
      ],
      [
        0,
        58,
        313,
        0,
        528,
        0,
        0,
        129,
        0,
        0
      ],
      [
        0,
        160,
        134,
        0,
        646,
        0,
        0,
        34,
        0,
        0
      ],
      [
        0,
        23,
        428,
        0,
        512,
        0,
        0,
        46,
        0,
        0
      ]
    ],
    "per_class_scores": {
      "0": {
        "precision": 0.0,
        "recall": 0.0,
        "f1": 0.0
      },
      "1": {
        "precision": 0.3267,
        "recall": 0.2881,
        "f1": 0.3062
      },
      "2": {
        "precision": 0.1425,
        "recall": 0.3295,
        "f1": 0.1989
      },
      "3": {
        "precision": 0.7273,
        "recall": 0.0079,
        "f1": 0.0157
      },
      "4": {
        "precision": 0.1259,
        "recall": 0.7994,
        "f1": 0.2175
      },
      "5": {
        "precision": 0.0,
        "recall": 0.0,
        "f1": 0.0
      },
      "6": {
        "precision": 0.0,
        "recall": 0.0,
        "f1": 0.0
      },
      "7": {
        "precision": 0.3515,
        "recall": 0.1255,
        "f1": 0.1849
      },
      "8": {
        "precision": 0.0,
        "recall": 0.0,
        "f1": 0.0
      },
      "9": {
        "precision": 0.0,
        "recall": 0.0,
        "f1": 0.0
      }
    },
    "per_round": [
      {
        "round": 1,
        "loss": 2.305196300482217,
        "accuracy": 0.121,
        "epsilon": 0.6592539156274559,
        "trust_scores": {}
      },
      {
        "round": 2,
        "loss": 2.302514541644258,
        "accuracy": 0.1208,
        "epsilon": 0.7100105622274823,
        "trust_scores": {}
      },
      {
        "round": 3,
        "loss": 2.299916795267465,
        "accuracy": 0.1226,
        "epsilon": 0.7607672088275083,
        "trust_scores": {}
      },
      {
        "round": 4,
        "loss": 2.2972828709660247,
        "accuracy": 0.1262,
        "epsilon": 0.8115238554275346,
        "trust_scores": {}
      },
      {
        "round": 5,
        "loss": 2.2943996088192486,
        "accuracy": 0.1296,
        "epsilon": 0.8622805020275608,
        "trust_scores": {}
      },
      {
        "round": 6,
        "loss": 2.2918581855944553,
        "accuracy": 0.1347,
        "epsilon": 0.9090267938445136,
        "trust_scores": {}
      },
      {
        "round": 7,
        "loss": 2.2892607781833734,
        "accuracy": 0.1473,
        "epsilon": 0.9495942648265677,
        "trust_scores": {}
      },
      {
        "round": 8,
        "loss": 2.286850646661874,
        "accuracy": 0.1589,
        "epsilon": 0.9901617358086221,
        "trust_scores": {}
      }
    ]
  }
}