{
  "config": {
    "config_id": 6,
    "num_clients": 10,
    "num_rounds": 8,
    "num_byzantine": 2,
    "use_dp": true,
    "epsilon": 1.0,
    "delta": 1e-05,
    "use_fltrust": false,
    "use_topk": true,
    "topk_ratio": 0.1,
    "root_dataset_size": 1000,
    "rescale_to_ref_norm": false
  },
  "results": {
    "elapsed_seconds": 254.8142375946045,
    "noise_multiplier": 1.181640625,
    "confusion_matrix": [
      [
        896,
        24,
        0,
        29,
        0,
        0,
        0,
        1,
        0,
        30
      ],
      [
        0,
        1135,
        0,
        0,
        0,
        0,
        0,
        0,
        0,
        0
      ],
      [
        100,
        485,
        296,
        42,
        21,
        0,
        0,
        43,
        16,
        29
      ],
      [
        32,
        508,
        6,
        344,
        0,
        0,
        0,
        88,
        11,
        21
      ],
      [
        17,
        145,
        0,
        0,
        184,
        0,
        0,
        3,
        0,
        633
      ],
      [
        163,
        420,
        2,
        101,
        0,
        4,
        0,
        28,
        28,
        146
      ],
      [
        334,
        274,
        23,
        19,
        9,
        2,
        178,
        5,
        0,
        114
      ],
      [
        15,
        321,
        2,
        0,
        4,
        0,
        0,
        378,
        1,
        307
      ],
      [
        31,
        393,
        12,
        74,
        0,
        0,
        0,
        54,
        277,
        133
      ],
      [
        25,
        106,
        1,
        8,
        13,
        0,
        0,
        34,
        2,
        820
      ]
    ],
    "per_class_scores": {
      "0": {
        "precision": 0.5555,
        "recall": 0.9143,
        "f1": 0.6911
      },
      "1": {
        "precision": 0.2978,
        "recall": 1.0,
        "f1": 0.459
      },
      "2": {
        "precision": 0.8655,
        "recall": 0.2868,
        "f1": 0.4309
      },
      "3": {
        "precision": 0.5575,
        "recall": 0.3406,
        "f1": 0.4229
      },
      "4": {
        "precision": 0.7965,
        "recall": 0.1874,
        "f1": 0.3034
      },
      "5": {
        "precision": 0.6667,
        "recall": 0.0045,
        "f1": 0.0089
      },
      "6": {
        "precision": 1.0,
        "recall": 0.1858,
        "f1": 0.3134
      },
      "7": {
        "precision": 0.5962,
        "recall": 0.3677,
        "f1": 0.4549
      },
      "8": {
        "precision": 0.8269,
        "recall": 0.2844,
        "f1": 0.4232
      },
      "9": {
        "precision": 0.3672,
        "recall": 0.8127,
        "f1": 0.5059
      }
    },
    "per_round": [
      {
        "round": 1,
        "loss": 2.2912800167315304,
        "accuracy": 0.1767,
        "epsilon": 0.6592539156274559,
        "trust_scores": {}
      },
      {
        "round": 2,
        "loss": 2.276649092713865,
        "accuracy": 0.2992,
        "epsilon": 0.7100105622274823,
        "trust_scores": {}
      },
      {
        "round": 3,
        "loss": 2.2618408165038963,
        "accuracy": 0.3018,
        "epsilon": 0.7607672088275083,
        "trust_scores": {}
      },
      {
        "round": 4,
        "loss": 2.2458541324725165,
        "accuracy": 0.3337,
        "epsilon": 0.8115238554275346,
        "trust_scores": {}
      },
      {
        "round": 5,
        "loss": 2.228441060922397,
        "accuracy": 0.3498,
        "epsilon": 0.8622805020275608,
        "trust_scores": {}
      },
      {
        "round": 6,
        "loss": 2.2067681189162283,
        "accuracy": 0.3707,
        "epsilon": 0.9090267938445136,
        "trust_scores": {}
      },
      {
        "round": 7,
        "loss": 2.1816305893297776,
        "accuracy": 0.4204,
        "epsilon": 0.9495942648265677,
        "trust_scores": {}
      },
      {
        "round": 8,
        "loss": 2.152418546402416,
        "accuracy": 0.4512,
        "epsilon": 0.9901617358086221,
        "trust_scores": {}
      }
    ]
  }
}