{
  "config": {
    "config_id": 8,
    "num_clients": 10,
    "num_rounds": 8,
    "num_byzantine": 2,
    "use_dp": true,
    "epsilon": 5.0,
    "delta": 1e-05,
    "use_fltrust": true,
    "use_topk": true,
    "topk_ratio": 0.01,
    "root_dataset_size": 1000,
    "rescale_to_ref_norm": false
  },
  "results": {
    "elapsed_seconds": 258.84092926979065,
    "noise_multiplier": 0.6396484375,
    "confusion_matrix": [
      [
        3,
        908,
        0,
        3,
        0,
        0,
        0,
        12,
        0,
        54
      ],
      [
        0,
        1134,
        0,
        0,
        0,
        0,
        0,
        0,
        0,
        1
      ],
      [
        0,
        997,
        0,
        0,
        0,
        0,
        0,
        1,
        0,
        34
      ],
      [
        0,
        846,
        0,
        1,
        0,
        0,
        0,
        16,
        0,
        147
      ],
      [
        0,
        681,
        0,
        0,
        0,
        0,
        0,
        53,
        0,
        248
      ],
      [
        0,
        651,
        0,
        3,
        0,
        0,
        0,
        51,
        0,
        187
      ],
      [
        0,
        867,
        0,
        0,
        0,
        0,
        1,
        0,
        0,
        90
      ],
      [
        0,
        836,
        0,
        1,
        0,
        0,
        0,
        82,
        0,
        109
      ],
      [
        0,
        645,
        0,
        0,
        0,
        0,
        0,
        4,
        0,
        325
      ],
      [
        0,
        267,
        0,
        0,
        0,
        0,
        0,
        71,
        0,
        671
      ]
    ],
    "per_class_scores": {
      "0": {
        "precision": 1.0,
        "recall": 0.0031,
        "f1": 0.0061
      },
      "1": {
        "precision": 0.1448,
        "recall": 0.9991,
        "f1": 0.2529
      },
      "2": {
        "precision": 0.0,
        "recall": 0.0,
        "f1": 0.0
      },
      "3": {
        "precision": 0.125,
        "recall": 0.001,
        "f1": 0.002
      },
      "4": {
        "precision": 0.0,
        "recall": 0.0,
        "f1": 0.0
      },
      "5": {
        "precision": 0.0,
        "recall": 0.0,
        "f1": 0.0
      },
      "6": {
        "precision": 1.0,
        "recall": 0.001,
        "f1": 0.0021
      },
      "7": {
        "precision": 0.2828,
        "recall": 0.0798,
        "f1": 0.1244
      },
      "8": {
        "precision": 0.0,
        "recall": 0.0,
        "f1": 0.0
      },
      "9": {
        "precision": 0.3596,
        "recall": 0.665,
        "f1": 0.4668
      }
    },
    "per_round": [
      {
        "round": 1,
        "loss": 2.3007410928464163,
        "accuracy": 0.1182,
        "epsilon": 3.3163329313247574,
        "trust_scores": {
          "13492692314326677649": 0.0427,
          "17215323264437208187": 0.052,
          "6355031100552460417": 0.0469,
          "4583755106766065634": 0.0495,
          "12195396945497700755": 0.0413,
          "3084291463882863871": 0.0381,
          "1783923242948828530": 0.0518,
          "7326825222547215601": 0.0467,
          "10542758186721255659": 0.0473,
          "10388724899894875917": 0.0563
        }
      },
      {
        "round": 2,
        "loss": 2.2981362944593826,
        "accuracy": 0.1288,
        "epsilon": 3.67597295506474,
        "trust_scores": {
          "13492692314326677649": 0.0499,
          "17215323264437208187": 0.0516,
          "6355031100552460417": 0.0486,
          "4583755106766065634": 0.043,
          "12195396945497700755": 0.0458,
          "3084291463882863871": 0.0353,
          "1783923242948828530": 0.0377,
          "7326825222547215601": 0.0437,
          "10542758186721255659": 0.0518,
          "10388724899894875917": 0.0404
        }
      },
      {
        "round": 3,
        "loss": 2.295470975077571,
        "accuracy": 0.1432,
        "epsilon": 3.955957794737051,
        "trust_scores": {
          "13492692314326677649": 0.0546,
          "17215323264437208187": 0.0451,
          "6355031100552460417": 0.0407,
          "4583755106766065634": 0.0478,
          "12195396945497700755": 0.0366,
          "3084291463882863871": 0.0425,
          "1783923242948828530": 0.0328,
          "7326825222547215601": 0.0349,
          "10542758186721255659": 0.0441,
          "10388724899894875917": 0.0413
        }
      },
      {
        "round": 4,
        "loss": 2.2930147503130733,
        "accuracy": 0.1923,
        "epsilon": 4.201516339344577,
        "trust_scores": {
          "13492692314326677649": 0.0445,
          "17215323264437208187": 0.0399,
          "6355031100552460417": 0.0408,
          "4583755106766065634": 0.0414,
          "12195396945497700755": 0.0415,
          "3084291463882863871": 0.0377,
          "1783923242948828530": 0.0403,
          "7326825222547215601": 0.0272,
          "10542758186721255659": 0.0423,
          "10388724899894875917": 0.0468
        }
      },
      {
        "round": 5,
        "loss": 2.2903943640736344,
        "accuracy": 0.1996,
        "epsilon": 4.419497586725848,
        "trust_scores": {
          "13492692314326677649": 0.047,
          "17215323264437208187": 0.0397,
          "6355031100552460417": 0.0435,
          "4583755106766065634": 0.0582,
          "12195396945497700755": 0.0462,
          "3084291463882863871": 0.0365,
          "1783923242948828530": 0.0526,
          "7326825222547215601": 0.0351,
          "10542758186721255659": 0.0504,
          "10388724899894875917": 0.0496
        }
      },
      {
        "round": 6,
        "loss": 2.287743436642729,
        "accuracy": 0.1957,
        "epsilon": 4.622271726322694,
        "trust_scores": {
          "13492692314326677649": 0.0491,
          "17215323264437208187": 0.0392,
          "6355031100552460417": 0.0443,
          "4583755106766065634": 0.048,
          "12195396945497700755": 0.0481,
          "3084291463882863871": 0.0372,
          "1783923242948828530": 0.0393,
          "7326825222547215601": 0.042,
          "10542758186721255659": 0.0462,
          "10388724899894875917": 0.0503
        }
      },
      {
        "round": 7,
        "loss": 2.2851115918388003,
        "accuracy": 0.1937,
        "epsilon": 4.815250728895467,
        "trust_scores": {
          "13492692314326677649": 0.0367,
          "17215323264437208187": 0.0433,
          "6355031100552460417": 0.0458,
          "4583755106766065634": 0.052,
          "12195396945497700755": 0.0494,
          "3084291463882863871": 0.0333,
          "1783923242948828530": 0.0394,
          "7326825222547215601": 0.0361,
          "10542758186721255659": 0.0479,
          "10388724899894875917": 0.0519
        }
      },
      {
        "round": 8,
        "loss": 2.2824517758890464,
        "accuracy": 0.1892,
        "epsilon": 4.995908066782214,
        "trust_scores": {
          "13492692314326677649": 0.0462,
          "17215323264437208187": 0.0432,
          "6355031100552460417": 0.0501,
          "4583755106766065634": 0.0424,
          "12195396945497700755": 0.0487,
          "3084291463882863871": 0.0377,
          "1783923242948828530": 0.0451,
          "7326825222547215601": 0.0305,
          "10542758186721255659": 0.0437,
          "10388724899894875917": 0.0474
        }
      }
    ]
  }
}