{
  "config": {
    "config_id": 5,
    "num_clients": 3,
    "num_rounds": 3,
    "num_byzantine": 1,
    "use_dp": true,
    "epsilon": 1.0,
    "delta": 1e-05,
    "use_fltrust": true,
    "use_topk": false,
    "topk_ratio": 0.1,
    "root_dataset_size": 2000,
    "rescale_to_ref_norm": false
  },
  "results": {
    "elapsed_seconds": 207.37180948257446,
    "per_round": [
      {
        "round": 1,
        "loss": 2.1919800397306206,
        "accuracy": 0.2632,
        "epsilon": 0.9987630393147444
      },
      {
        "round": 2,
        "loss": 1.9441333731142476,
        "accuracy": 0.4702,
        "epsilon": 0.9987630393147444
      },
      {
        "round": 3,
        "loss": 1.5417002968894788,
        "accuracy": 0.5604,
        "epsilon": 0.9987630393147444
      }
    ]
  }
}